id,content,hash,ackpre,ack0,ack1,ack2,ack3,memory
3EB001AED0CA652F3CC3DB,"[Control Message]
Confirmation ACK sent.",e428afcb796b0cb949e464de4dca91bda15b700d0378e9b9d5f0cb2580cf8be5,,,1762460870341,,,724
3EB005FD265BAD031E46F1,nu7A DpRylQ P8LeuUYNHb7slcVIFtHLpCuPzKy FunMQlULkrTRLOsEO WhzW8GKGJ1d9eAeANMyHvKcHZ4rmtlCExsBvCHc4WkV N3pGsQV0r 1RVNAS1KjeHOsSGL vhGzlEtIK0jQYoNFhHhEksu9F7nBh9VoUJw64g3Fgfu Xzy4x1EvqTLWQc52lwZsUcyBQZH8KlvPW8FBJV6KzdePRozdlJXGEVMTe48wGjI7tlVnRaMk7vytgef06V2CqqMEOTnc3NNwRr9zFQmlj25bQkr 0rRslbgHcLqTVf14r0wXsgRNecLpsCovyIT1MXsnxHw9Y9ER9lC08V0xvyKTRv3JlwVubYaCESYtaAhrBv9NBWLoMJjiZcup9ybDXejmbT5fF3Y29DtXuNjdEKdm1PwPkdkGD0BR3FygFcfqfgFU1WbqZRfGakug1vKtxItChy1nB7p7aaNP4qSyr7SMpYA30yCTujoIXh803LFmMoVb42x7PQZuT RWB4N8PySDgU02O8DpMrHdIjN 0215IO J9qQd7ZQOADHDWQNvt3EcNbuwXTkRNeRXcdKB595oTexZJS9rZpQ5LCAot PFAAfZAPW8J1uuUQfwLXJ1RO8hKV7pj 6QL7KYIeTqlg T71vljzvJBuhDXQIb6SuekYnRCvNfnqkDA4e0OTvC95JPYm1q7dz1OiaVd3BnbukXfw5o7PJncXIdgZx9B2rqP81brKLXXVpbjhWyDU6lkUXeXqCVnOVzSm1Pnr5CwCCVMc1SjJWdvMDg4TsGysCh6GdguuAOPzQBr6kPLMnXs64stJp3KQnOSQXfZFGb7FLG37BzXd4VNI1MmQ1SgJkHXfmimDPvfsk3VPxMdDaT9jlV8Xm549bo8tboO2kC CR9nijfk2o0y3oHSvSOpBayAyqDX2wo6MtKMlYzJyvQo3kjWr5zozq3kOk jfCLqQIO1VOk7Fxx7aqw0KRu6OBlfm2CFL4ehAZd5cHZztG9nacGocG5CHRRQcDvgazys1XRB8luA5a2SRWuiisF6PL2hfGdUkPk1Otm5mkP1Sh7OcvfHHeyHxxsKfs8pQ99KWUwOqypM5flquqa40g3Lp35OUD Hjp3iv zJGH1m4lUYoofX2c3Y7Rp2gYisgZA3rKQtMa9TdutlKSFQDZA1vjqJQOSQh42Rm9ComdHW1jJhErAC5UhNtoHmvBk6zRofeITZ88fxgJDQcn2IIAvmnON7wny6IbjHuSWrBClXGHmzmF24R5Qb3HudLTGANkJ5103GOpz8UE7VAzptNXjjD329xVjP8Rp0e3kyTziwAK9v8kkmwaPDgK4UvRQOnqnynCQztYfv2a2tdQjenhZGwdH1btAkMMKVz98NyBgoHiRlvWpaXWiSbicKdkhhjaqKqQuSEGdHwjrTGhcuMOMvQamX4f3CO I2B8p3SUIWwBQTueNGFmFWKnnjiADGEGvxUNyxFHQnJwzVBD1jTFCG3P2Ldr 8u6dcwbHPbSC7pwauNRYgPRcthEMQ7nEtr1BFG4tc4kWbpmpOFpCgIyyOiexY2YbwIdoebd7U6atcOOd16Mh1RcVcyEXRrTEjQVK0Pmuc9pGJQdJ0QUs9s7EirMgt889rKcYd394bSVv61dNUv27opgKppt06F0t8HmSpnSW7FsxaK3pdiIpfwF48RDm1X8A69esIQrs0aHKPNuVYE9aLUP3U2fQHVshnn3K5cmwl2Zo7rrRk3KiaUY4oueEd3sHpwPmunlHQWjguJZZ2ZBWFmj CBEPBL0o3kyMJ9hQW 1nqPz1eUHNJur2YEdmzaWFoF7cz62jbc75BCL99ky3GF7 g1wnwye2IfmuEVljVju1EUaBwI4uA1kwZtHiALOvr4l k2gUrLidVeNwsYLE1niNcNrRKzEjzCdWjNj80bidBx9yjyGu3HWHQ10ampGnY8S74ndlgUCT9OaoziAZxe9DeyMxIrhIvX3zU65XN6BncMpyWevSCGPu1p8zpqR60q4HiV3T8C86fLrvLjLCQAqNuO w6F2UBz4h1ZbFXY7XaHQNIJz3JQYfUaZXbkN79EGyDex0eryvIp7uMTLiarumyz3UN12mPR5uaPffDkm7k3ac2n9usDx7D0UzWQiz422DA2fyDehWCWqtKJvIrLuBeSUO tl0Uw2y39F20Nw06BRMeB4UjykVf1DIIewJ8hi3pNJLhPpRcAC1Ysqis1UiJftwDc p3Y2Y5GhL2nQKF6ggOajpF775YlR7fJeLCPqioxeDHqaOEPrHbvNZypdxO2CfQ4Wh0yjHjA5JPpYB1Z ZQNCM39JUIXzp2U39Nswv0jRw8iKLdeAXpw6MOlwFt7r3TfulnAUVewveCDcY1drQiEp52Ua72c3YMBJ3h09XeD1l9fHz11lTHFsyCrnzyToTjjVKQIwhKyusnAPRHPLgLH7EmqMvTINHGrcQFen1J3Su9bSTvQCvUiEwTFkXmizv4mCUzPCB7AJc9URyO2mPracatuOCIjL5fkXzIrGHGb ertuAVPSTcx6d4sLx8BU VsO5wCp V jhwmrxC5tsqcbUEXXEKmFx9q4KFfs1ebozC FoyteXH4qohNqxSvJfWEt ADp0q6ubSo LRsEGapYX58BXpQIOLKlzFfAzu4tjBw0e3B E8iua8rdCkiDUpk29zMFn20MFZCmGLiu6Rkyxh3x67tyESf ZakdDRdODxHsGlI70uTbKdAvWC3Y2poyt1AsAPM51kdrm1kQAjbOWhqg30T4OZr5JS01CJKRBDHSgiB XkVzLxPH7WUXrOISIwLOHOS9bYHDfxUv5 MEzYp7dUABCRXfS0Q8c0fpkFvtGnIEpkXYgODxpxCqBNWDbpvICDrmt9iGtqbSXyAvMHfyxBpzZciAB9xDOdUGBAp3VOpOvrvg4hH2uRnLUy9cMSlAGuIm5qyM26GxLjLVULQy2QTGl jcW1gKKacSJ3X9jOcsrmK OZgHqQLApyLyXu7QgIBULBRK7mFwYIO8gw6sPu8XCP87tX84375nJTV1WAS i9waU3UYn5OQFmdfqM07 8PRm2olYXz8542mJM2gefxghpLsAkTzldqr0Uro80cuz1OpUginC616CaMnObFTWmZq2SlZhLUhhFyP8PcJcMwOOTLxTxyVxEGTxOiKMBBdcGUjhah7WGwjWoHCIRVudnxMynT3PrkwyrEb0eX3Lz5rmlWx3fuld9OdpJNE5fkjPDCoOrrFLP dULwRqad4nrBu1W279leSwD5wYm2LgfEWlgQH7FU6VRSzpi9gzXXpIrR32UJgNfqgFKXyQT JGvQk R24e3yiWoZsMGd7Q8NdbDTyT2jHDCDjMhAxvcXo94dTilC0TTWPkbEtttFp4SjsdcjIbY2URi 0ClmMc0rUVXdaLlEIDxbDtZimVlxNdiXSF9DS3owlgoL0xo3U1Id6qYR9NxBJ R2vPgZTn ixUci6qs4VsT5js3JuWfARbVa0cnH tHnF9tRR75Bj4npKFxk4i4y5pTQA80IWjiWE69rmiq8zQLyYFxUApizEhovyOfYFlyS1opuhWEUYwRfASgSGXcp3xYxD7E2uVJ0EmatQFusB5a3ZBkxKe4FIkACzY6mCErpbSdrxGjMdfNIRyI7EzrazdsZImNA0gv3dxmZmwqDnso9tpGvbjJmTWUTM56RHDMH41X R9TOE9pLcdx0lWQUdYMSmL821rishlc5Bp1lNCIf7dTQmefA26rNblQzO7nnrBKNBUIkIHLXnWKjSdAiwN5EkDBd1zmQi UU2VmD z26jz2J1GV4DGnDaKJpDBJkyXn3sXPvk4hBQH6haUJLv GUXcufWfGuuQVHFCkF9FkeBwpY8kjyeJcYWAbW arsbFwAgvoQ4 hx37PPJlbmfnKQhqCfuwh3FLV2BGy9BatQNeabMyqNHMiIGibAO1p1UPEliKhF15nIgurikD6nHVOrulE5K0BmvrHRGaSwQtKHSF30JMPGkV7HSpKSh72r4RukRfTcTHUhUtoiz5pXO 4l 4JwB3KtNkjyKGfnJY5tDCrCEdKJk5optCtvKfVm6LxHdBkaO,d4105e1ca4a27afcb4799a259ddfea4e9dcaf29bb1083e3d84fde02e67ea29fb,1762460858376,1762460858668,,,,19089
3EB008C3CE69DC51015FB1,BxxcuHH6mmrAD9atmPVchXaaQjL7APYoSOfc3HGZ1ZT5YJc6XmkqmyIZWTTOPjsW7sobvBw bLw485lnyiQPPrKpNPl173pEOCwCC0xdtc1TKiCo6VV85rFkbJnKNzniUnm1dMQ9igR5yUovhInDprryFPNdihiTDwKfxvGsgrwPS QLShnOGWOTHUH3bWP9gdTIcwSMo428GlzCrMGGcD 0S8FTq3g3Jnj7dH70fL2VtdAJctPR09uo m7GLZ1ztkbwYtCsmqQnlztd6BTSTQdfCTgCykTu0kX32AGFrxSGBecKvV6Scbdo5mUQLu9oQsbJFixdBJh3PQLNaUmPHMimRTZh2EkJNw7JOjzP wWGvFixh7FCFg1X35W5yRl5RibgCyBuF 30lQ5pHI91Cnaiw0C4f6q4z79hroNRuDbU kVdm35I6rTeIVenusn1pQgPGpnZXujZUq E3ZydkGrTia1hLCc5ugUq4MfqzUnAeMjWtYGW66zcMDU rt3auzFRdkN6f6p1uT7O19LW zLZQMpSRq1YvxgpBKz3dj 2ve1PYcRe0kbWPbSfbkgsz4VEf1qt4ENOexweUizXkSmqYqeo9ZBZK3LZIIZkW2werO3zfdUJTiHw5Qgwv3SFTlsXlHQunWEZfV1tzXMAMPl6tHaIfb1jEZcnTBJj7sGgvH8tiR94ABZy8aCywA5u8nsMnKkgdq9UmpuyKb16H9Ofyltr1FM19MLzxgCAfHiuabo5DAFkZiyNcxH2npnLSrYp0ZcfYbHrRlVYDqGY8iUNpHXYgB5mUuApU3XAUVo8bfh4Esd0H5jRRlcUMGSwlhkDjnZ5eVVhFgxXiVGZwT5uEJRlUhaVpeTKKOgFaByc1tIpzsDKb7ExMoO29SFWanWmnAayaPT7CGrQI1oJbD5WXVlLLxSK4CuqTfIXSfcCChOP514i26ux14bHrT HZhV4up6c9jov5EWWyVYi7p93fvQTKI9DrlOLBhAoCnsuNysrmOctmHwchTmxU4EogicFvcoPYVDIz3xEsT0GbfZzlrVDib4ojCRW5sZEBfzfz8iCw82XKdq5doXbKvsGntyq9zFeq4F86nX9MDMqdSXaVFCrU473LrnvqXyxTHu0VEJVb7MNLW3Vu21ngiNTxowL6pN52ADmBVWSXn56ox117eQgFIglccjvm3ckDyFDxvJC1eO3QMAIy65mINas1B Dk6GfOvt LfYH1nfeENkNETyn1jlyHByDt keT jWsAX5JD4g1NyVQYZKGxcPRiE6KgpS5WeA4 sWWNewysHukpv NJuN6LDtdOPoVG0YccG2lMxvleSXD0DDKZRczoEgE9S5Rj6ewuO4sFVG 5xTmYK3X2Oul2B3l3KUtRSJxkp5YxVIqz6hAlEHohX0wlJURaEGxmtt2rmoB2fXwQBhjm0w85N HFu8UO6HCzQoLERof6hxzW8zPebOLNJuTxE9mza3evPVryLtThD1xEAUGf0lFuVZY0Kl9T9bJlBNpttinHYDy3oLFi3c KNMPewRIryR9Bo7q0LP7zWpuKTjDM W1A5QHKKb9A2xqscV23XsGj4Ss4PmoTVANKWNzQyyLFNMBy4BoWbPaxaScP0JBuMXg5 fxrW03DebXZxIAE9SdGPpsTNC zNaOzEAE qDYAh6tpoMDudQmeLiSXKJpRpcHpQxBwHqXgyObkcmOgjuNcSMCrEE6CJFKWxir0bx1ecFH Zdxmhnz6NG6Qr2ghnbjCGRFQdaGDa0NQPCk8ojLJlXZaS0SSnPBD Q2G7YEHeXyatAEjRV5C83RZL9ZWLb8nMo0WdwC1OG6bNYgPxnfBzBCbGRIQLetosJMljA5o6TUmMeqDHScpueR30qkWLGTsnyXav3MJY9T1RNUS3wAd2SKRdR7ln0yuAWuewdE74ZMFRDG6XUCZfJtuOLJkXA0s7jwso43YLpCCBAqHffveb75Mz7E2EAlNNKL4fwrhUGVOl6a1D16D7fHQKfGBX08b7OMPQIWTL7gOTb3AohNvUo3LkPhl60nw8EWOK9Fja0WHXnN82gD3PUBYUfCUhmigmLp169w3h4zEHPnKXbhh4pLCPXl6OO1jedeUcmYtIiKHb9tc1h70XrStHVomI8TUmZdXOggpl1qeLjCw4tjB1oYArATFLd4wDdiyl1FsfGBEnYm4RK rDdLfJrpYtgR3RUSi1sgao6yBM4WNXg0cFKyy0J2tMcW06j3hyL5OWlCUbYpVmNDoFwUyqfy WktlNIS8R83zpTAGor77EbrSsKuuaVzt0IvO AeWPkha29GzQKzp4eCOz7UCmcM0Q lEg1WLi F4FJVaf6XcOTLLJitsAuK9YnShc2T1x8BgJNt9Ay2LTPCggzhbpwlKRu2ijpJsUylNoEtB8uTIvRDHpDd55sUO68Zp0EvUu3dZPKw3Aw22uHHF R2z9V7ojVAvAMpQVAsKtLTcBDQnCXQjZ2kgjxaxCf2JFcIOCfjPfVb cG6xerVvOMnSRO9PS Pjx1hj4uwEtSdMBZCa2oA0V251mhpyAefa7dLi1wkjbtZFNcmupdDJY8xuJ3bgfcJOtC2xuSeAmqTELJErBhS8P6R1zUkECdvIJJam9k69196m6ucNyW5isN3Mu6QstdUJy7su3GpqffA7hbSIaqbGMoqN2QuI9bhTOqQirZJtIu0tdLAUGAyfiq3kumWJjUc7iOtAlaXi9vNrF8stET4k97p7i1vwuXOOdzGiykFsm23eOBsr6Wl2yFj0HE3gkTB4MzEPqsE6EsGqsH79xvqfxzWBBysaAadKPqNDGZwXVPg1E0h1viAt4MN9yIHT2dL8hSHbLUIX3i1MnOzLdqivwcXNIgVthl4yATfCfmLA9LJ4UkaXX mCNd5XfSSkk9BSTKoXJhhXzIpB6xnn3ejWTVJHx4MwtAOzdtpBH3waMzaq7N nkzbKk1kGTXxtrDDqGCkT5cAloveS1dzehpFsmrCQy2HwpSqYwuLT7PIuU95z43c26G5P3vuH8rcxYtPY0BXQbVbyTMhFRHqLxwAkM10G2BWfWxCEvb0bK1SRH568w 4v1XAw0x pM5XoxUmnGXaq1mZkSS6K2oOYkUeouLxpqLI2AZJZbHfnsnBEox4OH7tFGgQp6w72PNtfiel4gFahWj8A5jPqFSamxQBf4oMijx7qZHRZNiZfbZQWi4iYIgXBlaB9kzS8diLwQRlsMnsp6yBMxg iCOq6m5jbWaoSXJMmwcHZGlwBQocFLQrlQdEABu jZiMPoJUvv8ncgqmMqbeNZFDuviI8eQ8nh3q4fe1aO0ApSZLU8WrQUb5yGoMgACWpxRTMDn99R1PMbgGOMkd3NndBzdklRrSlZMEjysFIOIC6WEhoMfgUcmI9Z2QU6IYIlfhVlSNY2lD6L7CWhhQFpV2EMA3eHUmLRBOpqhAN8AkqW5mWPjr5ob9sNIxucfcv4aIBkGhbzELudfnNQqRxtfcRNihD7m9Skcnef2IeDz6QpOSN 9viU7uBVF66NKKFBvO6LvGEYR48ImzSuXK5eUeb8jbAwMtP0FE0LjztTnsprA3WY6F2Luys txjHm9KvTOO6HI hHOhZT4 JJLTN6AQB9v35lNVkZjrdQo79aszpEHhRJjV0n7snGJqCokNKkoCmEwzyAqDMQnokU3VjwTohvP5RlPBwNHk2HN1accLEiFPEn9exhdJWX22R7x61dxRX0MfQoP0imqn7ZyqOBLwzHzhC36njI9yV9mhPBUZAJ7OQDTVx9l4kQtilxg KC1B4sLk06eYjk5BdsV8Lg 6xX9qc329pcGD0H8 nluFFs 0yTignXzl6JvgnfTzw9KzesXhjmh77Maw1jPneLrmeHCzA6im8Dj8b3qTG9XGqnMTrg01x3Z r4HZXFKhiH9yqpymGqglUCcONmRBaBJ9u15nCYNIIT7gylXcDVCMFexdN2egPvdjXg LWXo6hTLhfdHqlV0QlbO9hBvbOKS8CMKM9YlAfnVfhjbejF7ZqlBhQWLDYlalC5mHpRywHZmOVtNE 1jneI9bELvDOwpO6a8NNxwTngCzpXOrhe4aID,df9722c905a690c3a1132d35247c165b32a5dcb577b7a8d8571e9853a71dc256,1762460908374,1762460908456,,,,19105
3EB01CAABA0B509DAA32F5,"[Control Message]
Confirmation ACK sent.",638fc4db25da883c123aca19ad637f4db0978fb273f35ae256812efc7b9ba982,,,1762460960112,,,740
3EB01EC920FDC942C7D0A4,CqRQ5fDqN0oxVdn4xv02EkZZ Xq9bzY8IyMX53jXsIwfzXuR3hDUgH8fa9zvIokSJhvtOPheXc10Gci6Yty9kLfaeVuw9M01r0QrgKGXAfNperzrkXl7JNsOc2ckFNCx5S7CH657Jyl3 AkEpE3tgaeU8g7IqNmqHeH8l38Mj5DwnuBjGwOqdW4Z98wkCIbgjXNxG5PhlP6DCvA2XD7ruAPmoC FpTDc5RPsQiXbiDU4zRV7YC iyjZ2Yjt7X1187vdyr0De75irYbDkGb7tOjO8rTvl8cgvG8ElJuznmMcSuUjvRpMBl  S2TKiLNjbwJ8i3AqbVDv95wZMGd4Bn1shdzx9TTgrTmnLBs8zLpBEyZfLykQE155hlwEwjDX0wEQrEWVvXnv 0PBZDYBEXbZjccQNCGS05aXh1iekmCoXlKuBCut53GOWjNaJiY9kQyCAaNGm FR3j4zEReA16e3IQfumNgREoUuv2uRJUS2aVxXvzrP41x8VMd5VPLnx2Yyms8 6PfWOQlbJmN5cSMyn2hgxvnIb4ALppgYAxIGyEJdrfFdOJ1GgHCuWy2HbSLl4QFxbDvKIpChLWpV53wGDAbDzVPOkcWVcs74Bfc034hGRq3Mzv2jENjbtL2yMgoqnkvWAKxfbQG0JA1 L9J1kEA3wT5nRWWuImHofXfrixLm7Vx4pydDHttKLVS6rWSIbm9rW0wvtCxB2UXzMjLNy5aimwbpyCUsRDsQwgJjeNeetu3qWHIM0uZBOB24V2MCI8uGTcXJycryg5Xs65BkkIIFGvK Ld9zAP1E7J5lpvQK0wiu1a7PCnQsvj6wvUWhxCA0jgpWnz76LQThKT5HZDMI3wzCVdIZMJkNpE8s43QEHinlDAFyspFf7HqzbnOR4FGJxZg88WTFfk137mAysA2j0a03 Cb0HTjusvaCIVQ6TGSv21Nh22bHKeOpbFm18GLPJIhzrQOU2705GhqFODZC0MsmqCTFTHHqzL5ScM4Zk6j1mmjVwmZF1teipauPkiGINrt2HHrR7grNumQxY2ibxlSakG0a34galVKTbN fBKubiNkOxxm17hI51RZCetqlM6N7unWj7qKA5VX1cgDpDYgfneK3ZJuXOzDpBMTZIGr01IpVU6k8kC9vRXxpxsuHxcTk0SqJiGVXc1G4t2lqzbegWljX68ao1YY5YnjuhLELtoiE7jZSCgCob86dTtYu4ZyvCYG57DyR3ZDpY8YkFrltmR1qS7mDU96mA407IQjob29sCnJuD0OEzSK4pw2dX2bKNGmpSWqYpe3wx2fcMNXcNO7EivvVdH4vIZ8n5ZSKExlWZoPZ8avZPhVpfYahE6ED7BlPvjRcuOkKlKI50egCqZ9nNTvGc17I2WOn8D7L XyUbfZZ1sc4dJ5ctzovRRp BUfHlGrI2dwlZCOL2jGpu86zIpqZj1TfCKOeaNiCMeTlqkFxxPNw12zzYvRW7EMTIEW1vcvplIxbexdv DqM2qHhXoL aJJLIqmvy2xXFXGpmDPx6qcwvYQBNlScsuyiD7HNY1UKHa5K0s 5NzqMQ6j6wY6a7cBDWvVuALZ0WL4 zLe7b1Lp XBoyyVMvtVUxjpnz40k8n5BXK YXwwqR7v1QXZKe3asiYBUFRlLlbZ oKFkpzKvUf0Eef33YDzlNx41RTr6h2L8EQYvLhjopqkKo5QNRWMCgxwrkJDyFxvMf0YSp41HFE9qA8Jt9K8imAAOVwT zYPmXETAEYqqtDKhrh 1byxpIOqrdm5G3W1Vr2aijTSaSaYY4Qj9bZ5fkftJIj32hPYYciRaMuzFxV7favbGc00TednTYidTpe9 uktARGLYJeXLBCVxCdU5ECfrafpf hBTrf7QtDBVnkcuw8hLxGxUJd1NDTwx6ZPH7owFrtF9SwYDzQIkEROLUVo8GAreLYrzpkHjcnyPLWi WwwM y8U65ptvhKJPtz67IXVJ9gpoozzyvQtVT22pbXgN2D0DimKoFEVRVbX31rWDzS x0EihGFygvEiW7eI13bn2w6vqjgegUSL60hnlSu1055vsjr3G4kzSg9oobNV9DucDLk7RwtvaaaVyXYjofuz5BAot7dvM8Z Pu0lX7PtWnflDXz34ETAJQ 6a Cpxi1 uMAvfGwssumMFD0GJvnyUuWZ61hewPRBPnVjA CE8sdnTqSQ86v08GZen3ID Hk9XQA52eiZjc5aDuYyj4QxyvZqZv3f9aNAwiFaBXgqISSJxbr4qUx0tZqqVqdXLg9eXgZOULMSvVnfMaOIM3F8QjekVWrMgqL4NMaQqkq5XZFVe874BM67u7tpiS1lFUYanGE85ppIrZXRO8GDlzj4NlDIdpRkKg1LYO5tzNC8zYYVrgNQ7NfXzMEiO1vPFMwWDwnlli0VCgyvStWzf34YeKxMtzZk25sm8jawqTySMLpDrWHAEnAQwJAnfpUsSYsuRFWi6STPfQ4MO34V4LgYqJSfZByoTsbcDnu465zzLIKgMrugeebu7jl0m3W9gLa4USQN5CK4Kmj4tQUTX3nsofou4bu2JkNqOBmszqza 14j2qkxtTju2yHXMW2AXClzkcNEeGKFCTWxXhUxUcf2 4Z3L76uOA0XJWthZgl aFOrKISgkAWjaWv07 rFJWOnxzDfdC1PJ2UjRZJa65k9tIzwT64xlXShbVgRMxULDtQckPhh41qJzx Y0OiEStiry4k2fW75UQA2RFBZpAhiJWqzw9dC6PaLqCgSUj nBD6HeM3HEUyfnf8thMKeBIMaWAfB28fYCYCsRGZVx0TwqKgyzrJAjo3o6xVdLLCmiAiH8oxzQrcYaegdpGQocVBJTx0YaFdZmocfVCbNwjXbqTDYs6fVXdyNfg7DS820 azjclI4Ykt3KG wrAGKu1DtCb8LkkoYJcOUDMLI3OsNLNPl1lJKyEcKoaylQQmB8WFo9qNhQ3pYIWPPTY Dq02XFKzqhit7VISgx52z5jjsI4N2wUSU7RfiuNNTRy9BKexS2CNNIZAQFggFfkolTxsUuXs VDOSu1y68qcppg8bJ4hzRel3jdIQDO oG0L57AqdjvXsILJ28SU8tPC2o0ehWgZtQoAmSDpBhyu aTklA5XDu81E3jzNfJlfgXsaEttxd1nBAIZfKmKUwUpLAL1QLpHIhdR4Ep64U1jbUYbp3kgF41xhT8YN2RUPhn7UR8NUcFPm5iHizfxS6WdeK540u3tmzZoIfWkvnSLSiATrSclbA5MgC  HMKX HCzunRmBV TzOzYT0LLO5K6uPI5pcQSp30Wyaz7576xUejCOCmnFgv6VRo6rpILqpuJg9n6n1p2HGaZigOtpQ0yIWNd0drKJxo30foGi2PJ8JFySy0aCMzSPPtiAq4fZ0M8kIvvEOpyTVUNtwRzbnDgokGBzgpZfaIBo425clKo5UemxywsnAh3Ptxpk4vWIow2sXC5D0XUbV4ehlwOgrATqEQsPM5nxnCtEFUThf0EAtCqpZyTTn7pxnEgyExMhqT rCVRZK3bdXdZR2tjGwNzmPikezFu4Pt4wyTswEg4Ovx3ptVr5K Hjt4beKrbpckgueu qdhC0NytND77nbMJH3T4rHR4vSNXMac7ICQq8 fcppDNLAUlSG2MsWh3PtgWzhAzQzQQ63xQ0oTk6ByCjtCHAHheFtXtTq9LVrMjbUaxQK1yPYjKgYGHoaVstVZnHKD3EjfDtIs83EtyJhi9QF9PUnaVzEWHgvetSijgxmFTNuFTXUdKeuVGn1wmC1RwbON46Lr1zAn6GXdAFoG85J9qh2fIJeOfG5WUxaov99BVcum03bQuDquevQ9MJwkxjJmPPTxp6w8K5wruyiukr6GPUcOsgNyHAXLCK0aiHPtu4yZ6TK6FReQkbMkBP8PBcCswQskJAofoseqW4a7AVpfAeFPORQbzLfh3zi3qj6RDAvon57qlGstWmrSbY3FZmqJeiaCpy1RLB6TJKDPnTXI5VMLpENYMd328H5nY8KM EzfLbbon1FgODq5Z913L8GDLWDcCpo2Joxjo vcvzqBo1dTpuU21iRZvOZdDkvSvCaV3Ni,5f3f0e591ea411c73ba3acc7a64d96af882e05d3dfac5f18a37547733a19c2ee,1762460998370,1762460998450,,,1762461009476,19089
3EB01FDAD6C6B7675BCD7E,"[Control Message]
Confirmation ACK sent.",83b565e94417b10fd714123a3414e8cab82a3ed4e002e0bf3a3e5de1d2906ec6,,,1762461090266,,,724
3EB027D49FE78F94683D81,"[Control Message]
Confirmation ACK sent.",bd24d82d686fdc9447f405721c3086ec9c615c0fc3d79a8f724b0345f87242b9,,,1762461080501,,,724
3EB02AAB56E532313161FB,3BLQC6ScTMWitaAE0wJINIPTVALcmvMurUezvm 0VG16W1JVMCgSK0wQfhYnHJO7PTxU6Qm3CaRwhHiIPIeLCMx5uJKix2sV2FB6w6O9sqdR9Ia5thFs4SYCn8OyDVsPDNse8BrGCP41ZL2BUB9IKB3SXo2SB11JKUUTW7z73EpKMy2RGzERIKsjPJHwzhS4SSLm8iQ2zypHz2qfl64FcJt4UaV9MQLIypHWBpkdmJ9S6XX2JooLAQF7MsE8MOCNoa92bctuUBtzy 7M4LHGG1TiZtewAQ aKTv5gSns2hKuBuUY3R2Vv4qSqzhubHd5o5JcgrmQLgV0sf05SEpfp8UUV610YCHmkX1tyNKwoI6oe5xC2a7TowqIS32H3hx8fu65VC0oWp6GSR5C4NGBu7zWgLz4TRRqbTiEmYbdmP JM95GG4scYCZY4DYFNgai I4Cx9DY2zfVM7aYBN3iYbXREDwpjdgLdyehRgOrR1b0ezg7A1g5AE6NCw7sT1waElq9Bk ffwgs7yM3Whonhp77TBrGrKVRIkRH9SKJ5sUiLYVBbjZ7epxFTdE2Rvlq2W8x1EzNdTD0WDNrAqeB1F5jsH5pM8IDx2RJIZ5SCdeyM3ocGnIVexbwrqzIRTI5vJ2 iI2FU5RFgVT4mkh94Fh62PJpcEJ2dYie3LZj0Teq0pXTrwdANzMMpbikAGFLKjmVURytnkbLWYdgnX2h1Hz9D1SwSddbTI7N9JsoDFtkjLXLpD2kpLh PMjctGTk78NT30RYEuIyR3f0CMBDngnO86Rc7jy9Y1l9517SZ2YH0YyDj8Y N aSevsHZAzLepFDhpcWYK8tF4trKTxXp8xZ8ZE6HemuH7cgV2A7LJeTSfzZimzs08bna7H4o4oI1AYrSYdGc31J3ZW6uZcgy6Gc7tWOPqeEwoIQ3B3Edsyf48xj1EQY5ztHG LNkWtSVXqeYae4uUKnzhZFfi5FDhjZfwdea4vuDnHU64E9XZ9PNs2oADwBIVLzAMv9kw9cRptuduSlqltBwu9WiawkKlBwROV8EEGNPOn3llHna1TZXmU4THg4hgdN8nsijgZko7Rr3A9oJT08PzTpVQqGQ3Qq3a2o9WN p2VE67aroBhVLH3QCXXOeFJjv PjlOEmcADkAr HeZJPmHGWh7GLP8ssEWI24TIp1fDt74aXMkkzTPrU2FskqTk7pyzhkFiIFG8g9QxpVjxuLtrLU2tR3YPOf3pfqJEYp ilLviozwLdE77xj6asydGD2qtWqFM0Lh9N8x3 Rd9lN8cjiIlkenxpWQ3TTicRlUlTGqMvCa5ZwHsRKKI82xL9SQ6s48WkQGNaMZg4Mr84VgaMFlY18hLk5vZ977PB8WxAgogl8dp88TGe93segJI27YLF8CBaAk95rCR8rkYUVtH0AeP5P6ZwVkaC21H4IgTskcRwLIZuAzsvXQujJ51erdfKyJvubjQjuRy0YEXKNc6vafFNbjBSPijBdeqNzDGN3mkzAnH3yl2iXnkvYsFsbz90S3xKhyKBI2GvvYrHD Jfpi26FEysetEP764Mgp nW W4Q4UlaqlJ ihLUbTloTaCqKZZLOH8ckGNQtOL8V oNeN2avFZCwDtEnorHLSgIwvsJmezzrS6zZXUYUkW9c4hytHY0bm91v2p37NMvUvP1g iEsHJhPDwZhlF zAu1XABWrkUag7w41hjCfsJD9emGEUwArVOGmLyt9OeOfpG5z8LmH2gJcAoma3KoG3TUzd8EEV9tZO6ntRk6HZMjoX454ioezM6NmcStfthlzWYDp5 yYsDDF4hVFXg8dG9rYC8vqzVb5exGh1UBBnJvY1itrSGbsMs6zj7VEgFTzkBh37gFU94HdotH sBAtj8wH7S4lYrKgeclh5 QQm8pxcE99ApmB9V2QaShEtxt8xItvEVMl2lTfQfQEbE8sAWhcWrPMxf7gn9d9VQLetMXd7Pvq3wIEKTB6uYP7B570N9ZF9DJ0dGrDlwfn2LAvKEhcPl1SMvqpLRiwiNgoh41zY5YFej8KXnpW4lMRF6VnBkUw7SXzYEMO954 U40Q3nU8YS9d524ODV5vD2uEFbxbJbdJUIkjWhQswYQrWy31LhPaOLboaUz8TVqCSxHWb5dW16juDu5GfMb0CFe0D3Vu3P IuV0J4Y xxeSduw5mM8IzEHkX7zpmoB8ob3PIdfG8kkQA1h0R7OW62fRxBrQXG2CYDpLG9nJaVwsGtUdvJCd BOjRN7X8m7owkXwXTfEVYMME1bBbHy 2LSlyXVdEaUbZWIaFZlcm7sscem Mz8bKoy8iDSw72C0AtaEppaN6yXGSjQTzw 8TUj56tWNHLnOPLLgLW3dBzot187sjBzOgCcJiOcGYklLX85PbSwFR2gsWGuYz5XCYVPCl5fag2NksbAQLTGZ1ZAN1MnQcXFZbMxKYT1Z3YpHrSsp1BR5Ti1otQnXz6gcIba8IkyUmZ3uT1aVQLJWOyrml59u0iEkqsdzsgWia7OJsynPMz0ujpY2ReYJjFLw46 y7jCkeslTLV9A5ipNv6WEaTfdy3wrK9BlXxChNeJDg8UlzJOUbpnxqQNqQXKq8DIHVYTuAEFYUQEiFKZs1p9fwVbxVNB5BLjPpCAfvMaCtJwkGmFcK78zakFQYslrPcc0aeKj7DFcoDPL4A83vfn74NZCII0jC7Jxvtwdbt7TqqEBjdUML3QKiW7IiMAcWO18ctzOo6Yn0q4w5LSBudvqEf 1qri5OdOokvSJvvHBbxmUocjnIMrIB5x0 4oqB7goY8kIiE7JhEv4hsqNBraoksNDFU6yrYmTNSTzp0SyJnOPgsHDuM67pR18EzRNyZHmZ6UQk4 RMJNQ7jWFnDKSBzhbQolBOCXUVw09Ul5feIiGhLsGszA2E7VSCG63EKrJN1VASNZngxiGUFJzrpOshx7CeWj8LtNtR9MvWFaYdPfylmUG7gP18JsH3 bs8K35Sn0hPrF3i1gyYeXfH6apaORbaVqnAvz17iyJSlJJhp39CPQhnT7vYzKHYpKF2vhR2c8fUfZIxe9JbWRuvMjuomzK10Jd OyZ8QWTuOtZvjElFo0VAIfZLeGo69pEYdJgN8cBO9UvyQATnDH jMGqrGoC3LrXJFR2c0QEmKs7nW5PyTFhg 8ZNB1gM3 ojySJ3xzMvtjRqn7WYJk3yfOM6L0W1Wee8Dv82yJU2mI9AEtCGNT0USa8hXV75PgGMbe3xJlALEH7hzLPrpvHC4FcyLvEDeOAigAv8x0CqBcJH3 mtMy0ij18z DfPtC qA9N9eW3hHom31L8eS1SGGiIlHUlXRbPyZqctvT6Ot387oWkkSwuj hNpnzYhbWdz5gEdld7xutx2rLlqRZ0FdooRVWqXjfVyV6y0FCQqyKEPlWOAKqk NBz8xn20Cw5dVGASdfvNu2m9L17A5rStTBKxDDh1BOgfUwgQ5Do01REopZXV8QObEJM728llujPCU VA166Oi1Ud96Z8vek3V3eNErCmQfDhxXa3EvBvgiUhJjJn96AayUpCuLrJDjTBrg90FbVAWu1Z6fq 2JN4gGNU8HusP0csUpV 7FXJN7mICNZOxutQVnJwOTm6QqjPBAzHidMUvylYDVSN0EvcKS78NBM0W4orl06DOaugzdqHDbTn1fQHa4E7b 3lWxzsw9VosGQOh2zr8Z45BIgMH3xWD7eT ynC HQPwSXPKRlNd11lRHK5tJPEILn8MavqXYQfeBgaxVsXZJN7Rs7qzJFUY4qatNEAeHUBdVkNSKSbMfq9Dj1fX2yau4PT4LOEv3IZjG2 MrQJn5Ewx jDqVGnD7WwY5uKh9DrtybgNcy8ycEO3Qv2rGB1Um3ZBYqHAETHcY4pSAtKTnrXFYq7oUPZ ItBf7MJFYqGxHUEG9GAOu3mGKH8psk9EpOAsUWd8MfHadmxJ4z esRM1CNBGZDRqI3XugbF4XGHLLB4Uz4ErnrGEEFLbanLhsQ8mblAKPg 9nn9rfmV6uMwY9NMLEegc9jaDFx1TM84EBD1y28SXuzFlBybT4KnBY5ywxY4cfYT8xsr vZmzt,bd24d82d686fdc9447f405721c3086ec9c615c0fc3d79a8f724b0345f87242b9,1762461078370,1762461078450,,,,19121
3EB02C41AA8C6AB5A790DB,gxYE0l0kSqahMLuVZsr1ZPlDBYtNREEw8Akrb4oCSNnLURvA17iuOF7ZGliIuKJ1JJCk3BPX2cRKcCg6xpYfIaLCT26zimvMqReEkExzTPePMVmwEsf8cmTzKMN64xXnQiUnT3OAhIKbGI4f998rFT0d3ldKmXFz7PUuwwV 0F0INMMhmqV2kKjSXhZGGe4Gg7WZOUyQ6QosDYrTMoxdewwFNRoOZKkdzAjHPv69PsKUFr3GZzWGZr QCulVIgvGUMFR15cBOzbCDha wvBuhKvIA3Dx2Zzuxljudg8J TeR6xZp75GDPITcB9eZ kJNG5 JnUsr2kKpOWwBErOthOEoNkc1pLmzFLad3RokQftMCM163UFHHwGltOUJ4BMEfEtKaAmf7kjchrdG0M7RH8cjmlPtdp5p3Y551p kdGBe46o7iQUVQmYLC1qas51N13Il5WcuirIunUtRbx1US eYM8pue2sEdkg6RFuuDcilBfXZ5vWqQGu3RuxuxDbu7Y6aAlwhoCWgNTgucVDbP1JRXRFLuA78eS9TKPuACilotUuEx1P5XRQicUsUzbaq5HTQ529xEPEW9PzaTdmB1pn8yl1AgP8Ojn73v3TtyeBWHHmdpcI3yJQD7UCbZMJHmSTqP2TWQqMtfFDGl 4DhJtaKBFRMWFB93Kd4CCJ0EkQXdiOUZEamhSrEZWMagKyRRvt9Uzbt1WDi1IoWlUoKeC4cxqZUSK TCdFf7Ig336qVEg9mIOP s5OGLFlq8mjjJq8CKCuOK1w5iUTvI7BnwbWPBD27d1 coqHGSXXmrqG9gSUfLpZ4Fe7GA8wEHmUOkhrNMdLwoYOfpwGs8uTCgG3aC8MSio1FA8fiVQ EAe5dL7 L5CRp4U9zZBfN262gKio82P0QXEek34XyMQ9ie7Byruf7Bb7xLqlX7lzOivUnC5bZkusD6hSXz wW6Px0sel40DO7EBe5EZvFbMOxkKRVy QvhkulKwKjG6jhzriE80jlEEIKWjFxeTmZIG5UjfUV8E 06Zb6KHSWmY4CYcusmqm5GWwgN80XklRyD8qtzpwiqfjetmEqlhySc5AxhhoyAAfgreOQj eMDy8gJfGoyzVOCQNE5lXRf CXnkqoGyOSacY8q9CCycPEnKXrBiRQBOVrZ8pc Z0yd58Wka2vj5XBMeQTcETbaACe 4AhPQl1eMyhzIsuKgsaVmGn3IXKSwGCQxxMYUKM1LT1xgUW2YoAD9KXZQlAZw8VEs0v2SXnejSvuxXhZtrjgi6U0u8CRnuifA4DZTrCzHia7RGifWlxvdXpo1BKYTQ7kJKnnoTIWABVPOWVdYAdsOXdLSUwZFJO19V9KhG7ZyvtMkfYmgOZ0SM47vIUr9JT3H9edw5eENrCVOFP3SnnDFsx N2NPCEUXnOHnN8W28vH4WyfZdKx24N3P93651p6yxh1WZEnQx7jBJPCVLhyRBQlluyBkNMTtOaqJI6R4qS7qFsLZazppKxnU0fu6T5T4xmjHC8aXheHCgmCP tQjx3Ij0XDyK vNQHT4tq0FMWt7AQQaB1RQ3mUr6UrpkTfN6gmRVxNP37bgpoKKvvFjgqJoPpkOgfq0EsKK2mtJv iHQcRKEJCYikaxbVOvrM8NidqxbbWNrkBPQin6DhDotHoFFPGvhahWmfsJKxIOW0N5ufc57NIsT0deEDfmJ4coF9dk6kNVxlkR0LVMwMye9e8s X k3susbCzg06wHD1a FnH8DCrjoRB23YUOPjAOKkeOQiA5qOIMr92oPPDdiML0Ho2gWiDKTiHH7YKabp9gXRnCDQiMQ0TJTSiSOUejQ8vnRDsmuSVvvQbliIr2IEKA 5eRZw0RUyWYk kwGnRDrk4PvRh2AuPZhjcZZvvhmJwEBiWRaFOHNPNgRriHMZX9NeO9PDMLkus10b6DLb8uknERlw 2TlwWWEqhAwAicEp7Tg54smqnGBYk1Lh6JwPtg8ipGBMzqk8tB6T mvPuztM9jetJbnMzDOllCISGoUyvRJEIFkp8pdN08D5c50mQbD xkmbZ4QeqEf1 Rall8jEEU52E0pt4wW467ZMXzluhGlhfOhIT1nRjd9qshpNEQL1wPjmcVVK7zfgp8VdueoQN8tSIQa3yZzD9oEXxrQvRtLvKORmtmEhfh7hGn9hTDoJHmzFIqZtCftVWF7rJbgs2tHw2ymilbMnkfmHoe 3Uq QVTZZuKG2rG5Fgvi6xnS2cCj76uhEzTCzwYNC6gOzH9GXIxan2nBti6B64WiB5mP7lOO8qdUQKXcx hjjuM4Lcefb3pID5hfAICPXQJavPxYF3uDkJSVg9JBDRdnT2mP64YEwCcNf3tQY9CleN5FFYDCjImWlgslCjCmzlfkVuLevUCzjwMdyM3HWmO3e3PF3sQhU7SFe2j7TcZjiic616P1RvsWNkEEJQYUIpRcUeVTHXsQrUymsQheTJ3yI3Kn5ke7mnzdNEgtTRx9t1fhWfxuRgJNcco7DXz8sGlwMwdoAQQ6QY8PqBjpHyLhqdSN76RDbYE goHngy5lZ9TsBWSbhfFQARabeYAX6Ru4CNEv8bTfuNABLNr5IvKHJvgcOs9JIw0iit3NyygASeFX9brC3U2ztiVYgXAHC6LLF4k2pfeNpmbNa5Oez5l7pj6CVGdfsL3YjpH6zse9aoJBST00ZJT24ccF5WCcykO9zjhLkeGNEk GxF0Tkh2 eAPov0I9QEBcNJW 8UHgG1AijPaBhDTGNhyIowDVyAc OSmPuRL2om55YrkoEmL2v1FxcMKMGlkj56IgACCEyBElT07GrkY7q2Xz0RfThCYQpRIr3CQeW6eNonshqaabpRpDkjnNEuJ16lB04bbCHok9 eUI2TJ5dmvKfzUrnRNZnaFZodIMdcjCKGhXTaXl4fz2IRlhTkghKn9SQcDpTBsKwsmHO7prdCro fSNBXCKbieeALx1xI4 L7qiPcXVrmLOEyXA5aOGEgeoRp7M105yoAS16cNsKj4VQ5luAQgU81aEQ3K2xt87bFtPaLZLcPYKUXoAg4713a5xwEkLjTppQ8qeyztlZH7DcVUP3MQupm8uj GqQnCHcmdzuyAMbddpfY vpnlI5MwBiaU7ZUO5drkNodKAu4nXZxRJgSz37xjqw8JtHBr0Y62AO2JId6jpSjAZnH4qJr1GqsQS00P9G9lCeCXf76i5xIaRSNuHOFiqs4jH5uuvva vS8P1nBLhEZBsNMI5rMMxzxg1GUhb01kPkB5JfZIEXV2rpjbSJSjNz5AEqQN7M3HJIIv2epFgbHr6ZVNUgVtBmr4BvSdydGA 3j88BcJNRYAjWWZCi PAfQbv4mMUhebkn Il2374IPrxlINSqQrfGe7xeytpcj peV38F9ET1PsMPQx9gIRT1EETaZqgDvPwLAFYKdfLcwNb fFPhPPJkmxygg6wq C3QKeMyxW 9YfvdnSCB0BS3GIEG76fCdHxfaR2I5cKxSb43j7xex8CmJLw7Ljh5LmOojI1VyLkTChvunRBZuVNYJVKbBGB bPCE7no6LQ3AT JUAlQuc69DKxkKZcYzyd8Nbm1FJ4XiPtwd1JzLviwqZ6VNJK5ZAnO7KGZWvjjQVhHqEBoi7HboQAsHEN0XFHgpxdy6OvUQJLldJ2B1aF SV34muOwsvEp0Y1DaoDMpEtq X5hjJHs1r7o1uzCQV3Z4HurT66k gfuBl2hYAIWJn8uvZx0LwxRP1H8ACd9YxbjXhamoAJ4nNaJjUuG4oiO7blmmYCAvei7Tn0W9gMaOPeMr78W3b1r8sWS6jKcijHV0qdvtmD0P69Qj1qM6RE6Bf1lOzO03nK9AmUI0UEoSy2FusNYYsPSBoyZdcGjSc5Og5h6jAEDVRuxnSy9J9HqMYUezdiniXm FGTigSaWyqNR8hO7qMk6RzGWHZBblEvfl8PRxgEcOJnvLJWb41yxkiVQO4OnfdXg9U3suGTxvW430lHxd2mXw1X3cOwvdYGbACk07uKikSSx5zlGldg2eentH AUVZ1wsgVymT53SUAdrOb00kIZ7079hwlQVAMneYT5APhCusgB,e786815be6a5efa0954cc73c84c0b3f5293b03c4083ed5e8eb58696271d43e85,1762460948374,1762460948456,,,,19121
3EB03124C8AEF2988FCCDE,JfXthOFlhMnztAqBETlttg55gAlwETNe7oCoUTWESy375Zj4QHIS8cZdKPVR49 Oy3mHkc ywIdlJxwDNs53E385OCw6oXIIhctjuz5fOkyDu071tB54aGDr6JyNupVJxVNhyKNYSmiDQ95XnGI RAk8nUixKGeUcEDtrQGWeXhsBGNhH WXGOkCt2eChgRROT0v0VQBkSvyNqCjZjNiQ7pIUETukGpvBmkQYqE3R6HV0ryaXWr4tXZhTcHnPVje0avn25YbURJizYcU4TYkkJGdVMLx1tjqXkJZHDMZTkbvdMyQW2Ggmgx8jNtxFqOwKu9Evu5PJl025SOG0rsF9hnrOwL77O7irtaFUabmcP8lxjLb0RCFPHncQ oTCD5jGy6MGYeKMrzeIObxjaq4o7oySnOwRyyawKCkqubBxKqXMAkJRlYFu8aB4882HeDck84EHilpcFXL9ajKTspJojXGulEheEkljBp1q90gg2eMC4JvCpqLct3G97vjw83agzEF6MR12zDH0EvJUD9CkYRkJJZNUPk75611gyC8Q23jt4cNp Jq5yknCaRFAmsWnDpgbURAZ8IW54BX5axZpRwTFv2megptv7t05Ka6mUWbqmoUd9FTE7g26W0TRCHfyaD9KyjuaFx9y5DnSFCBkc0p5Pu0NZZ17Abt6rnawd87WtgkL23Uvqguz2xSFgIRzWobBCvoaaZJqpW1kdM8PkEkxPgWOvB0saJS WItnMbkxbjFgSwBoGSu9i8OePD4NbP0Gz0GF3uuJdkP sRayz5Bu3K88Vv Mfjq9Vzo6cEGoILCSy0pZNV54Gn0xB9gAWZ85TczUWnLvagmtQLwIa5gNbTh9HNkwBIGTv1voIrGLzADqGwA2NGHdLM4jgWFIJC wnPornYFD4  1dKxBwOG2BuEMri2lTGFiC 2WybSClBjHJMJgfOTANjv98aYPkJk6Tc0S0nMXz00WnYwmlx5Te6qrTTTrO1bUU9bi97bsvMqkxfm4lM9P6DibFScR9afSs71CIUY9W6BcLeygl8yJiEawrkieLmALOOoKPDhaid9SYv3cMW deWhjMcYTwXLGhMA izWmw6235d1lqKLSYhSruESxYVj4hov T6G2snm30bNii C2NI6a8KSZpBqtW8rK52vGxN1m8cE9EbPs2yqk77OdWGHhqyHKcIUKcS8wzSSsnyqenktSLDcBxRkJA5IFlbwC7zj0NHuhWM95bWI3geXOTaHB51hzPDlablGWVh4plxGujCxlAB9QgwOKXx7 6no85tiRkTNhDmmIGx6rt0sObkjnk49fiQMVptmPaHCtCYhjl7zr9wafoUD6wbyVLLXNqLEdwXZPU8TlpdjFFhE8 PqXynJuxt8x9e8l0rkRqOWyqrLkOI9G0q fCZHDvxLjCWe3ieuN3DmOeSaWQqwYYUczkMaUa lpYQ8yx4ECzxzjur6ytfKmnS8f OOCVOygNi2ip926p5aowVVjm pJLG6831O UK6ckQfsZVivXQLWaWC XSs2v a6k1gttuyEDH2rZEbz6EbyRTEWC5HFUBMaSNgl0JCVEH4c5SevPz7JLsacsNxYXxt2QW8mxxV9dfMBNqc9M29iKuRV9paOl QuyxZ2YjPkEgwK65Vy2Q8iVrQOc3p1qGG0mq7csN8c2YjuE3CKQUF5 4 xUsjqM8sY4LvzRjVFYFfkp8mLpqp1bL sZbv7YLSRTZKWEajpqaltZ3dW8VYuhHnnUJpbGuIE6x8WbvU1vdeKH5inTxpATiV6pb4aTeHkU2iWP pJCifBMxcSIfyBMQ15vYPiKNFdJTQjmvZWEBp8RQTqeXB7uJQh9qdkNWhC23NyxkcIy nMOnKmPAXBMSnwLxlT b8WqZMNL7FTng5WueJq08UdHpPKoZ oyXoGb2vzRb5vjWzU3giRNYG RhFdpLs1NWQ4ScH8XNbpdEZN2zlm7Dl2tphyzY0ZiMsvafdUaKbyVYf07LHnAoBrfUaZDqaB9Y AMjXOJ8 PkwrLnfccXQOoAYlM6a5rr5vG5rwheTyCKknFim2LpzlKNbVOm1DMhfaQtDi0i OmVFyVBQK0FhCkvny3teDLkqlAdcaq9jWVzLYYPAIp4mWmmerBhkJYcCwJUeVg1Ld8EOqbUyRah6r9HZQzqXMlUCWqTxk0 EvK4JLz VFmQXFfTnP9k6aZh38m0EnApsW5s8j6LCgTM3En6DoGb5JNjdgNYTg9BIrHEhJQERwmSt6WbFDCwFi9dXAcukMX2Q31o1DxUkDN42YLZyhk4vsbje4yM1a4PPW2eCfl9jVmscjNiFESQ1Y1ItEYVTPj0z7294zN9ngmFd4GCWcnfmWIrXPjD88BRV4QtuRVXflX1D0u8XNtGdRg0H2Ff4E1zSgd0ygyh5tm6I1mgUNHHCNS9HKGvcLY7M5CgTZLbSTbK3hpnE93025zo5Kuj8AvBBGeEYZxV0mMYj6PWH5Qe6BkD1UD3b6u3huyRhKgViyM6Jduuzsow nRBgjv0JQ1vjopnk4lTBTyhy28wNbkjYP8whCzvvQNLwxKD2KInFhvk30DgHeZfF2 8wh1jUG IGoQakFbRhdSN8hfd 6s61 orOudcRr0GFeXqe5A3RUzAdsajrkNciomejMrWoPt15zWQPF8qMap7n6dcUM2zjQdCUQyqRrEnkwQdYKELkT5xJgHsTXIGcDzjdiAcDCyGnemAnBApblinECZDpRzGKcTXIu4CkAKwL1UuxqYcIvmNiHT3rPSPr44rnw9W8gB6A7 JK8m2BHvLcraKFQCSajNK5qCvN2WjOyTpnOnF4iD5YMSTuq0kyzE1cwH7Ba4wwe2jJlM0b5uNrtWFC3qw38UpUd8CVka BPvGEbXCztlWhzgk3nyd0lQP RqQn9AsA0Ft SeYEpJuKQMWKxS1CDBHIURmEAdLl9Rhy5hG98KSXDBDmmfFe8F1N4djlhkBQJaQg 3GA7d8KtAdguOEUtGPyl3ijdm5FmvlBnCD0zOpJ1VbgewftTvlReBovZAtMxMCeOOcCluZJRUSOhSMDuYoYrHRflusLWdLPbhW2Eklci6I8I28uHJUagbeKIKswKyzRxfG hhNu48D6QM3n6upbezgCGiL4fWtc4ny8n8ka4s6eIWmlsvLozPk4IMmlFnzE3Z6WKy5dbGK4RHEt9LJHCcLyiIKUmvVDdOZ dPBPUCW0TWgina b3bovwdsYaG5GDFUC88VSYg0fxM4EqgGdG6h8y2iX6Dkt2WvQp9i1N5ancVrUeLNJsrfdI8SKmzuqfsaci1bUrdmwKLTviM0  9vXZ1uIlgBfP 9tTyfFSaViPq3agla8gwURBBgWc7KhDTkP0GoIzZrj1JEk1NOF CTnBXeX7oRNkfay7haoSNJNwU69aK6Wf30jK7HJ8reAclF8YfB8Xepty55d7HkqIHpjwhfTEdYgWFmqtyUk7OTSDKfaAc2OI4xc7BSjpftn9fvJKm33GehZqWiTW4qCbC6Zm2bfrD2GHFGUoFpto62sKHL4QI02dChBDXjDM79DGZsiHmPF7eB9 SoYYt2EJE1NPlULYqhi2qsyPDbprxQnyAQzzSaZti9w49Pajtw7QPbUVdeiKbjbeEckfBuoLi9px5Uk1ScllBJ5gusRM7r9yLqE7idItRVFdPHj4QpPfDHNiAl0ZU2Yh6doInN0l2GpOzpdPFqNpT1oXickZHTZ6qd0hMjDcgdLMtK8h9Htf7m54IP1KHwhCHWjje2THYzN8bBkdzj6nYbF0E58A1vhJ4FT2P25mJoRdu RifAd6McwxaFYCSPNx1o1X4L4jWo Kj1RHJaugaxFtP7CLgFihWvhoLqKAXicW6i7GVRdr8b1pjuoaVknw0szdVUEkoDdYOLRbGCwLlr5qmfOxsqGsAbFDX5KJXJxt48LQITHBi4k1lONGV3o21ZixqSJF29E9jUsvH3HXCAnWYURpEvTuwx1DJhp Os5TnFKsAHcHkR PTEUqML OHFPsfOTjbPl0qBPy8iVOYiby8SwCvRss8y jkippYuIBLttI1i5B7tZFyXqmiMmIsjSZ,bb762e05876ea1b6e6128d12a4adde34dfc54fa83c147d0c6ec5b38bf661684b,1762461018370,1762461018445,,,,19137
3EB0334E4B04C3FA3EEA9D,"[Control Message]
Confirmation ACK sent.",83ba4d989a5359d18f05837d14cc0dbe5f3651e34a3bc394b94c36fcab5f8712,,,1762460890122,,,724
3EB037B28440EE27E84D82,Nl 1ZBEt6Di2oAsRFO0cl5v8WtjW8rEID6NOLRS8wW5E6rVy7oAXxxTmCfpCPOZdjpoBQfoe3X1WqvR ETtIvy5mnItZ3szm9HS0yUVezXY ObjAgoDNP9SOsBZEPsxiZotGMkq2ffXl31W2IXqsX5fW4sM9ccjBWZNWIt x7GIGYirlgqaJEF9ll0xHfTe30aucwbL5DKxq3Yql5YHnLIOsQMOP3jsugYUTsFmekw6jx8CSdCNXSAFAYSgUFGmU0J48VeWPKWQkkQFMYkjyZEkzJLpFxLPoo24YTrzolEaijZwmy hGuzVeiQmboD8RznROZ9KlzHQ5vbZpNlUdPNy1av7BL8QHKnBiQpuTYz ujozTi8vWCbegJzLXXrFN6di7aKSMBxUG7HY6Q UqX3yXfX2Ls3wehKVKHYY25i6JuULTcNJONlCHZJOQu WkoBwfrXyQ4K3eOMjRRD94LSUulrY8KF3Dtr5fQ p1yutqvmEcZd1eUGPwUBRTOABmvYkmQRtddTFFxExIfek3gWdKNTGsb7QSK67je6wtB0B oEzONKMhYW75LDnC8Y TQkVilmlByseXWFlqqt4ZrIxO6cnMWek4lOVTsP3NGrGIP1wO99H23Y9 nZGttMO4RMylS5 Sj5ZhS9MZUDx88ZydvPIW2DisQwqsq1taORtJu6kqmQ8IcSb3x331CeduLw8PGcqpX4YCJH2tqS KPurMR8xu5PQTOEeySxHID8A3WDVtoWxUFBJDb5eNRgy3HWp5zq4G9XAs9C8yV8KSirzAoBHkTtGlGpgEri2wSgt9xYbAz6u Njmp9MX5W2inuIsFvyPcV2WmHMQTjUTfWc 39cj1Pb9mK9gPbbglrFcoOk3SY55wZrcSTEHviJYrxiWM4EPzleZgq6mVqQh3nIcbg8H32ffEkxPgZ4MTaR2fkLxuLC12mXSD0qllIeZiKExoYF FlXDNJftsPxtPRsexWltmGaQ9MtHYnKxV7cC C5aAK9q2Q9mfLDfoCqM9l2wLad2RM7adQsrTVFL9XsOvSrEOblt222Iff72hTitoKdRjQFlSBWUu3NUWrBy w1TmV6KN BhrxunPY7mdmNTtCykSWDrGNJ00nChp3bTutuwfUmsiDqMZeixJyzOLVZhevjHh5QzhTBFF1KB6Tn4tHGwYvUzzhP3G5Lud5a4DVV0q L7dmBzuXu4DYQYepJYEYqGNvp4xge6pd8DtmnfhTuJ2SL6Iuh bW5PDwPQJmA69wU0cFlOKf9QlgNTdFOsVo3TEq0JIdfV18QNNmj0kVkzFWcdu7LL2BXHnPrbdAitjQfGNmQFlUlc6LG4U6iS6s27eA9ht0BEfkia6ighVv8TCwPrpV3Xn3Vbv4troEp5fMfAoZ7UYv4N9fMuEWDj5Ne63x1UOQM9CErsHm0fTbWIiwQE06IylRowgx2wXBD1b1lDi2I1oSziW7thj1vuWfpWvWKPu2 UFD6kJEShcrKVARonciwsIBJF4EkoYNC01NobGpHm6qjYVKTu1CRsS2SpgzLpeNSgz7Sly9yeS37vWCe96JoiVDwvZ un4wripf3AuSsz9CqLCtYn5WdYxYJcNsr0hEptSBmElEUjEl6 hT9XNN 0On2hJ vXTa8vz2MhsvJFFWVB r8B9UECpbigrQclg3wMyeIJaYLgeGjTKK2NuJTYmVqLsl5 lio2GeMlOrQ1wmuKcYorDFrFJy9RqqgYturqEsYAbWbQDjsPP6By2sUCjEqN3CJJlsvwck7iQnEkVj2BdqowKlyafBYPXFz2ZK0VqxncUVIlpRArR7sAPRmIsXO3wgkTxmxbz8GG3y7lWvImKUf4Dsa3ipYSKXgSmsS0UABKL5oVAV Bk9SOc5XaH2ydGXWq91kOI266LXx4g6IpkuPvJQMjEMSysKUcpxhZ0IuzwU7SqVONSnTpMr8mc4jXFkMmZrTBzv1XfnpdNOL1qxnYQmb1t1b4r k0XNJJPp8kn9hqmtCYLciDnu3s8g8XQiOdyLtIB24bGEe3Fo5EYx H2xAIpp2jUYlG6yAfUjBoVqZo8oCluaPhXePZcSwA1ZOy8RvrX5BYYilORXCzrfLpTc3Zwztru35Qci1d5wPZS8DmvM7KCUThRqCuvjOboBDqPhnCJ5l4qpRBn3v8qYGhe29FKmG4 T6nv6gG76HnCf5oK 4VcUEyoRNGalBGoQOm7lFXuuiL7ZAiWkKTfFVMnyniYLzgdnDmqxENl5fDo29n0Id5Ikv8DS6AkKVIBcJnk7A97HRe9P smIfbYnx9qouBiuIr6v8z4jNCvsdZIackJBevjO0DbpciIWPAIDP r0vafVS02TOliIOMQ 4NBUm9QZlvk9uBfHI0wa6VrGYpv0MW94IA2iKvWftGR4Ws3DLCuh1t FUGdjm o3QessmZqVYJ9M2y8WhrlXOGtqjxXBoPS5p85QqOnDlOURGjA3dMvPbItwIGqDYhHKaV8B43qeJsenyVbKeyy5SjF3B1DAv63FXclv3r6FbjH2mQehXEwtC fr5cWt9ZF3kCKoh26GyM1hPPLmXfrie2HXZdjVvlAePhADA6Z3nPIX O17sJQkvvAOVLlpcjkDkSuFD Fx3GpsdM5plsyQOHWSMd4pFE8HIW5eimPKqFNSeQZjErG m8rliem P9JVEqIVJyRyErbFuq5P4KSLsHIZKYac93ew802VQvKQyfdMrU5yUKuFbKkR2tfpFg9 eiGlR2DXAFgfu6J0yOiSXLJfGUIaMtsGKnIGig32QKEe8lzZgc6Im AqDb93OBqleg1hox61hxvEcsok00dEalIUzUwSbGsABdy997un2NbwOdVF1xYLOr8cUQi2jUwZjaIJlrV2SCIWLXhbeDvItSFtThMXUth121bw5zPOEsc5mtkOCQvlNUk9xsGpCuUWmRcBYZzAscsP4KKf8Q9LL2InD9K3qdCuRmXKES Q3M2ruBbM5QTDWrE7kmR65eb53KxV00W3unAJL8JvCMyKEzcSYsxO0nLcwDyN5kevCaIDX5CX5OBCe93l8YlkZafiD QLBEs AFvoswO98t yN4E8I5HjnkM5v4PJY4MLTyVYLIgfoalIfWrtTHT5P4xRnp17k4xfsSR8EJJxWJTALeO2igmDdZQ0JhOjTym7jZdhXTanaUPYeJL97qnHZa11ebO Y6f0xSw7F7skIewhNEpr6l1jQiJ9rjSEjQNoNNXF52RLuIoON6IkDrkmAogg12gJRAV0 DF1m64oHW6iY1WzyX3QcEI398enBLwSzs5cxOoloMIL1lmWMVVy9dzztNZIalYHeW1ShVgvaj4ybWSmbQ38qApmC4ihIBqysJh0aBppCdRiNjHgt4mEVu xycKnH5U62hoT8l08Xj76e1oYX3R2kRfUdu2EV33EFaiTgE597N6D3E4DaRIGXmLPCzSEx2ZNfwdoIYSDeaUqtwKqzSXkuQXJ68bCV5jU4wF1nzxSRgJtKt2uSDu63Ul bAVdPCP Ixiuc3uj1k2taOwJ2pqRJV rcrw7QY wCHc7SwfEuQE5H5dfb3H 6Ave980HMTAaA9dy34qmroPx Xa5JnQj359GU7ruf5jRk7QTIGrnrJTscvOkGrFh2km0SCsMI 3k5X3UApQs16MGJfrJ7YKMJXFSjn4f35XQKJWJn3QpKj9ogteif8lDwKY4DUnSDgJkt0gA6ICdErDEiixUEUzvdJJFIDxIb5xyqDrEOoeXo7Aaw8tv0acisAVdgG4lbKuF39 55m SMHG5FyLwk45SgS1bm7hOoP25qwRVuJuXalhvLdJyjjZfjQxrXKAU1mczdOwPTOve1Zn7ytzp nBcIaLR7hX7ePCQhphA8zqeRUGX600woXUqELZj9iKqbolT4MzXAZ1HWCdWtESkptwVeWOGVNnhriDwNab13HFjNttkWoBD5QAmY4lOUdb6VPUMvFWFVyx55oys0FGFpRwgDjgw2pSNuU7HLbZYWHo3Hy4YuCnTJwtwY7oyk RxDrrafJaOjrAb36zFTTqqcLNPC phyHTwBG9Q698SeHtcldG5c5cDhuJIBpDHprc,9d1b5228d66f4b1b5ae90152714575007d2e0beea01806daaaec5ed7797870f6,1762461038374,1762461038453,,,,19121
3EB03B9E829F315B5CCA2C,vdqJ76bTox6IiUFPkcmzyGgyfrHxgZDvbrZKszKMb2eDFJL nRYQeLpSo8SBtHyH4q5V6XH24dFS3UotH0aNc4HVs1LF8T0xEEReSmmYU0i9edNLJbQEpCfJ87Gp0gUkivDVU1g5CxTwipH90rIg0TxYZRaIo0xAFCuTiQSEn6CUeTCLu1cL mTl1i79Hla5azSAZX4q1d2N6pyo3w2om G8t yqe0AO4qcbZsZtyMatAs28e70xV6nYIYsvyvVJSqljPKPG8qFjG8VWq6m79dvLHhdqpLN0VcxDvHtP5MvaVOBm1DKukpeHd2f4sgc6kYfwdJgYZ6uxwLQtzc9FxZrwpy5yJ9RsAVkJrQ63ZLRgORSvszorCnGYKdKuUbEEGQ2TRDbYaMa0L4FFTRTWlz70UdKaHTh08QxAl CAnUcfU1fWHLUhCVRCbJPDDTxVphiKcWF7nJwpvqlUTVDMjn3QXl16Wex3bAjehZ lsaEEJOxjEawA2ul7CMyfQgPLhS f3CX vhQh6fywIMrtwRgT paeoc3Ak87CuzST7aU KZVZT01kb0JdheujhuHFF181VVleFbzpsiRJc QjZYkfI4PeD2gkExb7xErz50RWmZLCRMcuNtISOLUDBZ4cGeU0PrVETlYhyiTUfoQgnwa0KJGAPcYUThXxsRngHPoXLQ2TY7TXycJgEo8qrt8Jg0eypBxi2Y eC6fdTA2EwE83TCQsjKG2L30Bi1j1koka9 9ttgBanGrs6pdU6zIAXHNvUGHo8mvPw wQvsjcE8yT HS0EahPIX3DfzZ7alARsXrp8Y25ctt1NEPqovThcCl1QO2aGxYdsUfgrmT4P82nx9A2vbYGEN6KJf1MawpkyuinmnmI9JHIftEAuI9qYyc5IpKGkKbKG4epUkigwwlQ4UOA7aimRVuhj8u5WnYNzKAiz7slCxYnc4sSOnksQjbdqm3GuBmwjRXAHJK1AURB4qxIoR37anFe41eBo9SQJ9uJtHk5MfujkvTdl AHcb5ie Pew50KwwUim3MhkPhwFFNLM9ZaC03RkB7DZUretLW2v6Vl7YdsG3vgTyjTLYSKfCyLiPhX9gJf3JY90NZEBL5NikMQPZVTA9lXN9Upxi78uyx9IfAKcA8RuUY9Z285G14kjJBtSoSY LnpRIAL JjvNsjPU8u2SH7IbkWJhZigGnmZDKi3vwQqtC7q3GZwIf3lRtgyPyJcc4IpMntknDZYH mgGDL0GNSjaNMDT4iEEW8 etKfZRRHxOIgb9bO2SBoCoJxAvUu2XnQDO 49Am37VwuTydPtDwZhiAPx wqh9Yln64oI3b1cBfpiMWYD1yXpUOFteaysZSlEI5vTHooexjqwNBMiA4BKTv4k1pc6TZ0MNjm6wNvIvn70fI9oQ5mEbZrDqSnxQgpGL B0A5EwRHtvYCH ttZyB X7GJ 6fM3BRJmKFYfHhQSe33BBQD4sj4MtAyOo5LDreFNnRBF2rfGjcZPBo ZujmzBNfotHpKfIiaNOYaXJKujvEzPcxcDRfEKctFqLqbt0rMgnonyjGmbT98j41lILkHoWFmfVGIo59jb3EMCB3B3k6H6PfLniTuscqBEbgbYngDKL2ZMbg6VBBLQkSobHDmrYdmZIn76PUjVsnMMXJvLItHR84dBHP8T4SnsaidULDCMPt03l5pQWJFmly1mCxIuDMYXTNrRwN0llwVVtZLmanlM0PKHUQyifGxXlPLCWe9oc8EgZAyaHIQxsLcIOuf y2Wr5WOKpQ6m4UMVhMjCtI6rh3iB0uWmPZ1pkoupBOQdl5OJmyuyVveRu8BxbWGCN81izdR9yiTYK2C1khyLUpyDEzTQZsgh2ykaKh03QKKySdVg2W8T X0GjyUM0QQQN5E1zVC9UbmzH8aLucyxRyaf7M3F3NF2Ns 38BluFYfjamCrrvLsT1JZBmwxEyrp3eTcBu2n3H3PH0fXYXoTbAl8womynQAKRxoMmtduptbPXoxuREfZHzeRzbPSJTLWIeo230VSI20wdJ6k0uPzh4zbT6H9X4z7SVci65C2PuXrMofjG46C4YSvnlfIc9eRAj11gKytDggYnnNjLe8 3mi1xhoA XzDPYBf H7q5jXK2dF4 efx1rWUFqNbFiLmGFNG5KZwWwKqntDx 44aM hcQLJupDmN2AIXF12LfWVKNSYB7hzvgfPgHLFuiICzFLqH31LVbihPFVBHkdsnE kpm5CxZBfpjumDLCLOdzGrlt8iMJa fnjS5rmQRvI5tuOw5X1hb9w6Ezuy6HLw00N6yHXtM7g7lWk5EtjeXwttLYBHkOGtYMfzWLxIaesBBHSOvdgkvJPCF5qfUdXt pfijacL7pDO9PLQSvGWcRKHc18CzurEvobB qlidvHw9ulNtHDbOS8NnJcTtMsLxoHtREv6EO9SAc8wrW56pKTQ0rCPg5c0wIUz9IZtoj3kaMxDAVe cEwfYqZSpY9QuR0ljj3k jWq8MlfNSE mgT0i4oUUn L78Eio4ukASsnwc6CHFj tjEdOyXlE3hgObbj9Bc1ytkTCiOi6HeOSFUznppkwP17nMmIYfJXc7cfd2CtWhb pVS9gjVKJQntqDc5fiq7aM41FeRONEJtFdzjW231gkiOJcpMD1rKI5Ty2PV0G7wJagSIS2HATUotFrB9RoPWc8DaMBveWT2FgEL9RBRnI88DZF2yKo99SGidjQDuFO2R5ezxtVMSSN09ntJB8yfa3QdUfrrZ bxT4DUH1rziWT405R2KR3dE3KRPTozycXRJoeti6zVMPiI4CXux3qFXQlk9E5jBk AypV39BPCWXFMNVMHqrkgwVMev0fXJkhAGNIjRuuTYH5c8hgLj31SeF1aAmUzn U0Gi4Kq9sDx2f9E2fiLZkGZiNB4URDTrfOBgrh6ZM2h59kexstmfCdQxQpTY inzudHP1NdOa5My9rEu vUApWCVNukvUMFd reQrnQWw4LzcChEPnUaatWOwUHe2IjLOfVmbi3Yp7T4HRd tCtmgjJQQYScqBAG1f3lmmNodc2c12bvWZ9iPHSkYOBFpJWlQAQDmjThzw9qMTXckrNqT vwnmRKmlaALwSCseVNpQfnhbUzc2KxyDKO5nFK7yOpW7t94X4N3Tu vEZu7qm8NMrSmCtxcaaLuElHyH3uGoB7jilRGRSB75EzCLX3T7XfaZ8QyhwekVr5gF3BMUmKVjMNLtubZfMzegXPsfq4tqU7sZfn4ODmcQlNn3iiKKI9NUiIMDqspTwqC2inOmIsB4uoD6LlVZkj2wjdGqae8b5JFvqPezKqqM5UEOdUJTxR s27X mIWb2aXoiPEOWSSOkxvFvsh3mExdeXSvAe0kj6q4MGnezDdhNlCfOp4PjzXv9OfclNKCCauiViTWxgdKyUVGT TtLST2atdP3jYT53uaMaNZn55FCOZ4bnhtg3lRENafxie Y6CLD6UInWrzHqQJWiH9L4yMSBJgIoYfER1YjAWIF oXCydKyW3vg3lHIDlWEOPKfiH8joDSdNP89F91hZzv15iXG0UTNUAbm8M4eKklSvGdFib6aezpVJiqoVPYnhjUvj6C1ptYLKp7QQhZ1WiSXxIuokuoVLWvOCY2I QAj20cSt9M3kqcw3qfVRuaOppbe0p2fdNDkOGvhZ ui wgZxGRhnP FYrzAS5L1z4MU8btqvLIN41FnRy7o8CJcQk d4vWDgX7wk5b6bAaeLqO17MWhN8C2T2ghsA7AkSziSuiy6iW5HVmqens8GjFq b KkxrC tHDRSPl0XzAj5o1K9VQEQ8NGqex22UVcMmIgKJwo AQJ74WMVHwiM n2uCK8sWab0nmefHZVePPsEE2R0 wJmyryLTafBb0zV0oitcDhn 1e 4AH1FjLVLquYHG36QOfwf0VNTdkuQXafgl1NoYkEeJ5a8jyAVzI3yfKO5IJgjpLD5s13HmvyaBbpjWt46AtZ5NdyHoXQjTItT5TWAoUK2ZmS9z zMbm9 M1xFveVygaBiYuV5RItqwXUzbA8fHouM1rVbDfpjxEUKSuzcWC49SFtyl9nk,af2809697e15e69b3e4b30d01adbda2150e00835f933c37231a34e2331d8bb8c,1762460928370,1762460928450,,,,19089
3EB0485263C35C05CAE310,"[Control Message]
Confirmation ACK sent.",628113aa3bacff33a661dc43a82c29213c8ae92bfa6a3ea7d084e67ef16c356e,,,1762460970016,,,740
3EB04DA13FF6AEBC57EDEA,miObI2SjGq5DkfXlWVd2aociHsv8G q3p7eq3TiS2BNphkO7n0CqimM6W7lvI7ZzjublIl2zAsUgrpmQXh9oqpolbbe8gLcppAJ4tJxXXyLqKbOFjaUrlsZQpKzgSq7enFWuG1nbYnKayMDdeHYBJZe3XiOzw2 VenDp1T0LoOJfK r4HuRxwkUe39ISf7thChHZcdpzEXNU1jdSV7lG5IBD0e64TXJSBTNAKL7eWZ0NhBkKVjtJp1JCoeWaUwgwtWLVnDVY4jPXQyXzHAyomyWVbhmVvMBH0DWRdgLMZpe1ZcNCszXA RySfpcimt8a fitiM199YOXD ptMFYB2ATZz9l8RlNsVlRkYyv4AY7i2B30ucm7k1MNdb73eG7zZ15Ru8lrzAQlxi2GIRIz4rELn1vSWoJP2Giw2tkGRZPx1bPcVBJGTxpu2AG 1mHDl3khmXxW kKXOaedqLUf45wDqvsomwCgxHxb1k1dG83xXCQalYAuBgddsiWhdRCGgaNKDlmLNeEv6g1qyNDYGK6Lv0voOvf8R1WYD1R8DTsGRG26y2q5EEn1OxOxBUQujC3QiNJSVijMPPXje0eTYO2ZiZCGjGmbgqPWxv84QN3pvOWtA2t6iH3NozhXBdCCzJsHtn3QQG3GSaqBS77PaPtk8BAcwJM92J 98Men1ExStAItwOBDXTvRSRJnjU6 SF1Y01V2M9MoRrVCCSQPac7LqA hBP2C7h nC4J5LpBuCHxubCqdwVw3kjSY3vfKD4KKkDndhEfL631UN8Ysr8q4O zo3rRTz3ftiiAZRxbZA2exxCIGaYOjFqED8VKjAsl5q bV1oSfjCw za56nC71L2RCT5HnGetjlv2NAH3NqIKtJibKC8lDk71CBHq92MMWz8aKcGhSCAGTUyEyrogRYCKE endt5OmYaQbW5QH 4CehAGlGrPHWtLzCePC23QFEX NFaA679M q3VkUEEINPAsrtpg BPR8tkIKBjtiDfyL7CKhtxe76fIr4JRdJSX8CbOp8sdd8bvNj80v0YmxG3ypzKX04v91UZ5q4HCsiLBi0BHo5BRqz6Nw3dZe5jXRVxwW FHlgdzfbxChmKhaGAG2EI5AaEkP8QQlzQXzgejmnFucGN0bSfxDHw6U1ukhHpeeBcfcF6XAkrnxhZEWeTpAFpN4xlMhKKDCyFZaz1asmOhpdC99o8cqt X2tUtFtMviGxT bAKPBNKKKaGQiJLQpxpCjmaw6bN6DKPC08jJdO9vG4rd6IEFWqBqWj2z4AXyIk6CmCbY5yR 3NvyDyLwu5g nn0T5bhkWo1RAHRHujyZPXnmnJWjg2KFcUhdiNgqLOnsMNunZYhY9YYiVANlWooYrtNhxpPgFdmX2Fva7IaEfJfCxBBtsGYP6QkaAfwJLLD FlEc06RLF3io99ko2oNjgXdE5SxqJDgyceJB r eOWC rGjGy 8nfsyo30HR1hEWZOgQDMAkLnk6u7BTOW2GMzI8UkREtSZJMg10gG9lT6cRdpKuGK8pcRq8R3A2NlGNfk hDNb84fM7bpkXtKxsWy67mYBF0GyDIDXfuBSYrGIw0jPg7 U7iivYJz8O0cT8EGm1yjZzAZERq8dKpmbmvYW5sGmYZLgel jz6RNUkwA4cSK6Hi5g7iOPjwqfeDs54SEmGKivyssbMWfJ1Pw94yxTYBRUMb7nd3A9GiYOuzsIH6hjibBteml8yVrOLxvB0Z6Yu9gQjb8tU3MGTBeC8BCEhbypLKCrGhNlLpSazJKFaiJnzI8KZ3U JDIrvdkObA6  fCM8V6cwFqXhfkqNh7Lh0xwWWznO2ean3pnuWYfpgYZJ8mq7jApkaijYMydysXeQN16mhixV551G7O8tlcNDFJhuaUPKGZYuKfhPJVgFAZUO1ryTgSzcLxuF8Q 7DxoQO4Xqsa8Z9yUDYjjVZVlgBLRSrSmFISmGfwLLea0eUvRZAQ7VAfjR2kWxZDNA bBc57YxbYoLS2Kdfje96d13kvDvt1wxIqmYJTspLYHiYGZbIbmy3oFbfLWSO7JFbrlPWSPwmaTqqqpdOy1HiBA5husynzvxDFSR6tXgA5lFHGzN5bH7r6iV2bAzOsuUi8Ag4E5JJQlCTvnbNaKHarZNfPGv8wzrXQ6eKGI61yFNNXM0zh1i2xCZNyxPlJhA2EuyJ4i54fwHI8K8cud abxG4pQWPvGulOlg180dPCgfqS1BBPUgylw zRryv4QToJkVIM4HRWvtvXix7oAYKwbQoSlOVXUd5jCoa z7M6 HfaRdtbyxoIOyVkREq9BAuKnksA33u7gaRGwKu6H unC9x1s cc4OgUnd40JkwZWnqRDuHvE9CxfMpBeo8seUJ4FEyTRLpsh94hXCbZMe6x72PDw3M ek1sa0Cev24Uuqzf1u4QbSpTnWVseWPjPdJ0YKa2aQizdE1uGEd3L H5a4gsJNy0t3fWqkArVQpjWYvozYRErRYB00xDZDLMMTn2faNfwrVJTxioB0SZvtOtg613FgUW2XL8iNTfcojbxKwYP Mlr8dNdeBTE NorE9MORYSjOK AnXlmeMi246M4wplcSleJBOnsWpSUh0rmioe4vw0S44cqdUsizluqFvwSjnW4YA 429VNmuwQr1lEjXXEpxP6kHs35BA9V7wuxq yc5yAxshEyS229jDEPEIM3bSJ9KxLL3CIp8H2ixd67tVNGvG5Tq91mgoLSsBVKrKQv8AUiUUi7zZhZeyrwK4XEhMRqeULj4ZkkbOjkovZ8U0bbIKNVsJcyYMOkrFiyKtnmNRtB1VkOZGzPlu1J138nnWvxcbCsYYEIxtnwuHjuCvrxV9ennJTY0DLLNA8t8qcBs8UPXhmrCiJCJJYIMrTntrjW2Kn9npniGzsfN2e9w6eJUHwwM98dfmlzrDiY1VeKrWeT4mERnYWAiZcKqsb9N DUqMJBbEO4HRj mdzSVwzrSb7JnJdUX8R0CvljHhl7dE1ZVdZ9goU5Jg8Aypafb94Nswk48yEkKQWNf6lNZnrtQkz1vSM0DCdoU0kQs3BJBukGmWzNqT8NNP0wanXGK zSrcfMt386jXYeyQoIHV1vtEmDeMYceTGvv4IUgF0a5CaSWV9g26F5lb717jZQqktKhHB6vp3RSdxRC789NtpZ4WGhSHADuE3niGztBJZHW93VA q2M kXiy85BNlqAuW3 ygAv9gm8IKkjJzFMkEGH5SJ1nuswQParFT6pOacBssR05dSJMT2QTIbSF Mh0bgXm5IW w4WngGTAvNTu4aurgdykDbC86QQk  sVEG8KB9HiB5PTz6TBEkEAabjRkzM3TJBD TWYImUcqAu2HmhzMryKzjngJFrsUOOGFNI3NMWhl2u8D235GZsu0wqerR8iaFtBK621tBvbUMLqpiUUNKiXby8dQeRdjOeatMuccygDs5R5fYY5fGR39eGdkRnVkByQlaT KbSnrekXYSNh3G74bGMUYWqQ7Fl dqDTWN rOoozLzwz10qzSWIreWi47NzvCwUrLzPQ0QCABuuf687C5ZW9ezTZUagvEXBOWvSvbBkf2gU4KqsolwSCE7bX3UqGL6HPQMi5tiYWaI5AiNgj2urJH9OJsP4HykWZOzefuAKpGFMYwuN8PRxHpU07NnPDexQArZR0O22sqevKmLvuB4aE 1aE3jcu7Qvo5xlop4moTR5jSAr061le8b QRS7VOE19AlRL3aKxb0PCfY7kMx7sLNnrXEE3O0Q1SZC8gzYGqDoO83 ZKQ8UlzsEQZE72t7tw6g5P3otCF7j8LlsUyCHPZz443WdZaGfuUMIjWGYzbcW7HnwKZHmTFMPeNRa9DLgqeyIb5Er9gVhIjXcKIkImRU45hy6TuyQFdeArIbEHLqVbiptvDJ7OFNsPX8koDWiTqoaE1ykdNL4mc9G19TKFvtuvMHRiYiNNDHwuQTHXEIXFT6PrlHcoS2pf6UvI9epyR8 qVhlQlVkN3t Qr UQ1R2D0FWOJ sJ1WSjOKFLPkudoCCCzd1h3YiXj5TrafbvfvgGhO2vTadmvW0O3mbBUsjNlBTTpFP,db44ce4b9bbb582d75b2860d7667837b95882c0f1143b81383bca7c89ca0422e,1762461048374,1762461048449,,,,19121
3EB05163DE325C290E7DA0,"[Control Message]
Confirmation ACK sent.",44773db22990546eaf8544b23abe17d22993fdff071db77a0993f30bef3ff755,,,1762461010133,,,740
3EB0539A0986C7799C03A0,fdK ggsI8oEromnU5X4A4YyLwpYkDQUctM8jdkzYu9HTLar9NkdtHntZBYdh9Q63Bbc62w 1hRiZ65Jd9u57mU1V1GOk5BfahBMwagLYFUklbWOtvSrq1IETLB6jEHAP6XTkQme2RQfLFEjE Iyp17qFiOJetviTgoTVgGDcr2lGvUFoOyPDGjvmoNh8KdKi9d85s zRTs7oZMGHvpd81HbQdOgAx0p7Z5C2MOvVgF4T4X5hQ5eWtSc5YzoFiOmZZIBvdEL7kKw16fMmeqISsF7PwzUSG0daTOY7NfIsUq6cbGsN7UK5Gyb1G5zRffoX3pujYr dlLssWSCAcOQD0uyarScfJSMAyAq3Nne85Qd8S0EAhNtBbn4Usv1aRIL3HtTZJSmaKQIVvpAAKodPdOmC2pEN86z3Bj1xh JpU81PwTH8NfRBAgmm8pPa1 rjM2JvXcTjxX022cNkuvKF57WZgHSljRXvp2wS508eDU83KaOalyC5oYVkro2qzh5m6eKZxmmO9jz4hjUhOo3ogsRoyzyjcE6cQ7xWW7YBw5l9kyuJAN5J348VKaXb1BQmEzz476p3cn3jkQiEbmpRA6wLtzeZXAr1jZgZGDIMYGW7Iy5H3SdFf2 Lja8OrWXIl6VdiwXSmCL2CdLJqsh7VYOvJTQTG17g41 7gGEKQlnpcDDpBMx2oLAvY86DSolxNTLfkHCxOpr 4WXtz1ukyzZAWijaD0h1UjX3 nu5e9XmBxXswZcpOgrcBeldaqjQzSr1rr7TPTYa1KLIr9ZwWhcJ0h3 sdHJSBL9cD1Ce8qH9PapJdQH4eEw rsJCUIMd0UDh1QG fBlr0Jb7B9jeRdo61IJE1 DQiIRZABMTZYpJraiZF2NHVvvrciax9lTo24V09z0FZxrQVzld84t15E7q MyRG3oOnhehDJXQ42fktI 599fMRSy7d38X5cyb6a396wjAEOjdutSsXQvAagXCVOgIwuiJGpddJ9bC CuwB0WC ZWODYk4PRpPyEcZf0oD2YBu7HfYmXELDyiL0eECa93OAOzDK4fFjRxlKOg H4Ke18OZ2dvso1FSI9lsY2X6X0Hxv1qYUP13 amBpXIqC8xtiab9bgsMDgLb2qtpzZWPhfbPQFzvhLQpVUzV9aI9Mz6czvs8T0g4X0A7 vUuhMHu1gK CQ 6CTPll1DethLaWGRMPne uHpyy30NtnB6RdvhIZG1asklHk7R2i3kaBQkOdftDyl6NK864CVmalX Pfkssgj5bj4MIOtQvxzn2IW J8K45ySESfaNAvtksLdzsBEFJy6e6AgF8wLUeZtjLR13y4gbfcH0oiLQMhFTG2HAikaL1kIQmFcV8R96YT5mMx2cgxhA41aXfMQAe0iKNMogqCOPy67KmOukES5Qhni4hA2yrTNwj7Iti8pTHHNQ8vLR1UOmnSa9IU30ag3oSuYhgTzhRFZeGjLj3CTRgnwqpKXkwlEvoM4KcLhCCvBp4D6VWYK4DsXM44Icrv0 AcvfhPUhBnOqLLcpb4KHtvgbaVz4SWxQto5py2suSGKZg3vG1TMWlFA9V6H0cTt2FSomRXcpIarx7FlPcfZnLZgzoLIulc8zzW qGZqA1XUe611j3LQe7IkQZXcKZbdsItDm1SJZMlc5FzbsyvigZIQtjIkSD8bomAbXqGozaoj0R0VRwamc74qnTuyGkCWwvAaY2djk9rT6KOW NwF5Sk78r4Bn8cJFR1hgPyQjy3W7xBSARsn45Jx2mqyCM5YH9T1ZG7pg0rhRa0XrjaklqU8 TP2OiBo1rs6Nd9yAn9HBMEtXzGDeepEcst9gZCH3wJf02oP9jDy61dlbwtll5tFwFCJVT5r wQ6bdPAuhJe0NQoixIq4S 2qd7T8id3aP6q0Ks9LUeJ7eQ0cI471zhSaz1XFzVGlxtNVbmwKs7SanGXl9cKDtLg9txM Xq8kjeDXcMe75Svj zHrHuHh20sLpTaKVcl1b81q x4cryyhTpO5DFJbpGkWk9cZmblu1YAEI9TI TZOsOtQqiYjKL2ahkGV24FaznzUTZg8sES2ub0UH1IFWCsXMcS9eaHKdBXbUwPwZsirwP1 qZQ1SIpWBhL3ngaDO14k3HEkSjQ4w9VZvQjI7YfbPh4aDPELLbkCpt4 BMa6hPJCof8WdFCUnE1751OKthkwKRPe866W6bRuvFjik9a5216H43tBT2cYsOX6nL1p6IsI0nT6h3sxjOR0168oqQnMVf2EBstExGhAQUiQHr3k9D8IwhE5DorrzhueqhUQYUsXQEXifCB3MbGN91OhaKhh8M8E3igXa4vNlunwq6WWWtj1KOxZpYbKAOiq477dRjgw7zxlOeypvuO2xtvG7WhTTu0VdnTnc0KfnOQgk4YO7hRAV BDAU6N cM FzlpqPolrbDwW7SGtBdHu2s89Zj hCqH6cEZpz2UxKfBP6O4E01fnGxCMznwnT4ulb5HXzBDA42mV WnBVDv6dfYDzF I4yTiGsBjdd9GU1f 6aFYUyR ZNMPz4bBIwxlSlNZlszr4ljx060uwVwZyxguPLc2WSNH3fYERKRndDznEpOl 38ZgiHAOjc55pKI9fcIWYmK5m9TbTDAaFxxGgFMXEM3X8Gehl3QFY7Sv7mddj7B7Zqgv d0A5Q2YuAkxxpjzKQ2R6CLala3F3yBv0xLmws QuKZ5NphY4dtRYYWQoy0f78f1fiUBZ3PB52QCYiPmNgbkwM7zLuYkEND2dS mRk2eklCiDvWCOP9PsHZhtNwa9Dw3I2iDGcdbwwKjZZXyPgdoycvVskCDYp9TAK1ost0G7Jh ExLyPENDV3qa ikC2rQUkv6JlNmNPhptGW4ejzhmP08TJTp54LVD2X5o9 q 02KTz9UPYPEk2c0sWTvkEKUfv1CdsTQJovzcz  kp57RKXE1pZXDT0cANyRaPZZexHO3XWzOq87igMPZq9nMDMClRDnaXOSSrOrQCkrCROQfGrSU56AyEe8g316C70NxEDTdv22xMEQgE6ALsMbz27QcaANgGeCC6iPBYU4sS7aLgDXxj6BPo91nkjJ9KsQZUzhRQ2pME7WXCMF8dxsbpIxUyqvn0kfCksyj9818WXNnBmOa3wBcMlj3cZ3uyLr kkH4wJ6URJzLhN1lxmymEbur9CVyFGaQa9BjqohZEAwZlWbbmsK7sikz0TADYV3TnXP2HykfnJLv2 Iilm7mz1tpl5c0OWW10xcoE5JLjmT71g7zd2fv1NNAlhobD1Q8FvrhIo3ymp1tM7avh5t4MLUxX0WhoDc6GsPuE4cLPCqAre4mVNTAxTijdGMazHT0irpYZ21PC0CG6pCEYHaGQXaw3QzwvKhNg3HO54o6QITCHxVZuO6hbZtg zH4HyFU4WTwi0acmQi QoLB4T4rAzK6u1JiBiFhXmEZ6Wr64YSkuSm6Ldmwl0KcVH29yOV2 F44i7mo8up3XxqJD6dxnkIWOj9Fzgw0OUsvxKMdJkTNxJhXGkJmWUQwAsmwBLTHfXWH5tlkSCvrHvGBtrma4fP2Ph Lr4OK89dsAPkUGuosqfDlxxLBZ0y2 gOaIzfZRErdZ yjUbRqrnM3JoAHGrVo4rzld u2otXsd2dgY1oxzTRljlKry XS8W9hkkpCMEx6qJ5PykT0F3FUBzDelCQmQ5yOdwpRACNJVDgQzOFYHekmNnRKKjYoaBTIm8na1ED1qoI5SN3BJeHhfAWSIM7UgR5rddjUz9MKTmiKWLoTcOr1OfYCSciS3sqxtQAv8BSPgry5PYqROwylRvfCXiz7NTFIsNBDxsiZRYjMdMBEHZ1FgQNXDvdipMVinobWoAm2thd6OmzwNOwDBYqz93qCwHEPoqdm4B4uCdqftiIfVnQB9LnUTQS0z9LccCE7vAqZvUL5UpCfQ8Ply18sUXdJXllcpirNdlISDH20IdjE5tf5XlVdUjRZqL4NZzvjU4e8P9d7hxdr9EW1zBVtvMfNplRHXKwY1L5gE4bJhSzvdqiUjG4lD1aCV669kYf4uzN9tk9FxpwzAKsInhpJT0Hj0HlhsCsqpnPgg2O4N,bb14206b7a20a494b0b1e7a01cc9c9ab80c8ce6c2903ee9bfe5cee00e0913662,1762460978371,1762460978457,,,,19137
3EB05C2D79B2242E0EA52A,d cdpDRsB3PFhfU3yvKiRx2Rf7zc fnKUeJJ6iYzPNZVpTlODDgVSVu nerKuk42NZ52rOHEnusYhT1JEeUKmZiEIf9LPmiKCZifCgs55Oiupm5ZA8TmeoY8xZxBDsXOfXMPzh3Q9oohdqvMy9Hgj9KSSAljJctk7Uuy1jAxoDkzmUnnt89IriyKQ3E5czf9GAQUJFwdBeO0AptC81PAYQxXQTUE9OJAmgnpBdwwgpALC0 ejhg5kGkdxlQ7ArnFlydffwWhgXyEu7G6NAmcxm3UkOKkiXJMYJS mWB  B7Uba1NCUJauBCtB vjMg8TPcIKNnzw8qY ET5A6uznGb9MxdLNZLofSwIhB8NHgHtdOz7jE4hoPFEGT3XXr7KcuaQl12XTrNsks7IIIFKz3ZkJbeECLQoYADU6ER7eJUhtXZDhcvPb6diW8hO73zPsU0yCjuXVaLLXcplBG6LcV3GNGcvvoSPb72GapB647wcuaVBLEEJnMtX4IgUERjKMR8kGeLKAHjMIQQx8kuPrqCXytb7ugQUtBqZvZlmCvXcfoLVNDUU0pcCNQ1xFZp7KNm8huwERgVY8L3TOGfUsTZ92BrmCvqG9le 7DL2tXbQ7HpXKskwqR5SfjYQjD3TYqrfRkU2FPgopCtyEDnVGaymGshs5305kAp3RCTHx6KKiVqtFAD89InzgkJa6aUVK1AUTCNigUMNCVVV1Es0Bm1wczNGfkaI60PZ OjSk7fyxpGFHBy1wjrCYpo5UIqkhe1NGUaXGdzWjuKZ8rh3YGB2lpDqYkhoJ4Np1bPD9y6zq FrMCtUcsOBGaeDVvGYL7t2Na2CRz1tfKIa2r4WMVIPTwTvJjWbnbmtrXzxJrxE7DGw3 SioVK0rVFzZB0TBNwVlXu3KR2Nzfi9HTJPqymO3xmA mtJ5GkcwsSqhtM5r v8QNlZKwrYXtpOrubTeOh5RDjSxzSPpPN4egXHXGECc7Cf37 h8WtKBrbSEEagDNTBUnMO1dLsSpdTtsmZS iq1zDFn46PmdvMvARQNUxpjloEXraKdgq08Mmj4CC riNF39RFiOu0GTYdM84lLK85lg26QCo17UuhNGP 0jfgPIf7nAvGHfWlmJH7iq6DYRyHA7l6vTdlY65xO0aU3kySXpihBGbZqD1RNFXHV2e7u6r 6JvCrwTfQJDiIK8BFzRfWskAbGKEgbkK3Ie48X65F5YiEuEXZjQTKM2L1 N1ZhzgwCLmG0kG7xxo2YnTCQ8wMQRdE7ghUZlWvr0Uuv1Qn0UGElC3N3X3CAt4sGY4DUWxVkdbPhvrPPceMYk0Ol53J7E7Yu6notZMKCslBqsr0i8BjkZRYMAjjZ77XwkN6twkBOYzutwHOkZ1MKY6Y3kQXlPbf3eM TAlTCtbIuVYjpfTDEAtTVGGqiHKFc8uE1n0WQJ8XkhZ08Wu1dEVwB m0BJlQ2iGFIoHTBHfYRQHiTbMno5FxB7WoEY qCJUwmjDLlnqh0HVeQBZvxPw6jA0CW3cWJJnDddIt0gUE2j5nX27w4ML0Xjbg iWBxachfz6W Pa4PD6gCm6xRmvX8M9Fcy9Lt4OJtoS6J8mHC25UYzWUpj1nIGCMHDxLv5lUjOFOJ9ePyWATjBz3i58D8qu6Dx mTHIswXtOSIlVjYnQE21JztbJ3wFZxqP2TZUkHyuULfdr41Fr4fVjG0sx3fIMq ZQP7IJfZxsPYodO9ZmNI MumKDc1fhuduTKKwo ImeXhVd5bzN7bIPwjqQ80TO3sWH81l m3m1pA3D0FAEys5TPK5Qza718ypSqlJ2xvVu7tlQqn4b4KX0olhIsZkOJ4OPp6A8nlk97pPJOi95373cepIxpXCvdLA2eUS0bZ8ryZ9iHGTcTcqMe7qM2s96igXhoFNBzRf ZwHRHreoZMEO2wzmbVRSy1rOmW3Rq5DOcggr4kThbFoiKxXoSNaJloiO9Ncp4fiC6d2hjN19MCuu6GfutldglkjRSGkfmeSYxJV7By9UelK5gNjRvToO6oW7rruQ6uyJyYjhUk4SeX70vVk9lLbKBv8D2VJsv4JanVJFoev7hjQAgGl6ZPvAcXyuFuoxh6DujpgVImrD U27XRQ60YhiWmhWwmbQW8ujijvO3hctLoAbl2aKNzmHKUPLPGYnWIIs9LArE DKTXabwa1izYApXW1UBt6ECWKgC5v7GkVb2WCqONRLvMn7rJIVuJU3estBrefrnZxAePJHrbf gGXIrII3dxTLuD Amt5IH09Rlpt ESEpi4msLj4LGewtTDRQRZ44lcNHsqtqpVboWnKoCWTeioAGQ 5XvA6Kcbf67HG3MS8ANqqPz9wQSr5VxKp7XhGqo o3IJlMWFTBrqxVDd7gnmKkUftU9r6XQluqkoPmA2D2VNK6fm TQqWL7flaen8X s6qJlxOrR3 IQ0R9kbP4tm8dKPcmzmtHssh0nEBI0K U53VZ1RGmXCNhbAUovuA53AVIZynsaDaE1ayPJNmZ6uQnYb92QXm6rKNALUnukL6jNLpNPAOPjS74X3 u5mKzZnWiN9LAJyDq1c5RnFRRZqIGw3JxclY1VEOchixspnXgBIWAR9HATUTkuKMPA2qY8b1s2wiDZMYUjzGtfY2mW V2puSN9UbzvLPiGV20VOfGVc9z0nFq4Slm DAmlqMTrcrqcJ2Qb8PvsRHCV4LIGRBq1A0BXHDvjDSV3QeXKnfP1ZVV7RojimPNgyjesq0s9Waoaecyf0A nXcNmrkAbjLmgU3fm QQ9Pawqf7wOSp2MVHBPXK7Q5XCuo7f9H2XfaFYQMUfogYpfW6petXRS8ylp9bSN9I9BjfdYVGRIBiywDNm1SEXBHSSE1Tuepp1cCdsKr8vMkA1x8CI9Z07HCbwgVo6WKGvc4zYWXBWfql9IqAq1cYiOESDGtT7h9EF IZZplQJFOmBDMlH2R8tZsGv9yV2MnTZainmOPGiEiTZs3MdheBd 5gV0WzJ49EP5MHF8NcQlxLXP00l59C 3W6SIoBCxBWBI11hdkiQvD8Hc9spvQDtwXBIXoxO82X4QZd5CsZ GZOZA91zJJvxeW1uyYZmF08i0egPEcYZJ9dxUAfI57M8vruQrb1wFsScti6L1gB19AyAqMPuokNoFWpa3hJJPe4x xCq464tJla4ouXqxeK1RIYKpQZEEEdT7F1UcSNJDffZQvXQMRrWG4aoXLujDN8SZKCogtzMQ0LqXP4DVKrP4CXGl5D18oXKNaJ 2wedBOFxYvIQnVZ1RfMijvLJKcONdwSF0pinngGBNnTsvOsOVTBfCD0X fEk8zpOaNTzsuDNRHZVxPV0XgaCgfLxK1TqjkYlztKdGOTeCvSIFur27tOSmpmhHhI4jAlLID7RIhf9NAgXN3Ujo66O2DGOXN42KgRwnXh4kmQp9Jd21rX30n6pRFKYEwp0mTn cvo hjnCOEMwLOSR6IG44PqafAyzkexo7nzX9QTsYmEcHUM67paljAAWrD30 q3SxMvMjN156vmNQZNKXPwjRIfyDkeeCjDTn0Wxo6Do7pincfg8ZijNyQbSqsK PhYdQwOlgBBA5nBv73ADgYfsnA4rLwXrwPlzfeD3v7op xrkI2fGOS5kXDztgLZjB 2GMNx7ZyZukQTjzcOL5EUVwPV2r8fVCQI5PaQWvtOaDgd25pgRiD9QyNuzHQeRSc5ZOcTAip MwjbekfQr5qmLnH sCPFR0kJY6DsZOwEM15wvKxahZyoelJW4rnw8zAwGsIW8jAkqayoA17OR6zS3GGX3fLeaH8oW5ttbu7HMcCypdV4V4IRv9Iwoj2P1iyWVIJaVllghGYBwuG2r3OkYI7Z49tzNszSah2G5w8tlxwmHfZMus2cl0KnO6JQetG8ERmy48BrjrqQijpZGrVJrPk2RLAOve5z10FQ6is6ZLHQUA6Y0ePqYcPynaZp9aOQhW0E8IPkUcAgsrE3Sljn8mWk86agCW2E mKcoAm0DeIOXMsxT5UxOpQz2liFdp0KgW92UWCeGOjA5Yfy hgpTD2BHNJp86ha OqFfHMGM6G2HwI EtccQ1LDLgkD,a77b330e25cb464be61e66859051deb87052f9215690f8a2fa8f8c0acd07e632,1762461058374,1762461058451,,,1762461069662,19121
3EB06543DAA919FCBD3E57,1rTa3TAovchd0Nqlv3rLu gopw6NFTvU1iYmP0PkvTgDpKKl3bTjpkfAs3SRtcSfjvTFXp5CzVNgDjXSxqDto8keYdoC7JTiy9zvRsmm9BqNby7peShFQvv34mSM0qx4k7jrNw4PkrHDvvz7LwVLZJDI1XXg8CQMjKFbHpZlk iChX5OB2WJWjAlpRUmVjpOYLJ448SEq0W gH5nnMP9fNJXIy4Y3cWmrvjlrN8usZ3fVc7lB8EQaK95eFDS5Gduo3phbVWUaqWQ2FmMOm6mNvO5d2cdrA ij iqvFyVHYkW1IshwGoChrK67cWhtCXOc8EafAgYudDSFRpA 1XaePuacVJ4LHiI14BCU78WAZy7UI72NxIihYZOMaDqwK8SxCJYfv5mPx8cCclSnDKDQ236PVn8XvwVy3b3puRhJjcmR0k2kdAtnwjfvWJIvTDKENT0cYASvme1AtOPk69y6y6dv9rl7YVDMaClhxJrkuDoeKbFpN5ZaFotHRRcqQPAT2Jpe3LFdCMpPIea7uCW6oKXUrlaPCM3T8dtHzjizqemohlNCjr4hq0okZ9LuBcVBhyrmpKTCYjPqkd4xpDKrlZ0sc1U5CB74ilbb6O1RjA7QOH3M9VYuTUPSmJ5NlRtxH9ihPfVE n9vVzkyaARzUxvgCzVA99B069vCMXVhmNZ H4bnsksdG6xvXl1RQ6Q8Pe69dCEsVQ mp H4up7MVYZMZNmfsXNikVKLhFYQDFyFJwqDHd1g8PcCDIs8SmBDjhMper80MdKekenSgKFDX1YdZ5D ORCqpSQDpV7XqVza25tP9cyh74HpydqQ5chYL cbByevubs raVh3H1ABHFx4OMrtAqWBta8Ff8E50Y2Ve08ZQb2W Rq6LOXGm l4YEJk4WzsS Eolbe4kx7OrwuG8aRn3ztLMSOHVpIcEUI9BBw7pupvD5Npc1hnkCENiHCWr82n8nVXhVja3ozSFLDKtf2sRytOtAwmbNT91FuksWmYauN8NImxaCE0In64b6feGkUMSvoItKqDVaVl7Vff qPL6L2pFimf6tTgn4i8ilnkpBBRj0H9A9BTWrcf9xifvFJF2ZwmhjEDlumIDaHHdSu4D54txeIh6Si2SvO606SinU0Q7DCiU70rW9medreW6CwHsJ SRSm33Gy2AjTqU1Z2jqRtOI7La1NVrfjLId3gLHHbLRLaMraFVvDjxozDQsUPh1LzJ17lxRajL5JjthrjhCNRcrVEajAe5xL3ziy3WX55qgCFy4Hb5WAcAY0yCHyH09WBLTBHYZPKAeFvFzTv4Be7OY7CligKKoFYcPrTW56lOiRjGug52ktGVbcvx bg29fZEHfhlAqf9gmQAR9GZSDxQRhCtJG4CSxPaYsR3Nle50FjCKHmLKau ZAKZVpzVXK5dzJAGdJgi9qg PIVYFqeNPs 6lRJiSsxDlSeol0mFyA4pFJKwB1Kki2AiA5vzkohthpe1mz33Oh8NUOsJ7m8B LYw1z7916ekdpGr08N9HewoQyakJjZt7R55IegBNLExPVNCQdoittV3bWLs9KDUK73poAK1Cgwm5i5rMXBN3HUEnX3FR9NbNtTUrI0Na1SOoTkmsmaL3zBV9sgg64yyuz7bq8jKaEEWeJDG JI9duk3JqWYYOPyC9kf LDCJxJPUin47nw0rqF0j9jOREZ66DDJZ6OvKaOOMg woxQXr tYeP1FmpUr iJfmft3nEQo0CQSTUkR4RdoTSu1mtR3CUtDaQM2EcR6xLsmNPdaco7UwLWODpoR87NrrsPg2vtAHV3a8EVsaawmHoCjXD bKiDNDMiZN1GObetfIGbv3o2YqZ3ZqXOKcQPvtPTabudA9mo93jf6Xu KW1ETn65feX6ptY3Mtjgdxb7std71orntuoK3rQz1smZH3P34IJGNuVaonMGI2qO4lVVyF3Wi68a93l7n vsNky2WDTAzPMRO0mXsOPi4qDrF9T2Au0KaXz8BUKGYwISRE2NfVNXpQlJ2W4m9mugoH2oCNaxyUrbAP9Jyk9AoIByTv5KH bT8 qicLLKr1wZKjmCqZ8jDG5buwuHsL7E0fwoWwh90JYtUNMpNufgxNOdKY9UhDB7NOLSIrPRLrIkEGIlxEV03NA7BZdVBYMd34cfq8yjMHnQzXNgafdgnnr4zn3eEHZue nokcrYVUtcAn5YrPrxSpLrP8f6l7wiPGxhz Kbc8cmRCC tGuN9ZwesYvGXeurNoLuzsMgU2MmXNtLsiC4TxliCrU0SICUtPtZLb637ByhlHoljhpQEe b 5BtZV NASj4pP2tH  yQjpmEsWULQ3IgTB1JCwuliXMnQCqH2vfS8li gvYD6IF48BFA7IlpxKmPx2wq7LRNbOvemQxYQZw5Gri50mr7Knr8i1KBC9xt3EffFYHU 24 RaJofiYGJrmLPfCfL3 LY ZtwMWTG etIJZACw9Jt2bG1MuMt7PSYrw6S BJUC7ei8rFC6qQNR228Vlsf4zBdmhtANW6IAp6dgvB4Vgvt1ltEMDcl0IPVHtIsgSK6mMM6Jsb4bcGH9wE1zng3sBTDj0XCiNmXtmrL RmFrGQGKE2PseYlNxNBsLqMubmUqFhHsjpy9NSh1qjK7iE0792Q1HN5Sxc6GRwKVcMNKaqX3xnDDbViFKwYjG8QFN1EVoiNiJKqqaL9UWBhkAqhmuxK8OI9qdi9gQQqRe04lTALnWzpFcoxPLQ OWdX J3EYOXzOrvyo2CtvJrhPxhUN0 Eh9hzkou12Vy5e164HBWUiXrj D5UEZroTGcVfILKdW26VXO9TLOc8ulOudE3LsFzYufi9Ii8FlukftTdzW1jmzVI9cS2P KJI6AHgnCNpivvuRkroPXsxl5gsfIkdfQJMEYhNKcKfHAgP3GMPsdzF8nsSNaYCWPksJ9LBb0nVWvypnyiijXB4KWseMFkMZdWuvNWaPdZJn5SF3PM7yPwXBZIQaWnhoKrI9X9vcrb21vcUVnPsrZN3w4rwswa2dq 3mZ4uMajXx7H7ajpGJbvxjuJZQBC5z0XHNzDhCzG5uuNJhlbCevMUBLCVEsk55ZRU 3VAGlmqH3FqEl yyKbJoXAy7v2qglPot FIbu8mJOusJ6Olm4ka sgbzZcYlgdlBNvJBvPHO fBbkemuC2YMIdueTmrgC4jnSuHjIScEypr bMe6ukfbHiyrf7SNGVqHuE9B5lBOXsgGdQUumbj42ph7J1pIQVnNzqvFWGyF7ue4spC8Ioa2UWoO woCYIRBwg2oY3o6lWkoXZwsDsYwqIZuVsULTAiqtRM0gTJ rojEFhydfNCZxejBrQapZ8u93MXent6ERu2clZk9GL0KLgwUuElxDW g4Cjzi9m4APRgIMut0YJP09jtrNv7td9f6r1lGQViqiO5jHXXF7s3aSNXahtEEWipzwuTFxAQeSpoC1xiYOWoTKNJkmjraIpjNLSH6keZ6hYAVajDySde50jouAPUzkQlKlg U9lkxur 77Qi KNY75TwRO8OiR9gtWBp9WIDREvJ5F0iYw6x2We4obuBc5tbIDJa9c1vplKnLISJwKL4yoWHKvAWHLoJPa6jDMWgoAYeUD72oflNsXx3hEhDlfEwuhRziIlFfeAc6MSf6kfpsDz2ip9h6cAu7mSIQAaL1Ueeq3hvzh9jRQHtF5YhQNhT7uoBvHBivSGgkOBg9qhCampQM2cMkkVGIMIsrGz1zpwF2lDZAdi8rWduYnrHrS49gpreGfyvlNr8Vxh1mX62ZoCBIsSmt0gnjVFSbbQD0QDToYTRN1BQciol5LtKIOYfJA4RyN7 3YBBDPcYF7vTgYUZrK43yt03YHyzElLkBImsDzGYykoIDNmsZN15Rmcdr PMCLgKalaRwdIXseecmOMYQU3yWCmxwrI3yOflU2sZ9uRAt3xLUmAkrZQJgTjzgAYp4pkNCqOFqfToLRAxj8qwR0Wc0e ez7UkIucHjFrlcFZrhLZ 9Rr0sJchgYZ7cR9jZqaNx46m3d76AfeZGhGIHJxsjytOKNppyg9U703zEvbE6zeaOItXT7ryYM JQC,4723e0a6fc8ab462c670f13593884b21e27c9389e6a4d9e0ea953f1b323376af,1762461068374,1762461068459,,,,19121
3EB067FB714E847EE9C1CD,"[Control Message]
Confirmation ACK sent.",5f3f0e591ea411c73ba3acc7a64d96af882e05d3dfac5f18a37547733a19c2ee,,,1762460999983,,,740
3EB0682B75078EEFE5251F,"[Control Message]
Confirmation ACK sent.",bb14206b7a20a494b0b1e7a01cc9c9ab80c8ce6c2903ee9bfe5cee00e0913662,,,1762460980106,,,724
3EB0699ED5C6D8FD4609CE,"[Control Message]
Confirmation ACK sent.",df9722c905a690c3a1132d35247c165b32a5dcb577b7a8d8571e9853a71dc256,,,1762460910067,,,724
3EB06F635BBB68FFB25890,"[Control Message]
Confirmation ACK sent.",9d1b5228d66f4b1b5ae90152714575007d2e0beea01806daaaec5ed7797870f6,,,1762461040295,,,724
3EB073F6CF47DFDDF11E3A,ZILaf9tTAHHx1zjwEGIRFivOH GtONfCc0uou8PucC 8sA0bIofNb9hTPjopBVBNIyqiBRPFVguK9eJHmcrtdoTYlPWLw9ZQZmP6Un7cJaln67KVv9NEU6WEwDMbgRh V1vGDidfwtEgjAB7oGuooNKlvradEkdB0UTyDfIFPIrT OhIfrCmOfU7SII8Xg2YCp5qCvoOgeB1CWAJm qZz5iyN39ksd53h7EOcrUnqarAs6qCRRnQ8W93MMPMYW61Dog NNtnesd 9O6jqrCKJ7vkv6w688dzbjrdniRDVkkyGxuONBKPBsxF JrbYXYchGSDnh5AAdRC7qjAyV0XHsuNNapnW8plR8 4xo3wL9FojtFPLFGvpzSUALQ7NUgpxicMcoc58fVMfsersY AvLCKWpR2NgQVOleChRISWKGYO7I7yY0Iw3YLBo3KsqhKinEju69cOUy23f0B9DGJPym JEoV9z5YT44SpyT7k3NO8Nk3e0X6k4eu5 YnJ7MRiYAaSCZsXqx2ja7YkIGh3LvmP53ZNkzSBIFqorErGQxs9hIsiczprX6iTvi9zpfZ9fjGZD3ZQbpDRn7Et6sFOprmOWAl5HRNJhI BB5IvJm3CDofGhnEVviuW8JadkC9pxUSZs iBXT 3T FfTbER pXNTmNUofx0p4i6UKQDqA5m8gc4Ar1BgwAf4JTMGaiem1um8rrJI8FjqbwddX0mJOGK 8AtczuQNrFZPeeChcf4JFUi8d5P1nCzBbMdOloRzokeK4BmKOQ0gJyQvMv52IsI5TbFM03y3gdXqvOpnk52rPWMz9hNee6uTDdm42M6ZjVKkf JTmB7JID73XzNat3IqzGQ5aZYefMEx4Ah7cZ4vsVhaLR2SLu7ai0i6DENyUxNttfSPX9f ztGXxdmhQ01myRNFxVdsUhYl029AoGBvZeRpDKK8N8MYo2E6VzZxtQUvPlkW5wg3FLsDUvKuzCYEWUTnfP1qGiZpvW8TTL7exZgeaPsoQbUL0iDTDjXBsGb65zStjoqAig BUNL jR6qxL7Ir7UCYwxjz3chC2AimtCFiBa7txIJ4BPP8nbioffadsUAd2ySbO2wVvRmpeqw9pvR0nJV6ZRsEtGVhrf9IVtwYXgyJk94Q67n01jfeWjllS6i1wMShIe7r3QDDkHZ3Kwx1bfpB d1uOZcv2GfPRvGxtiqD15JrJyPJw1fIdE9eeHZL2Yp5HEHmFYTTWLDQo4WbjNwCaQzPah5silBeFqnZq2BIzrlWR0NO1Jj6jDOkfS6UYNzM36ui Kt46P2P LSURdOvSq5wOpkzA1AWZ8kDTyn3zJD0z y7FAuLbAtVvW2mXqfoIUbsYzPGVaQXEZbu9 AwOc9005ek0ghZrNJBAZjRdJzAtRtT9bTv6pDwjQjytIUylhodtRWfWDTfOK17t6lNB50y2vFPQ65sK4Bsj YgX56NtrW85sCovTcqhBRc0G6vYnDmiqYQIe zqXzdQuvLtlHkvM0gbdL0KpafxTdagJcubpVW3yAewDSUR98JiClEUPMCetJ5GrWmEMZkg5BMF2wPPz22sp8PyK1O51tAToleXS0qo2BVmkvmMlXQ5AJReIW cBlUuCPDlMTswcf 3318nF38fEXIcxXCZu2 4HHj6FM23EsxA9FQmykQTPOXmbHcwk X8wZCBXeNSC7hbRfv0MEcP8KNlAMPWeq3q5O6z6QjtE6RCq53M8Y szJuUHORgyWumrFTJYaoMpFQmEIqIZR4UIHbJ2dURVTfVa5k9Nnu9XLYrLk9uF0lel87Bht6MEY0uAGoyYegV9IVsehZYWuCqmAkK18snRwrsjyYAyabnSyxTfCw0ZyC44cePdcxkSfzUArYRjWxlmi3nGhxZusGZ Es5pUIjT8FGUmRAvBrb5KuP7QKYrX2Dj1GwE60NI6wqz9Ubjl3wzVgBjwEJO74AeifeXcSP3mlgWAKWPzCbR5tIRJK8UueCmURmyTznOnAsB26mxoWfX3t7zb3ER2ygiPAGjRGItpyp9UqbSBA8W09UTpzsb8AYpx2wwP3ruODB0LdgIgKha4JpRW8s5g4LG1bloUlIdQ12PgPAfG3duhXlwM9QZd WaujSfr1kBWH331o1qr0WFvTP6LvDM2AXYqzWUon5QkSY rbp WYLFNhy 14mHmsgBGqp8gfiH6xm93atpDliVqPmdqjETmHTo9NhGS7DKsXzm0e9RTGL8 AIEGRd0ivwTWspa qtliHIl3RN7QYLkrirJAAw6kpp2FtZHdDHtYgNs1Xc2rIISlFsRm4wweo OxUrI3DLqGrJaLqae6BhobcHsPOkaOdbzOyVZqIn g5WdNiWheVU49rLpzJS8uJZUfUqEhPoLVHmY4mCt1g8PdJ8yTr7GW7SSsjgrX1oLf9ah79t0dof9Skdx2Xuj8em5l6ksCTwgd9UEqLMH0p1uIjyDbkCmFCcR9RF736vQjXf 3gtOhv8U9b4ZKoBaGeh86 GCuBRpoJyPQF8wd6funn3b7V7fmKK5TwBxcrMHcG0D2kQBtoQPnaBljQsPTPY24MSuTSKQSYPM5usgzarXeQmGKV85NJmiFlH9XBScb8VPZNNdAxwjkX7Ykp8jPtSg6oA1 CefyGEhltPEY4FJv2UAPzTxK6zRPvHxENcewaUpchn8bvWMLBeN9aFw3GsQgPegXSg5x9zjTar6mcmWKzpdeu3eKA772LBnVVPXZouDDG6jEaDayJf6j5Vy25uB4Xx5JHXxUR8 wQ4u6b5QE3iXPSxa YBEonnt KdpiWqGPO3bArudptKfDtIi4gfizmh7gB9W9crfqJUY5TaZPN10jLl1LpZukM8M6xdilD50B9Mc4b6unvp3rCFhBOo7RsSpjdBepRYe0onfFB5QhgMeO6snAAiLJEKL0S54WAqbaMlVIr7ohwmyWHhwJ3LY9Q0X5NNYinuhht1qBzc8mDU8kOvMpopllCLZNeYr2745cUDF PRui0QRgNIazU4 XacwzhUKrGLexhqE125oO4OlhmlOFanSrtYufOPWRpKlZOHF7c6ro2rMI5CmgCHw0FVklLKbkQThdQwvdlpp51Z901VufBxcphTjJsqutYsdwNmh165pvkrJDcC1WYB6mGnsuqJwfWwc yF24ePV3SFr59qtAbl0adv6Dy1l880 T7rhPzlz4D6ji8MdumrzB9IiE QeZI7vtRxojtE4uRKQsR56dxT13hA88VidJm6WFBUKErmtk2F7o7G18AyoJ9Mfrii8o8cPPs2nMRTx8rQcH1s8HgELnbzypFNzaP4D9wFlFlj9kfSU6JOVod3S0hgT1du3iSmIYJC9 vkU5U88KIxHzoat9OUDPFuAbudWENKHW56K05G98 VrDzotD89cuWB96blVO9MOsO1aiyEy1aK P2r07ifF84jX3Pw2KFHGtpGBcgKOAmpa3IswuT9TMGa6Sn4gmt60P XmJqRSCDZEuym2lCBAzITnYJmQ0LQ8XJ6ViD8RYtbTnHl5Bwn7uoK2eyaZHMnKnVPQZrdlSdkmDnoisaEZhoGoMoC7GbATnDUx2rHwfDz9p3w9hG1qHkXl0 A9Cuy2Wgh5Bmk20P3axl5kHPD9uSCwnt0V8feoeebgYP4u6pO7lW9fk7Rca aX4qg8ApQuYmu9hQjfzL1vfhV5uSyP0n51n7uZRzAIFmOFpKsO1deuxwrjWCNGariDpxo6aazwhJ3POrfIZcNyaNOj9EXpPVrkUQ3EN8y SbZ4SK75J1cZVj0Zw2XKg1jFU9I7lxCksAVkcLgbzXYALQlE1yMJfdybFFt82shGbacQqT7SuFCjUV1XGYojQYkTG HrdFm5a2L4PxPJ8S6128KttafY3aarF3RzncabQj8xfqveYvTt6Y729sIyr81fx5diXOVqGm6m3uANKBxxYi0EbTNSdn1HxGkLHU8loDJpmgYMO6ITpdApsqnQLn9DbnT8pM8JQ xUobZkHazdrM4ctuG2epAmNaiH9TRsvxYQAlvqcJawy1QVovwcJlD5cvKXugbD1qHBnWWhAmEW5QuerXRMUjeVp9lgbRPsh4I,f9f8f0b66359e6c0a99bdbdf348c73b04d8063575e9ae98c638f999d6b62c4ef,1762461028374,1762461028462,,,,19121
3EB0753F5A938483840930,"[Control Message]
Confirmation ACK sent.",db44ce4b9bbb582d75b2860d7667837b95882c0f1143b81383bca7c89ca0422e,,,1762461050172,,,724
3EB085753A507CC7AEBC90,"[Control Message]
Confirmation ACK sent.",f9f8f0b66359e6c0a99bdbdf348c73b04d8063575e9ae98c638f999d6b62c4ef,,,1762461030248,,,740
3EB086F4AC8264B0104EE2,z1 lwM48Md KhCT3SI94ghIblZC8yx2E2cRZF4Us9euAcmip3CZwtN96R4FRjyguOGhaD6 bq3yNhdskWT5xWcuIcWknSC9ZTAXSk2b3FreyfKXs5O6lis90Hm 6ki80JaWDtDgYlnwXmIPIVC0RRSkrzceYikzynZQry9mqzkszYkpeNmMm2pbsZoheFc CykkxwaQXcVybP4zc5HMxC0nB8GKvWT5wRKqnIs7ijrjOIOaE95xfO3sDH0aipdVzHgawALRwCYLoTXzmYTBUrNMBLtkcrHfp3wQXYhuiLlGDL89FKTJB6k0y4TCxYxHf Uxdz7Y0gO7ujeqOFszbDfbWGnKirKEbLVJqIc2KN 9nspqoVm q1M2Kx9bPIumXXTNcR1mAGIZcxoLzj CeKTMiAGNOhOWBzTNK4ccaDHtSVv9OfkB0vRanPSNPqwG01a9e2Aa97uHk1k BD7qwsMcca66Kp6J31BDXY0GrmgeqZhnWq8JbEIRITNg3o24OFNXKr1Gbh6pHhhUpAwBUJe7F2qA8n6 LhSDpLjAnz453muBjKcggb5QPtU3hgBxNB5dTaTZhE9lacUWmYr5vCrzZOx72xy6 DRKBjSQK2XZTDYBlColmUNhEke3 JMXwYYjr4McUpkSnbK mDMM3wh6FQfYCFhLKTUWzGonnpIS0Co6B9IjZT4rLUb3VmNBu2t ef6QKoFYuiGB7vD3Da3l87Yg80d DOljvzPdBxmuDUycTFZMMAfCIcOD7K3vMXj3gFd8LDeL aiHvbezsYC3LWsoLu v1A2NQXP F2eA2z636VmXzykYE5iMVX6vPbLeRlFaZqptY1GQXn3ElYxIMpRIWLRRnMPj IhlRZIp4Gc0trPFBxgqvfARchlq7ANdzloE20pjIFAnS9qFUmE3VEUS39MZvmTlSVBPOIUJXbS3hbzP00Mz8E7esoVtxyjdokJhGydi2wBKNJAs8Keod8P 7J0 hjZJ5VvQt QQ0GG4iVNweULhfsFQZQiHxu IjvXImC33EdG U952cHu5b5Sp4rbDYir7c7h9t0N59HJjuHsk gIr2Mkfs5mhOgsEqDNL2 AZbCqxuP27OWreKYHNcud43T3rgyYeJApdabv Iif922jVRZZDnLgLe4EThcKnhsldhScvASthwg0vv51S2cc9PyVeWvaRdVDi9ZsWD7wF7W2qbiGtBMJdQ6nOWhBNBSaC0wVnacLyLNhDMgw9a HJl9l6eIKH4mMSpyR7ybvbMaS8jNbkzEKK8Pfdy6Bz9NRt3x1uFTUTvHOpu7M0Gae9xRfdbQh6ZFbDqZcZSShvQrIsHU82J CLLPneshWzMn8liOmOpCbh5WQc8B0PhtxhelBWnK6XBBqBUKijEKp4nxr9eE7MUNnF9Ej z39w570qkFKesLZpjKuzNX1VeeFR33TLZ5koIlNxoFeaIz8RaaJqd2SyBG73efefgtN83CWsxSZuTlRyxe24HCX4SjFOsDXnwkMvmyXEuCnOPiNtvwPDDP3yojFsXtEvyqaxFOWFfHAuYCJ8GZEhf9MgO1AbjvoiftoCHOZm4xNxjuwUPdMwBi5FkkMZcYFXltAkWWExevQUjC EvaraU7qhk6t1XtjbR8hGWmv5QEBGua12WB8cu7 rb0qJuMLHW0XzAYFfU JDdPaZskHtRiKEA9POjmROj2mK2FZ j74apMVKgDNOa2LRUvB7oUghG41J71tE83VCP4eQbxSeUCliyVhkkPJ2tZd3XgPqXpHggLILQyL3ASZuyL4qxwjPpV GBG1SUZD86laiHSUKYdhjjBDsl7jqrHCr6PGgqqRwlqIIf5IwkPshyOFA3SS7 PCpka64ORtuM5JfFonqfJyVFVkoUeXAac1acKR1FWZGCls6ys6HaQvCBz1gv5BTp8yYlLJIimXDHbfaPDJOjVHNhr5IEuswZwue1wWqaUt8MVOz0GaXysT7cWONM8q7Hcd8uUB260PsM5Nl8tNQByCEjvCZ9853UJRQBn4qzRb5K qCH6i OV6TduqW FyIKCYh RZkFJOEAH8oBnExltTzPAIGQuACMEIGMpyUpU6UrcQiXltL3th4jzOvi6Hnom8ttUXaa8Ob1VH0Xv2KXYbn0QXIw1eJmww208rKqJiJCkypAOnEXalls45QbJOmPhbfTLM3WY6U VTFzLn6wGCYD44pf7OB28lEwadlg vpH7uE09ZC8bdtkVdJ2ZcnCUBKZRVwxrZE2jchPLgooHdVXEwO9mncf3C2u43DyFoN5rnULXiJPN6iUxrsZNGJ6DEVA2lfZ5ElOdbUBLgmuXyjqUY81Ek3gbB7U9N92zBLjVqZN0RqnsbwaWFNMymt9TfOdgxVruKDHm7Qc5ifxVRcfhMqxJa AkkeT4kmtkKoSPAuz8pbU3UAyvPGbiSb0Ojs4N7nhg1ULy7ZxQHH4FzqZn7MCv5Q8v1h1cEWuF7Jko5YdeXFplXQtJHo6FF3NjvZV8ZBEtjoB8YElQQNfbk7HqNqHr4K6BIxhEyg0IRe4nKFSSnYJIw0Scl0MyZKfPPqCGwvFZB4Mh DZv9d6czHLHCKNdol2KLokiGLTVB8nGeBBCkQerA W6y1YgLIXePX462XKkqCw54I3VrHgH4xPAlOtuGdnbYW6WbZpTUFOA9yceG0AduW00Kp bEquj81vlDBIsUSgV6vEcP7y A030R fcBmOAKhKunUIDnFUGHqUJzFGdVnSdlMQsbShcd3Ndnh5TfV32XVfGh1VBU62HmtUXYyGmy1Xmj2tBar6ED3ItWeOPBg5idy4yHtHiF4Mq1HWeJCRw4ZM7RkFnGscCZhg8ckpJhaEwEuo8tZKwE8C8KwFqXI7bWN45fSsqE5Eids4MisqSRkDQVWO5NA2eW5iLJuPNtYUgLeEcdBsxRygvBx4BZFzwnSi4bzZerrMyE62N83rV0cccqiuKK3GBK7jogYuxeLNd6pbyrFpFcrJJgSptYGRgWmx U82tY2kpj3v5gcKJhxfws9V3UADKSIfZBWu3SGBXhSRpLK98zzsx3fgs46vgEfTQbRFX8xS1BFhyeoFwmaWcIjnwvG9oNpNiCLpUiU069I2d8jIUZoRrm4zAlEQjr0LyvnRQpzgQ6ZPURo58FRlUmFEfh nBDYUar9S3aM0QggvMgOOEt3WE8egqPvO5YRtVKsaTy8ZqhcAHdXpakGFfYl5iEbHgdPcRZFIyxkznoKp ZVobgIBSx340VDBOoIOQl7WnRfgvKehF9zLC93yTf4KJK9ypiWWi7gR55gZuuLLk7Ljj98fOMnwRmAErZW5Xv63d27yQ2Ighpn0ftc9nY55WPPr02hJZlzpXsi2HBVMPTuLiZv10CWOgiFmZ6acWqxApLBLTZPTxEv6TrAsXedf2RbF1Kxai3CI5Tx5h65MH3oRzo2fEVxy lTv5cR4dqEJb4iNwXDjziIH4ShnCWyETcjEipAQZTvEHZJuyHLPGN0G42vproLC4EFFd0sifoT7UrqMhXlDHTaOjsJqtJ6FsQwJVOF8mltBJ6jn0B1Oz2xGjw9moSC9uPb2vlU70L314gPoMVTKC9tNGw5gllf106XFaoIFYrCeqIzrZ rrsjL1hVE3KMqDhrViSbHKW2UH7JG1g5dLhhihyzdJiFspzxFms jiGJqSsxBNsgEeLID sZPFFPQfu0XMkiDVp2483mPEgLmAeawzjvIb Yfxj1w36aRsnIsP3roQtNzp4rZHo88Sq6FqOCgwWfjlLgvu0HPSOTJBXVKk5bnBM7DBlkYPPb9qYOSS206EMasLIpPsBS QcV2KexekXlHtB8P02zgQluSC9JAaTbcUo ztFbeztFArMxe3RT8Gj17UvM0NeoRAsLbKWaBvI1diSN3YDYMIlqGWw4HwrjX2P2LjZZMxD5AfE2JI2AlQJ6jOB0awQxEs1LCnW5e9zxl56Qxo6qMDnmgs3wOY6Fv3WeKZYJjOmIGCYnJhAezVPeoNM54xGF8tm4stknbokRcvfzpHw0mzWaCQmqgTdw9XPOqqHdvCSxhIESYGvk8DDgiPJLONvIu3W8zCamaqlBKJ,58ade48fb5d3075790a1827092600bc930fd98fca428e242464e36058f1b5a8d,1762460988374,1762460988462,,,,19121
3EB0873E34DB64AACB2DCC,gnUwEJ2ZXLHAVhJg4pzeQcrXZxaJS8D8IHLfiMebXJ7 6pSOEgQ5wOEZ6QRXAMwoXwI08f IfTN2mJhU2aiNC8 htHmS8kLhhUuL7BCauxlbXVk92xQmGIvhAZN5RPQ7LmdKbf9 7kMuAIrke2Br6JGXgXdlqZ6lCYkxY3q8L6N2DTk3pSF0R7FyclfxMoTuzG8TwRCpJwX9kXTHFJRN5Bkb4vL9EhKxue8IGCai5T9 FhPY62eSHmLRultYf4RXcSEKcq1vrFpj7WfVdrUvLgmkAzH7vlb0T FpQYcRBV8 FehJB7a3o2xwBJ2hWq hPQiv10oSO1XNd5KiHlsg2F2wVOk402BZlu8RwfOMr2PqlGB5eyPoSqF77f9lh82RMuoBMoZqy50Z0yfEcV2WP5mKeP9lGVNt31tLSFHUUAmDjESQs5KagyTpxk6fQliPiXZ7U1Pf6vYXv76Bp2x4wHEVATsv25 bQBshvHgJ5QnimJX Mm10jblVaADq8eo3I8qE 7qp1TIJ307KL1pWJBkyXttlLASUIeADAQgxqyX2bg5cpZTo3Xy7dIfChyWMo0wO IY9vDd7G TJIG45F7H7vwrmkUg7B ca88rix83R1aAzX9UffZSKo9WsgloHSkUhhfEyp9hsILtPoAfxgJAqfF5mW88lR7OqPla5jkfCNvmvESiUMDvmi1SsfRfOJpRfZC7htDmAYmDFQf9sxXIw1DuWzJDHQrKbeep6fgij65IAHX078jIbMgQVutWqH9mVxY6fKRL38S1SETNwr8mQgZUL2RWfze9CYmbut96J3u62KA0Ljf W4hxyqaLyfl7n6pKFqr9PCWhl0087EBHWEe76VM1ZOwufv3VSVhrBv95qCQ5tFkKBB2vRPDrHJd0mh00zpAXwaQPJ5E84GlIDh2L1yutbSda1IjwsgRBwVL8cGFSEKVbjJNFNTWm8pg9MiXgVFNKoBKeSFNsovibGQe5Fv1PpDXTuEvRjqyKJBEiL1zqJWdTNKqE29nfbVOK0qmwwmKQnrL1UFJ3qyuyrvXxQIywHkuh8WGdKMq5jCpVahgXwVBk YA5DD7RgzXKs75lYfpFthCzVGeIZKIbcUoUek6QpONy8r2uZZLfGgRJ1AtvFQkB7H1963ZcHCXpMnNVrqWgiJ8cbRKqUa36XyDXs9qc3DyVIbQVy1G0UmxM8uQQKeTZF3 GbsW3ekcwJjdjc97Z1JvKt0USfVxpv9O3CnJdQitjjDIi8XR4rA16AbrHJF2M6i9eFwThXGKYaHVX8nspFMwzgroGyznl6vyyk4tqbwKN3R2bpqaK1dqj8oWw9srexTBcZAKQTUTvpyEqVubV76w5WPPQ92cBSzNt7frM71i3ihvjCXLKRM1 YcAAWjD9v5tnodGyY7A4PVHCKsY5CMjbCR8iXa8BSrDw0H1dJeEalOanpmJrdeXIAzUfEIJjlXfoVkk30yLMMM1VUIVldD4n2dKM5Pc8g 3hLx3nWc46dpMtUpuoMpYl7Ms5yxFywhXvNPBKBvjITrmz7MxmLDCkjVOc3m65G4Y4XW 9RZiEfeIk5BSFKlL3CoKyIa21cWu1CvWNuhfdyIRZjcia7UZ5AyeX5fELW67OeUUUCX42RimuVIIie49a6DmScCr0 m5N1SMc8362glYaSyIzvsr0iyusd3zy Y6al15iSB4SF7ECYDJ9Xf6OAZZwDrj6Tj2pvTleVHqf77PYKF1DPGrsfOz6UR6zpTY8haw88JPpLRl43OkzGyK5X7Osxo6luXM6YtE3bUJLm4TRtSGDb0yareZIoXRFZZkdTmiFXLL8HJvtTojuc8vkbSrW8k62lHLzw4iKwCoAOGb2G7ZbKzkzdEY3VJnj42H8vD65reddw6n K9JXtJ8oh46Yhin8PY2meiwL3qE5kVMP8mJ9U1VRbrwMnppNhOfoQqLsWzsgDL6LWF3 AHhd97nuChi2m6I GDiQxLxDq57Z9WokUsZorjbEnRA461ME7H Mjef1bNzhWUdeR0TWgD0fbIaDqZ9uY5ajRZ6BsfKtoB0UcUIaI1cE7eHL6tzf5mVYyhvIGOhigoKJf17WUobECcfOI48qGJAbLqgedEIxOSK 52 83htrIAgvoCgoSQ9bYriLpLtFVFWqBaB6pjPkjV2ardp1QB0kpS8y2B uMmstXVWiKiyyi62BjehfRHpSqxHORh7Pgumm7PulSAgGOwz1Ab8qpU1n76FDHqi3kNmYHTfz66mVELw u3KL7q7nhy23Ff4ASLZaUVPTmyFk l5YE31c8 KcNTzLwECGjeHFa YVDNPwbHLw 05Hn FFt2J2AH2TeqdLz34fct3kY8Uu9lLrucjhtEVx8pU2RjIxC xrAN18MGJ6x32 7G8hy BxnGWQxbB4W1sTT3CImpIh9qDLMZ9t1yjwuCnVQxhgETPOcEe1xOwdKSB7ezsXdjtiw1IEuNIkkzQh6HToXJWBv7JnbvqfEARF7wICC6xk3y6sP068Gpv4PmBDsATL0SR0lK fdIBDYVwJDzWjp5NeWm DtS4fCkodnAjbfEBWdpCfl2451hcmD1UA3qUpnS6n9k7yvCYtoGDaomJ4U 1HcVZirfJmz6dCXmcPuqEX 1OSjMR3JhsVwS2JXsot6gbW8JUm9 Zh2yqmJCzPHKfY1H7GekEdSNBU0QRaAKOx3t CyhLuka07cjk0Z5cJ8Oy2HJc9MreOCHUQGsOK93BPstRO3uF9kD9BwTIwi7c70jWAhSvPl1tVytQQpxoniVSTwctyMZV6FNq039E2FIKgwgzHtIQvlYR8HAorsIax gY X076NDdQ4L JwcFWS95tefl1x Jd2JT6R3ySm3NeQJi8MlbeSEg1bT9M4qWTw6CGKIpztpScl TDvZXvFtve7rI3U4zpXZxXHzI0m0I08uAzHpeY TzP965p3fSmdTzaMUwu0rZgznIa0c2opEHFr9pNFBVflrMjYxSORNdE1y0mwM1171EoUJqK8QcPvpEj67TXRNxAOvm5TVFkXNX37IG6Hpx 9bsoz3ZwQRFvd6RB0or3RrImklje2Q9dQl1deNkVhc9L1mu8Q uUu0IKbaGCwjh4pbnh1XTlzTzSohtH0Am2EWMRQetB9s6MpdaFP7SnvHSVgxitXaBY7fXE5HwrDD f9N8cTlXRyYAETmJljKimWj9gRa3hFXQR8JGggqqTpNANYGe16TnLZSPX33kmuZnQog6qFWQYBCTlcFDxT0DX5XZO8t6FZDKiFPi1tkLQKJ6qZr7OKL9Ud9YOuSBTG0WiXqHXPW0PSnNYwlhuAoEJOkypm9LdbBiFXyJLF2XTv6zHU4mbLl7OWjQa1kK5 rm6muXMJRGIktN HdkQAD0vUz95JssKee2q2Iir7QEZB6GA3PqVjECEXeibTleOh14C2YhCCHITHNbJnkGK5IStMCKNNPGa87Q hrYIugAfrDIZcLcE0sV16MepCHtGdXM6t4kARqvdecouv05H6P8KNKFHZWnh3wnRrnAqv2TiEvlTOUZoUgXjDigBc1shSQcLxHHOwhMqZFmDuBFfShSEyS2FD3BdaBrdigM2jDGaqxK78QnJHtbxmmSgChEHmrYvnAvXQs4m6Q ndxslT9GyX9qGbOahyrowL6PmWAVSmZFkFsfBoekBybvQ31hinfpzqQHFt5dNU2EFz83FSvJo2hwZzef3jIlvMPv0dO1 HoqKli1MlbRMNJnKBquTcjoZrH4RqJ6h9E 4hu1R7Cfm8jr8geOSa5e5cB0tmMZmWh5MZ24FLZSmZ3qcsMMwLbE0xathbFgUVYHlUax2OkOsfUvI3zQpYFLVVSHuRMPPPocXtK4m0FYbeLtD3xYkRgY4QrHl2 QnpOrcYnkd7pG FylNK7a4QPbnPZ5jX7gpl1voxodVqmAT7wygk5vAi2MitojLakhHWI6IAXz9cKm20EUzdyDeEGvy D1rO0rPUAhegMVaZNpThcluM8FkW5kK1n3r1RDHQyuMhH2e0i80Zxb1Qwz2IJJMakLPRn5gMuOtPDfeWHNy1TshGXhLdb91wtNfjM ZDaHAYpa6GT xf,83b565e94417b10fd714123a3414e8cab82a3ed4e002e0bf3a3e5de1d2906ec6,1762461088374,1762461088476,,,,19137
3EB090A146643C480AA855,E9nmu27AVIVxh4QgF074nRkPuFx80mMk5K6zGYe2ksSvai of4otwtK669NwdmhEIdS3Fu0qQpcLle1L9NSziF5vV2XDTJmCZj8gQkQozq4Parsj2jpk7a0o33KE5zlT59bMRzAtPTnEpjl3y6dtPdRVY7YgQIdZ qpAH5N6I42gWZTGpCgZcC7ZihJJ3K6mSJ38DMJ Y5KokhhMRaisCsBOut1PodUscZGoNKwvNhZJQbb2lXCRUNULVotlWVk9pTQ1GjSaMl9op5HunSjwpvi31DE27BAaqKhZFmtSGR48NprR0VH08PGwmneolLomcJTTgnJvo3jnjKH1VMOfwYHIKHU9panZhxV fO4xlwrE0YhKosAKH05HFSOkrnOh5ltn15SujtTvplnfz21mTwdI5OWLnOzc rykt5GugulnGOWrMqB0wvdkcHodYtAhGlCQe45kOiY2hTddTIuDk2owMYC9kcA2UyUEbUsy4QDsRbShMSACCNdww0izwZL1rp6eVawUiTNB9BXXnfq77S4BtnUo6F6gApl6AgEhg7c8j8NUQkP23sbDAgO08ddT411lFKrAb6YClJK1yI8tpU rbdUZrSicNpswQlqv8xTr93lB8avtQPHursj4nrH4tnTDBTfhP7qw2VZAuBkdnoEaFpVZ HeKUWSII6WukmoQui utMPZasyI7gtoxiWXvP8OjpbaiC6istoSv6QbEg3UEhrAmkoijB43nwhnpBMxCO7RKKq hi0mXKubyuBGMlVMq3HtYmfHOowDq169GzwpywV2p1g6F0iZ8KX63lSVFSEioI9DkVBhXVYQdnHoQpLwG7Cn4h7z8Ua1jNOBP9IVQyq2A3UPPqeoIhe dIVyyHiZtfuF2IG1OXOjPZ9oUxV3nmvEnCbDkfdzYJCT WVKdStJXCV4VXiuBigQ9 fx6JxjqKFGBEq8SRni1f9UuJC699EcgHHRIXMPtwUCHomws7q4n5cCzzuw0HkcnEmsjmgVyR0SoduZqQfRdlxBq mnlHGf nkKPWofzN5ZokWfqtateNeY8tOsB9y4T9pV92n61c yVPia1vSRfK97f1clX 217Mvi CXvJCBK4OW0kTX6cCwdLEiW140zyFyyuNMuUjste2efdCtHW2fg0h7HP7f7l9zzC2Bc8b9X5QjV9OQdGVVFzeQpYiDGMLEZf2oaSh0ORhmIunrRePn9mhDTnPgMLpafly25VHAa1aBrLWWIG7SayXrsbuWzVVVCsaovKlZvltImZRw4Jv7CFW7GPzRaHcYX0b0rW5m6XjAPPSvEBm3hYD6QJLZpqhNlrn6K6ePykME63xh6ooUdJHjX1zbVaUaILxJZdyRbIw5zxENOF9kBwCuioRv1LVAGPZWCMecGCREdIbK6EYYv oQTuvWHj3nOkjk Y2K44gHOkXhlxrQ4Ri5Zzs2XUKKOXjiVIbuOg6GlZh9SoI2OlqfhSBMJVasOZjQgcMSb2W40TXyjTrDWT185uVo2RC3luYCxOl4OnxGyr54pNKL pWIdcIz LHIifK02t wVLl 447JpEXNzF3hLgskFAVM7e 7RRbBvs86XMPva9iGrJtRVMH0STvxIV6ugfdg3ST3UbkQXfDuSb87qsZpHx07wsuwJ8MBoLjWXMcnmsW1H7GUhkV0VkLmElFH4imMN6Xtss4m o3olGggkz53VWeqnVwMXFdAjlKjLwZNAxOmHP37QLTN3Iw4GPFTawd6 RgPP5nCxrssWR2kbuva5IRnVM8bV2MGLIguzSusQvXWxU2sXJhXeVSQ4qBDfBN 9XruuKOJJYusUOw1L8 s2tSq9BuFD2YLlwp azIRbNvggjtKtCUODjzjqouna8dDIBQvfPXBn85s0ti3BTOrvBFJcXvzb7uCybwGAV5KtAlVHDp4UHjFQLILY6AG2vKcd8ONvgCBGkDE4ZFv7Sfh0Ld6TDI86qgUySAlX9BT52csFXz6YLCGWYbGi9LbVaZw9FOtoBucSBEIA3jPxluQPAwVEXEZSeHOucyMxLDUfFpS7KnwoCNO l4EiQ1lAFEbkD7e4CyJX2ux0bggGir9qtA0YdJXTuTcZxUtQQ25J615DwblVu7r4waItf1M5lbMzmSFxZwY8xR0jrNhJYHqkSbC g rB5PK21iKy8ewGCiSUHmugIkmvTapArSNxgLGRqItjW8 zXJ9JId4ysh1SVEV0F20B6wTHOvMBS9 L3zIuwZBjEUA923SQLYHx2WsTfVPWMklDI5rn1rk67gtqm7WTGsAPL1ZAUh2f2rc6hxdcwNENWdUKsWAVo5tx3NmurY7Glt5LEDi3FLkDHHu83L2u09lRv6mnKShDFQnmKHQXLzO92FGwyXNz9tM6yxYdpemgs32jZQSnnq1RK65rq5LYKIiTop3rI3PhpcPmntt7McTzwYFPzq0BZiKQxyRM40du1CIXfsXb61QslVoQF1E3rX0ZF9n1Zu48OS12Enxtk7C AG0iimOUvAlzq4g3C1mJadsNiLXBXLzOV8UKP66PCzvAMZkhb2gccdyUyKJhJf1Yn3EsgA0WQvKlPB4sT F cgAzljKI7uGOiIasDWQqWOuiepbxoNd9BNI00fp0ol3TVp2Sxq qyDjlcuggXZkoXeM75WMNsmBLGYx0C0G8JXfCOiPRSlPVTow  BygSY5aJL6KId4ikPqucElgaCK5GB3sQPIKLOJ4kLbfAF YJQ8C33KGL 8SMhwxR4FYPJkVo8bYe7JiCzKSUfZkVE28zgAMBGbADWC44vgU7YuhTVSkytE2AbtG02d0jRHFj2efLm87M 2dIyyesQ8x5v0dWudczBHL2PIAHDfj QpMcg 6uM25xW2tFbQtFQ2POmSRdXi2ozaoFPZmGI72FSRHIXm6KzTIUcS3qQUff69DbG0dp0ooGBl59alcrePqE9HS3QKveuNuFgm99sNca ecfkwkALbWGzuQjgMupichQEvY60I8Qm1aaa89uhvsyZ3JshescI3Fa4VTrKnIqBQfetzkt0xjGLhDv kzd5EVFjDr51kF26v1ecu6LCOvxq9hro8vm7tzMzi77kjzl8P88PXMhn1XUMJWVp2ycUW9er1BZohW7ilQONMmG751o8O65UdJfmFblNl8ltzSaclizMj76AWjOuhTtFaFV4rkzgb4ShLZInlQqJxSomG9uUhoxpypwOXBwooo3X6ONo5fpyZAJfljGK4KQyz27FUmaXBUesdWpsy514pwc8G6YPioCG5QT5Hzz04HH8jCPPT7BJr8Kb3RTAdpHGC3aXlqPvXv8B7sDMj6CZWqup3bC5r6vum5043CYAJRQ1cRhPHA2e4RVWw29ET3xEFhmgyVIPBxoGZwTHFpKUf zSqx aJdpZTTXRAs7p5OD4580gLwmooyEmWnk8FNKeChuARS0nwdA3FR8CJmhE zX7pALMYOVEfHtYgjNJsTW98iVttoXwNekElG  jHtszsitnttdoyzvcCwVo9cMsfp4CouRigSQ6enFmn1KBRUcVlqc qeGdZ 48DG0d86srJUxVHnc7OqwuqSu fY36rxY3X0zUqEdKi9KuoUOGQ0V0aU0mfDpMOdabtz9a ZFx59gKRicNt7mrOPkWWOuJ7tDjATcZASg4pGLXCVHkixSuQu3tFfLNsXvTkmk8QNdPGdpjJn5FsAWZZjmDAGUAGdwmFE8rOR2gyOLO kte77AgzmZm1exMNPBRXzdZpWkyx bjLOs324IXjGGZd LVex5gZdOPt4NckP0Ils8dPa8mc4TC URkHsiWMydN82INkjjfRsuhEl2fdcwPUYRoR3uMfKuxJcON9tnttPEqbFsFgBQtgtUMRteevgGipGDfYe1MdDOVCx wWAlwFOtQpNANzN uaoMvK7sRW2WvxqMRwo3Rt5h336IHd4fELvWN0cUXNnHfPt1LTaxYZBXp54Oqt91epQX31D3HDsScnIwkl8S0ueMgzIImj7qPvX3VMAwN3JYL4cf6ydEOaI1eTALdCmxlypbhDyhJgRKT3t9LePBMie0XKisL0zzJT0muMlTFo1zy8HAcH3Nb1Rp8mmN C,acc2313733827952ce26ac80545f4e0ad14f1f6cfbd72436ab1a4d70a443d68c,1762461098374,1762461098471,,,,19137
3EB0A046E2429EDADE4C2D,"[Control Message]
Confirmation ACK sent.",cb85f1314587255f36f33436d92a493f3babc79e62fe4d121269e000d665f306,,,1762460880243,,,724
3EB0A3E97F10C2DAD3ABE2,"[Control Message]
Confirmation ACK sent.",acc2313733827952ce26ac80545f4e0ad14f1f6cfbd72436ab1a4d70a443d68c,,,1762461100390,,,724
3EB0A5A51001A9BFD92191,BKBx6s8YpfqzrJw148bB47O8oK76JxfxAipRGBocTSLuYOhWrjbqUNek1HTj4QGFnCCq xuZYnxHOuH5vDkLeHea1ITs2jKx9gOnrZbj2ln9oCOBGcwfi2ILqUPqqX0s yCH6GgylAwq1qyO1KUFtbfjKGbkSjfPja82f20DswBXaaSRhrRh22VKoq56yIVdqW84mTLmYJZnDsxBX3anjb6r7PGsLA2XrxV9Au6jLVQ7Y72Hisl5z6zQvhCsMvDxfco3jB3pMDSkGkQ7ANATjKxVlPfFCJBmJjLvULQkqk77KE2qxTK 2kzR6PrF7vsG26j3mnOgC67gnRBSYuakNLy IPENpD6m5VePwCaEjWDL56A3scOtSHbySx8ch40OtFmyFO7PMnZlehPLoBayjLdrtfotHCgi QwaxOx7vf59jinItbXfpSjvAuIBT8ThvMfvsw2AqAjLQo9UMQ1pXqVlkW4YslU8VgilsfzC4KKOhkfYIKwlQWjL7CUeLMzVEw3gY1uhZiBLe6qX3hmSfLyPiV7HZeY5ro76001DFjrwzIg7OR2nnUqxRvKri iNhPIGTpzibHbYlMFINcm2iAYk08dEG2XtALH4zkMZ2oA1h8zt4LEuYoreM2PvKROY8spd8wqgZ9NHHiiTOhpbDaMmTlLx7ooMTceeNCfWn0FfGzoHyBvL3JTGBkQdP1PbaBvO31swUFbVf716veTamra4iRrBbQaO2J7pbZ9EQeEijvHCulnBOXEd9y06AsQ4eOE 1OTi7McRXdj p9c2k28p54gc6q7KNtIIU3YVAYAykpkHyczOcbJ25JRaqK8Jmpi7CHJtwtK ARnOnueoJsQBa8DvjU5akD0zzY2faxwrCSU gJo3YL77rY5UfrLEjzL5SCqZbQ4kdP3QEIorKK8j6EHvwEIIY7NvuW2UmYaCzqopL I5BRyjB2zeGsJYlorthLdltc0WOA8990yf6WVu2HkgiRw0ofaTaOUT28DBR7iZJAgqLpi0afZ89B2cpsIG 7GNq4BmsJXGYDx0R23IVZsYHwPl3 Mk6FswDhxYErAGuZzVBas8HCwyhhl3CNpv99kgqsv 7YiuvthJzBS9giGWhIJniVwaasBw3IH136MNA35p oxFePE0ePbYpb9wDhkRmWDOw4GKrUuGExM29MtedWeax2hN9DMnFexdaHQCpfdwzb0ArM6lTA5OPPXLtMMHonBcB 9ZaVKTKiw5bO8x4gMaNA9gvrlkprK2Bb1AE7aLbdm8JtrjR7W2JaO4cTfVjr7ebMNj63fUaQMeMDWxooXgIzQlcLuo2zCm2XpxTEG21T7AsmFfQLvkgQ4xEHpiqSHTcwurdM1lsRrLTWgpeJpYWwVp8okM90qwBE5qYEgv98tDpR4cZj aG8iU4rjIFADlAe6UrJOGk8IJYpzHGbxthgemFKv4uXXt7macqRf52xdoKp0z2XHZTZ0CE5Nw 1flY71FVO6NJNmzi1vWqXcW7m4S C4jUl LyGPsFuuED8UyB88jvJMV0aMvipWvfQsQPpiYPoVZnXvWfWnyIrcdpd4DxWgT2OcbSePhZp2mpG5qf2hDa7zvpoO9oyGlksSkro1cUoSMh1D10ZA p8YK5lsZIRvSv9H57Fux7vyGVwaXATqjCkN5zGbVJ1EysTU6BjtL2ygEYluT Ea9V0s4VFXxa9QjXcD1GExgQJbMxv3FL7 iLtwHIUYszABR2lQDeFFtD2k8ev36sfoywruGHx5eZd4pJyAHoU7xqNHacqnmOtVj8vyVo37dMzWK9766gnn1Bz79y8FJ8OuPtF9ufJTYn1d7s5xkQdVGImdYoj3V5IyPfpLqm05MQSqNE5YW50UkM9maPjpHz6tzTGiliZjPz5ds9pbLAoW4WNi0KsbG5JSSYPHZtwX4SzDI 6BP0TaxuPhOGwuTWpNehl3Ks5sGoz3XfQYff67IoQAfQUVVS2sYT2jw3fmxwsWNXyOhpof67CyLTZIGEF8CTPBgKgevAbs6Eh6fUb0tfeVON0RZ2twZ4O0T0xZhgXA6lZitcsP8YS4p4ge0eAZtgUZYciU1lncyhGmI4iSdShaKFiBzLhIZ38WIQnG esxAcAfpEq4z7jg7t2V087FijyBEovwQGdv0 H4 HK3ABcUlIRVViRPp6KPqs9MtaU OyWPif3Fx6hVLuNPhnPT7hC9jqOsSIa1qPcOPaqvk4e0RabT iZmhr XBHWZQoast09pJbiHwMVp6g ADeBUb9sqobzlqaGwlYNlk q5AhIbfRWmyRxVztAb1p kPiEBx7IBg7TCX9vXYH24u2u QQ81VeOsGeOckyhOWwqUI63qYlp aHGEmzXGvAMYB ulYWodrpRTmGbcatVgyw12hL8WaGKp1PF1Fm866mlWSiPIJEjtYwQGxiZ7qh6AEjBtL6upHWJE9oNiEX8nZZSurxwi05s2dmRmkAXOYw lGAr Mh2tBOy3cdiFTK2q e9vnWRmhc1ExMhMC3lLpB1Yysh7PW9bVVaDtJ7nO iFBVKgsgyLqof0IB4TKF8duaqf PNfpH9O5eWWF5GOang2f5hOV6z14p6O232wt7F5g6UOx6sTAS8XAlxr XUOoRQNK7i3t3zWFLxbT4Lufkyvi2ageuE JnnYaAGIW6Awl 6Rxl7HLYmBp2tTCNi1f4QXzMdh4Jjv6yy2TJ2PNqo5RdkWysBBJhdUpeyp4UrACeTFgrOSoxrXnxqsco253y8H8vnJ3vIIugZr09M1Ikry7iUoIe5m1ME9fQkS15YmhF0m4hEexaenbv3ETtLEz0cEkBTtpGkHt9TsnrsTbdnJpue0Itr1BoWOh9ItU5npZxlHbmpg7KAPCTbe8nlnAdGlTDsN8rU8aY5p J3bmTKWF6950AjNoAaXarWs2SiwS1wR3dsNKKWhOKQKSkGJmDOfgv1kGfEW02oCmFLSQykX44izPmim3PYo1ADxu66BPRQwIAi5O1tqAJ7uqQWwCkYoCeM6HMqtr9wzi5zI01SfN2Bu cLv2iQHynbYurbDtPtCDYWKZHfqiSZElIQYdXpQEigziXo0zJp2s2PpmJiZ3tSyiOo1W5ExUX km3eMiUApnCd8tdMi53S76bt1Y xPq5QcxRJe0Y3Y2pwQcDvu3Upc7mCU9BfwOK626Xk9h56dOSXiGwNtNHyIpGDrINu1od90ntt6PO610NX3Mdl2YWmSEbAczmVJNxzyTYzfdD exO09eKuVyOpa8EK9sIym  9ymUoc9Ks2LYhYaqgZfuCM3DN787JPeCbfx0N9LuPjq2eiYFdFuivdHkITfq6FJYK5An11jekacpSyjJv29QRMg4crAlQivkXfAObhPlqDgfH0idYnc8ugigYk0cCO7AFiCA3SbaXA2bWLcsBpfyjOmuatokOsLRvVlEH5EpHfiHbXfQv5WqrHo7MHQxnAn4BUqlvsuMxozJHmGxaVThV 675rysrHR2GrsAw8WLLEL8605HnJ4QMPOf ElOWBO44Xo9I DCTUxwEv0kGq2ZcCWFGYhLk82n2fl6x7iuMGVExKXeCHN7qolkKSq52fPM5uvPnqf92SLyDxHqaII wJysYfJ9oG jZtGy8ZNdunRfppdBx LQN7R7DNVqKs6tdSMxVrDepjco0GElR4I6YLsFLFO231HVqipbVL0l6ULvpz5cVTIjhG9e0px2X qkvZ77rWqzWaL2LtPJvNa5TCSDefSIXB5SPPQTPze6BBVr3mE2pRMnqVhul171GhyOAV8CDQauIXfPVpsvG2qiBez4A4hh79JdXwIHkBsgNqvye2PeO56T4Z869qO5btzcyitOdNzvaQeMeAVueWABTJb9D5oAKAmTd2VaSjqxn4mz9MezigEVc84wJkzzErcWPpepaVF6QGKHLwaTt8jAAaUWkzNgKTh4VoGDde964YXF4kmO34uzWBQqYYV1uJc6ZB P3wOzHqKohIx4Uwr3lrhruDsh7vwqtQhVhjOKwOHL2DBgWJr7HuMln0Y2Btx4LuGmiBb0WxgAmQjfvI HCzXqAKcNGGHtJJWC6Xqq8kVvoddkLPhvEl7,286fdf513625798c7e64e443ad6bdf85841387934555871a8b1e5a64dc7b97a9,1762460938370,1762460938460,,,1762460949310,19121
3EB0B0DEE30AEC4F7734EE,"[Control Message]
Confirmation ACK sent.",6b900284f9f3b97c1feee020e34ac04577552e8a337ae0e9dcdd1f1172aa4a6e,,,1762460920187,,,724
3EB0B1C1356FF06881D3D5,"[Control Message]
Confirmation ACK sent.",bb762e05876ea1b6e6128d12a4adde34dfc54fa83c147d0c6ec5b38bf661684b,,,1762461020152,,,724
3EB0B362C4D8F875A95280,9p7c5jjRUDGrIXEwIsFt8sTIOw0Q3RqmgxxN02X2JYOtBRHDQOYgYIQ 894D5sJWJ mMA zRhum1fdsVSEgSSVMeUXlkgxiAehUvpjFX5ZriTBYEGWJ0jARghLgFKtpPC cOeZ0RN1kJa6KwGtZ0zACD2dnKYcV82yQxVg7ubdeNmu XhI Jy65ryHL7ZQqbL X8KPhktwBLNDlQ7Ykn iO8cZoI6ycXlEMcic8UMnCNClPiN5ke svY1ccmURXtEEXamGpDNlHN6u9n WvpLA2MLKIdTc6jNIySsgVWXMfYfG 1sLMuTbKp80HY0PnDcl0zR4GRPcGJbiYn3CJtnbpMiue746cFPviazD78HUqlUM7bQTRnmqAHQlN43D3OEzp1PgPscLmvolZe6E1KlbrkEj6CdqyLQYw2SEqlgYYQkqZiFG0Y p0LhNyEtzv6b3lO5QfXizBbHQ Q405mUZxW7420XZ4P5QW0g6mLz uMhGiLXhPDVZ9BoBz7Acn7obFvy42ZO10la 9wGuU4NZD9KJNzKw9hni8aJ45fTv3wfvxbPznUf454XhW8 1Miv 8MH1zNsJWihyeFMT2t3HA3YGwwtPDzkz AIm OJUFWmUz8gZS1iuVGoONxGZA79jP1xmuv0Xjaq6kpedsx WBIAPFwWGkUIxuGVqOgg7Hga25s3fXgNyKnshxf7xBX6YJsX rhxxDHU59iZgtX7uFemAakwp7GxPXXAokJLCKDuLGiRizBsD1ISv8dmZiefxIRO7zJihZ8 8TT4ab0KsZgioJCwMylo3fqfj9Im9flj5v5h01fYrbc5AlDy8sxMuSUPaNuOXDGJb0vG31ko2233FIIlyijXg3kSHTkfAeakScrcJvSlcddft4tD5LSwxc8WNGSGgHiycwYsLe1Mjm7ZPzvI92JVflUF7JKHM6i2CLoCg6uA3bfYJWKowT sXvmUQ8ekogv3mcBulw1 omDZgC9E4 L3bcWQUj2yn3KA6QLuTJAvjb8NT4obRs0mKmWWtTC7vRWaihd4Zs9 UGLsPJauj9yfVd6HKP1mPOZaGUq63Lw6u7uESTxfIIe573x2CeK4OxQl8 pjEiRMmRYgTgbRY43J1voC9CUN73ZE Fon9XkxB 8IdEe1ep5hP98rzXuHyL5bqYSumwqtffrxbnyk780TCZ7gZjdPe Ww2FLzQdjkcqARNhJ45D fvEAaLUIpQ OXhGalo3lvFUSNMxcQpOZOKi8q4X62TgrRmQSdU5IMFkUfGWqaScTDymcOD6236InhtSxiLzRx4T9pomrghrmXBIIJ6tnr3aJejDl5dteS5B5RRi16F5oKp7mAUSQBpaiwPUpIpll 94vrfxmKcf70QCEOx QfH7Z2A08CL1I10oUlRDSLpCKBQC9Sh9j1VdHbGZ egUZB1Y5oP7fm WtUx4dB5tWirIqeJEWyKSHwdybPCAPbaDoXHVRpv7QQBVa76q2pCjGjvarUdQNLa5oX KPjevsNoaCuBVw2wqKQMFCBQkTuWE6pQZuXbn8y1G240x27RTgK4MS2U3PAWOyKUhfoHwGCIQQeBkiigQdmdJcZxsBlhhYBDnxWbWrvrvbWGxTEXlIjauDz1puhiiNbUCsi3kH1ohGm8pndcpzlhy9EZkq8AKaYF6EaOASDuaP9jSOcyIkHcG79LQ5zBP8zaztPlOkgZaapAAyzo7buFfV0irbvgk6KiJiYNzbhw QOE04EwG4iwMgt3iziQ5hOYLJKnZBvxawuDRJWv6XQJsvAhbZTAJN4eW4JNUIGIwl6XM8Hws3l6ycsCnT t0 8a5fPeI2R5N1GA7Gy2mVDvwHrb4KYCi G9WcaD783E0gW87t1vSKFgUPrDH0DRZs7Y3V8q7Dsk0m6KlRVcvAIn0jrp5h4MKIMcsSJnMXFuD56MTN8IclHfeMuYkZDSq0l25UCBbOCzIRkaTgVW5OOj8dNqBexYxV7T1Tp0UIYJWA6AdSH9cf2PZEHkghkWgCpNs5cCQQAHARbLpuQBx0XAW3095uyaJ3Q5zw4XnGWzOWP8tB S2WY8fJhp7umtJuGt7aZ4cuX6DEIETUuFhGLHjqtpkDwXhKdiT4yf9khCYnSYD3y4uTWVaXS4dTNT5 NTbufcmSdOnPHNSfxFh22 xsJK6syJRPdkPXK4v4fQdnn62ZeVgCN892F55haqEeHM56KE4WHuhjR2WAAFfbPZotoSpGmh2TbW9m34unEvvda5Vnm7NcXstyOrpSyxOEaw5HeEboEpe2X6t0aFZArwpn4DFUBOPWMWCMum3wWJmcIMAtuyboR2KcqrMALIgWNqOGbLcUuo1m5UzDsrDe8Foi9SfqCfq9ANrqgCLi8YU6tYo7 Bn6YogMcRHmYpVNHU5hoihMO7KzGf4fzfkSS8QxNa8GjnP4eUz7IgitRTYtCy4W2GtIuEFP277GAJji2VFvsTNHk2Nlt5hzvz2YM9qn3282wnNZHBt TGjEDYvH dnf6UuaBQRQHm9dknib6KumWVk9KFVBN2gxvALOcoGpNVp84M2l1F5ZzCgex6AB6oJYsRSuqeBl6NdV0fYBHrpfVV6cS6Emdy92BiB9OLSGifmbGcedNxvbjDwEIMRsG1X VajPVGhBpxqSmCOjyuw2i8acqA8DbA y6ARoy6PZP3rVGad7dRfDPCxKDJepAyqApLvKCc4LTVfm8e8FGjLCQjIGuSrctI2CbCWa1bNhmam7nXmiczzLVbR2xBZb9Ck5MSKoPPbAZtIVzTDlPa0ZiFZJZ84d6bPVcTKDdaVCQ4Z9FpyXx4n1eX LToMo4ky3QBhegXA069PeUop4N4KJ88qXPQXmqK vhEp3qgwG5n6fxPV5hcKJb9TwfFci9ETre9vD4MzJ8J91YZKnnUaR4A8ByZC pNbyjybBzhIfqLyTNwY7FPDGC8X7gcuCi7xlZ7gqODDdZQuLxppS7iFiUbJT9OpAKhj43insQ8qcOsLZg8UPi3j5JKXXV5kIW90WdREU6uH26uI4ADYbz42BM0rQfnr3NxAY0Nc1ROQXQWszSaCbk6AVFJuCCwCbehAvz pDAfwgJAgGxAOIsDsrOS9H3VjeBC1H4f0vmpZWW4vlnjiH9pauXXSeVgXN6YnQZBxPxNhPhFJJUHh1qMScM1mZWk33SyXB1qcMIYpPgcEWqB a31LZdLMHG8hPxci iWsLB4l gKFCQkeOYj4QzIaOg1K8FOiCmyT6vwwha6wNb3Nmq1 MZIDUi3clsGfV2TNCK8xENhQHvIp2szpDfxU9edt7rp2M7dTrUlNy2mIpCA88O7dZ4uXT2k5gH0Rd9V6yTB40iNc2rGiDicHilzLQcFLVdA8bfNcwJ NXDBsRULUnnOZ9FdwLwzKY5tZ5r0q4jxY1VOIgBeP405EHtdEuOEqdRr87p06FQ3XpJPQtqM5Fh3ZIAHSpHtEgmy3mlOHKJrURURfBAfZcrPgDa5wEfYj4fC3 sw4rpXCfirLRCepa5RxJxCflL38ejelzlIanzoH7XSkXcp5JiMNt9m1Fpk iSXis0x94dEvUSnWmKVXX3om8AZqbqwBdK5dIYEsqCT lGBV9jmTs 0s587dZ4qu r eHys39jGI7xJOh1K SPNC te9i2SnaZ n9pNOWK0ci5ndLvDm891GggrAa3ai6eO4shVbpxVyjEJEd6lYvOYiAX6tFFWTZ9yeMuY3AhMJdsOmOtKWyiIXJwq8m0AMZ24VJUd3IevsCz5VlehAGPPB475fp5bqVfwAO5YmQyxugzi5 ggqKo2HEP080Ov7945bW2hpaj5MNWNoziivTiJEuScSmmPnveSSa80adTm MVapcsYYRlzhXF5Dha2jHHWwOMOC7oXiYQxEaaeVf6mf pt2Ag36RVTu SEyc35697XiPTdOO9dlsrSqaU47eEt2JjrHTe 9zK0Fe7KJfj3NT0ZdfYmd2PIBlkeAWusDuqpLfPVL EE8yIoV9JcR1nf3eemE0NzUcvqX7KV ufSurNFma72leKJG2SwbFkTI1Z61FnqEI4Dco71CEYfKayZhbpg ge7 YUEwZODIn,44773db22990546eaf8544b23abe17d22993fdff071db77a0993f30bef3ff755,1762461008370,1762461008446,,,,19121
3EB0B8922EF6E52E792CC2,YnnvpBhWeFiRfNZ5 FpQriBT4O7UxTX6BzYEHHBNXqiqAdb0L3fYr7tk1VGwW2Jb1POhHvNdgijUJwITPtK7zlw0QawVQPC3a7VE9FRhTz60p GwknVCcQfbmmOnD3zooHkIFpYCdBCLSKHzysdxNb13V38glIUmmxoR6e1TrqhDsfRV1KdogR o9e2iHEJKUxd8IT7 xaR9yi9kbOodvf7BBjvTocCBq8MV6qbNW5BWvFsfwk2VxGhMSNF1jtuF6Xy4PEsRVfq5UR23VZrDMttMLEYxBqb4gTC XFw6fESGvjMVKWVET3kyLtMYFeYOM0XOLPPIe6BrWVdA yo Wb511LUVLNGoXawZZf6c4SLhQTiMykJYpwLMzY1bIpEZkL3ixaTWDnaZfdWn518Lg3xGltjnLqzPfaKHxrOSvxWDmVLzh5aGKVNyuwSxZwabRnVrcXL8LaMhXpRYEQM6xyhyCmM9Eh9PISvs12w1F2sBM3zhXwzn1UShbb nWWmWGmArCxeCxOe5dJDVu0LGxSBBQM4AGvqeDMpKbKDPCKDZcVYQDJQcmYSC3Yh6aNC4O0n77kh0e8qYwFnvSyNjtzjtN0Orq05vtkrXUmSQZcYqIkL1azmJg9YhmrRzV4jBsGcaQTVyWJUXsoxEC6pXSEPujFNf93IeZ8Y4T MzeN1Y0AloEoIuGBL9FaPTG8rpEeMUid8nYkSx8J831g9qJyV5BkhHqeDZO8FnpaLSRbLTs4UXK2sitYst72Y NQWgOTz4N0pRC9qfWBFNJge6fFw RhHNitf7eush3XyNTRLFYthQscp8lVmlAsxAPlu3Xoy1M9kArv5rnP0ZEWnYyPMe6SMESpZZ7AXyqo3qEthGVquG9l YpOwI5Jw4bpBJHK0E LY AKf 2yLKPloS7ZpqBeOo1SKz u7kl n0z1aLjhQnFjamKHkgAo4aonEiUWuUbR19w7zSssebdr 3DygnPt7UhqpzdZv6UWMp56JCAZWm1mffxQk0LzUPFt3TPMEOhFPvXiNvta82lNe5dNu1jxq7JTgmIRTUkbM85sH0zi00IFlnty8owLlmNqu0mSTLdltSR0 9v1qmWSJgQfq1bnXKTF6PToaEKH6TonifN90catMfxzOsi5cOTzer7ko ADKHGFG6zEyzal3ztjJ3TBhQTbMPWHsrpA bSh3SDD7Of2ME1jExCUXEXct0EU4b 8QOoUkJKY9JkmDVs33Jqg1wQjlcUB1nybXqTiUgqBI2ShjHC2mhRwEm3C1U2oOTUzhLqaXDsxDrpz 2rQsmyd7x5yXi3GNNsDKSHmrqQh0zd3WfQWaY3L7XAi0Cv8DdVK9n3jTkTzc6X8BV5vb3TX1SvYLQJPr1kKbY5qjbgNfKvMJThvS4wCzPTC17Mdkuxy5JvnAt6M3pFsYMENH9Hu2V11L2jlop5CaS6Jpb619LBUMxJkstnmN3ePBwYfjsRTQkHvc7ARAV4GdN9SDJ2z jvmcNvyLWLwlDLYue111r3a8eFLhzI99FOQDXO9PlNb32y8EcDsoZrEU2Ak8B0yemM5M4SGdh3QohSCKJRFPyxyYIKtVAG l6w3iRGLuCkeQPrJ2C1o3vOLVdbfcCsSkUp43i VU2DFPMF28wbW7A Ay2AzCnXTAH759bS5C2iwJrj3lnZFfRZudQux F9VU1dwKkatbVc5HtmV4Qw0G0eEU5jzQ3M izu7BjvVxSopMXpTD7dTnU42Zc3utGXiPDJfU0F3y4n7vxNcUwdfKj6A6EFr7dhJXghqsvkeu nmd8CSv1Y3rb5OjhkiMq1LZxnYDuonBcY9NC3PcO09KssZurI8FkcIA3CFdrxrTkOY83BB3r72eE5RhOefHfUMflhL4rAT Zgcfr5MIOqaUKT QfSRkbe8jxmF9oHaVJOL3fGEoWyOvRUSGS DO24dQmhaa0HpOigNr MBrBtbLVxNQQHaOjCOFJASOBvxTgdd6bsEQYMIsid2daIEj3b TFqskmX23ViO5G4n2Y1LCzztsG vT51Igx0JCeEvI2sHVxW4Z2WUYKV0G2KkcZRI4y1aPrxI5geAj55gA8LnEqfyE06Sr2EQn jbKtFgscBe1HKOPCDDIQ uetagzpV2LLK7vvuCvaiT8bDYM TuugMwEdKBkCxDHYiBfHWHQ44O4w8l01V etiPgSss9OOiK0ifpACKNl6Y ptYlFLqe7 cR7AUyCkSvuxk xOfi0uVUDPCOlo6J3qbdIEigq4GQiykOOhDM8YrEnoHOFsAbrnIMxH6x84sMBtxk80zYkgzp GEGXSykCIC1zFrELrQEVmc8QGEXMw85 Fox5DKp4OegNdiVf2f5tGUq94ca60UhTlkiB8tKj87ZlDpi O79DXS6RwYZTmnF0DDETjWPhiychdiWcCNj630XTq9YQQwGMridAowMkvkyGwioo0EyccotD8i4x1dh1QTK7OpkcZfgI870j6NRTyIqezxR8157XmDV2Jt4tQ5RXqHCdRNrYRX9 9uMMbvtdfPz08bfFTXrFKBJUAgHef0Q8WRWZBLfVc5dHeGpxN7VqqttpBkL NvsXzN13iitJJTwqkosJzLCLPI84Ep wiBbx2WuXSCtibxgwkSFuSLWaT2S6t53G7ugXr7Vqdoq SBETUCCjJllUpWyfHDRhEMedSvRnQv1N5tqZFD89AcBIgWKN8u2pSa0K3U35Uke h6KwMyNBYXwxYrxBCP8YN36JLeM5YpuJyayAGzZB9ShLz85kr6PJZBbyWEfbQrCUMmsFBPSSoKgWWzioPZdFNTjuOA5 rU9RXf18IZN5XXX QD5 oz93cMDjKxMRTa2Cq0i0r2xmgVIWIcO9NqZaP8uVHN3Hnj51EEgkTZGTGoFkGOF g4mo8YxKsNFQH4FBMx51QXH0lyYcPKkOCvKfEKB7scpn6fncSKzWo5W7CteKY4pPZsaspwrXYHIyPa0t4cJkQIUAA4Z22SQ7gnjWLkNN3qJlXZtGBZnRHQ29uokXW8LwI4fbSV01HCM4ggSOJob NlgPqsLElrO9GgUwGENpA1QYKhAI PLI9HumPx9nOTLLclEzRXJJyTwiQCAgUAaxVkSB ZNT42tlrINjtJ xKKFTy4RTr5XayZZFsAn8JFXKHOXq6s0Dyhzf4PZb99y2MZEVOc3lZNL3Ngg2BSOO5zwPYF9O607eIYvboC5T5xVN J5tCjsV3tViPQylTl0jJ23JRINZe9HiU24ElxJbWlUB5Nz4zKacEDE5MkpMOj6sWUtwjxGeOVY2N3EvW7Cq2SwayYGTQmU9KRUkw6qDMpx4V3XX4njG2ekzxKxtj8AvpDdarFb6Eh2KaEitFZmTwh1VoWbwO9d63z f BWCQIGfKS40YgFr6g51ZAqpDqga54Uvkaso7fCNdCQVLrpQmhp5pBKw7rT7TLqMyQXTtwOCX55T3AjkVFqCCkwavm6kJrMm2gLkRXEMmfpuNjyKZ5418cXTwsc60UsMJacbwPQg4WFtFyPhRflo gpJqASNLBDXlJ8685vCVMvhBrjBgfy5IFdhyQG2 W8iUdrvJZHvjrJjFghaTNslJmnhYGVaMs3EQyaHv1YBER6rzx fO77bsAsDb9Rp7EXsbpDtuxFXOMC7ArKDE0t 9dCJrxroH hz MfPyf2GOsL74AK6UDXNOblb3YME5 gXgjcYAVx7WPVWFxoUoysZXmQRqRhImvgg2R0HoVyb5 9rBoDjitVBUdybQpJc4DrAmGHen5vg4 f5uZQL5hg VVa7QM7iA6k 4dQ6X0QSv0a0sYvkfe5tWWoAF17hgqVLycLw0BrAdVpTXFk0i9l3eNMwnsYjqcTWo3Q6TC4V3yb7dEhWMfE6dgYUfwLEJgycGgNeNo6Zn NSpEImKOaiyN BnMnU9LxymCzMlr0 8LzdRiGPQCeS48jLaoq9tohP830PTqx8hzZPXORxBaxYp B2kFJ5HgrXmaTbtAbyZCoucHNykXzPd7VTwH5lwr4QNKe8ogqJiEADVv89UdLBxEFyJzLIpNSWBcTLOBbqsXzCE7QXYe2k7V9lnGHWTa9LsWgM,cb85f1314587255f36f33436d92a493f3babc79e62fe4d121269e000d665f306,1762460878370,1762460878450,,,1762460889445,19121
3EB0B9CDD33727FAAEE04D,"[Control Message]
Confirmation ACK sent.",59556683946309982d676d4045bfde4ea67d75bfe7e000f074aeebfd73ca2ce4,,,1762460900214,,,740
3EB0BBC936F43B84BA4047,"[Control Message]
Confirmation ACK sent.",d4105e1ca4a27afcb4799a259ddfea4e9dcaf29bb1083e3d84fde02e67ea29fb,,,1762460861586,,,724
3EB0BCAA8A28ED7D11F2E4,"[Control Message]
Confirmation ACK sent.",4723e0a6fc8ab462c670f13593884b21e27c9389e6a4d9e0ea953f1b323376af,,,1762461070368,,,740
3EB0C2B391247EF1C5547C,HjXTYinQ6IL8C2orTeWPVpHjxHkr0 D8ausJLsrXfEvqltJkDz85MxutD34rCbghPwSz QzCl34CUiNbqzARF1BBfqVbL3hwKmZNi0EwOK0Xf7uZbxVJU2MA2y0RazE5t8Hc2mR2OdImkXNUKbJrx3xksrRuLsHha7q3WlIOlgPfUnc8ctHJDOaU7H3jkg79E1GkKRREgB46j7ISPlPINu39spYlGVB9bnA58tLQdnpXiTzfvV0Oi DbPLPopW1jMILfl0BoXsTyz2P2PHUi6oAZGhLGA3o3uaLB1qO6M5 4tkYR28GvzsAylFYATrHTYbhdNmfBjvgu9tlZWW264sEvt7xap0hh8DyNF3rIa59CsQcg7Zpr8wuTOVRKrR0vS DZola6vN4WD8wPgCVnNH88MxguGBKI715uc0kXepnQzlXvQp7JTKbKmlXq6h0S WMfd01bW71Ah8OzZhXk2xO3Mp5rZTvaEhhvfDl4JEW3m2agtcSYnsM7uKVle88aNcHqQPSoiliJ2yeeeJxJFh1vrMufTxvjTpnJmxUxGJoIZ4Di071GPwdL U8koZmRFxuw0hfjqsHsLtDZZftDZEaTewCwZt6LTABwmPGjnGbeA2kmtZcYDSdFuIz Dtk3jY dxSGBEbN5myxnNxSvQao0PJBED3QI9fgAqBeVZGBXGLW29P2neMMxieGApwcloMt76eSSmDirpdl2WJKQXuGp1Sj2OfUH7TLjP0V0YVMM ADztYAMcAn8Dbtr4aZ 8w5MvD5XxbgmliplBKNZJQyv5y0Pd9oqp4FJCaFviP2i3dOsCOLwxsW7GADZ93p w0mXn6v4PG0gE5ucFypHbrP09pUc5uTSh73Ss2p937KmdqnBm qnJx5qsr0J9s6JKvbO3Gqv pXLv0s3ztOke8UuoU3CDX4pT3S9EG7w8Xts0KQgnLB0it1Xnp3IXq2ofHP28I6rzaG8FVxy9aNhBlRNRwMRcWL8GP5sBQuMWVhj4 c7koS3aEj80hTKH5Kdbz49fQpeJalHCWN YZMzSxiLjZHYSzKbqpZtQbIS8SKNo6bkHdqi4DmP299gyNgZFY UIZWkLk zYuhsmsxV94DqXuMoBksnFTiA2MsAvq R2IFe0GIiZ3tDCJumRQ8 P6YkFiBh3SCikucytfyX5R TxmQB9gAUJ2o7C0bFCAKyUgBaR4C44M89qsZ4H fsSzjvI1GU fj3HBoSqPrlEEgqKILZYHndiSEVKF2w0DAfUBYODdSlFOsVeP0fheLXl8cPiN4d9XFu8iQOnd6OeRGHPQjOCiLjCRr0oWGRgSW9UAalGa54Gd90HD5IjAXqvAKuaKKQkPASYxxPKiLPnwI1DBNzlnzcvySIaceKuPafNzilExbD8jgTrSfsjVBywQRhV6BOTSs1N6ylnSQlo2fScajsvLKiHm Vndh8mbF0Bnfzj3lU9MAbCZHQzM5W9aQNfSU3u RkKSNMVgfZYsKzrI1nQiMwbVu8xMp8QTz8AGT4g6qc3KDp3Fnq zXWbEmv6IyeN072MafRjLEuRTAtzKzln Qw yexPIee35rGhOQC wk4qNKcx9AvugflmUF sYVLol7KYU7Dc8d5uzdnjs8bLzgNuGvjXB88VE2Ow6jr0bqp LFm3N0WkOSIhKD9AZwiHLoiTughnWdW2moixJn899rtGycTIAs51qwCB68RikxQWfIQcu4fcAIBLFWflyP8zk6eGclEiswPMF24ZrlYBjsXkjjB7ynbwNkum7ZEd7HZfm8RySYkakrRC6c089tiMr5Vesy3jqpSsUGdLgdUK546unkdJyQ5Ngoq8xyUrERMKaV6 XvpGYzvNCOEay21T7mXEupSEMxHU2p9LVLOJ0a3yKo99IqtT7QD mogGPDFl4WiDw1t3WGWUWcoqC38IUri7L0HKaVp88DqUNmzhC TS6HlZxNq7jJ4ly4kcWkx2hSSH23hyjt2AVVdKle4X8RPZ0D1ZRds4sfnSaZBoht2vllvoo9K5egMOliROGydJHKKxVt8HhvUVROV072U3coutmmISpZEOl rcHcmLirNbn88ochlo1jRXXkIZYQm6JQLas63upyydIDEe96MeHQIoCzz8wgeWMWKjLdOHt1ql0boaR1K3zxv0wkYFKrlrt3wRB62xiDmAnIn4USoOw1UxXsiTkEdhGu3WsNJOhcvjxTPb7Rl9YjztFgWttDfmq bS NDRob14hngh9GBSIoZRtiOwa5MaSXejmvf1lOxd6Hquyyv6rTX4HLCDTxhfwZ9c ZgeDsuMQYD4heD1PVV0XurH8EDbUt2iqDhCzCpTqjWsFYQ1GxLA1kbwC2J5SulRQBeE5kuXEzZOR0J6tRAWYulJlNmJBJVAr87GgmiBYwfAAl8obPIKHVHa kEtVrapD2t2KJ81jMi8lODhxavJXhx84LmeLZEyrpF8KWwmt61rb4ORlyd0Qr6unHRUP3Hr3HVUuA87t2ALYvMXHnC55pD5GwnsoALqZzEjXCCVispDcuyEnwbzEayDvkElfriVYa7fAJ6uKzWbzIqNGJssNUgtK2 PhYkjuQ0jnkpRhfDaVcjBSM2CHCU1YsTFAex cqAVCxX 6coGSyXXfDl3okIAMUOK8ubqW5jkzaX2NoGKH9N1GP7 wrYqaJ5eysei5EkmphOhfx3G1IX1Aa19n6lNgcVH47Uez2tVPzrgoYNz7JMnOsa1uOcHw731EtjerwqPkeOwJ0X qEbFu tQiz0cIrBjycBbnPuja2pLuvTCcTGYrHBHptBLhjPT5NwtO tzy3nh0RB7SpTUeudOnC4agdUFjkjKAwnP2mQXRF1SAVkSQPsHw03KAhN8xAlXGCEEvKQW7Fe 3DFPc5x wPI qJRQ7nmitA5F7gOhxzxSDec3wJi129VweTDiCYmP2weHioX1 q0wyw9ZW4ymcXL04GHBR4HvhUPE7w0ctZLZOfFrKoEG9QjNfDJKzYvOmCFhOGda3kJjqgl06OFwiCwGhHvbSr0XAgMOjhAHbl73BQ7y8S0ebIJZab1VbsU10BxI45lBBhDh8QsNkw2fdsU0ZncgotJVULPVVdkYcZeTIKVItQrWCAXucVuFytmdoio3i9KNl6WId3YdGywRiu soRoGMxXS3kRbpuoIC94T4wrT GAHYu06PuNur0VA4XaASTDi0pjOveaPbgIHuLrxYwBKbxgMZ0xi28DwOxmxO0kjF8YDhbKflEimmTLPVfRe4P8qyxuZJMVWebggoSuMIUGvUEPIzhW6T Fk6fpA1TWwfBEKMC pIGXWfQ8cZhKYpBIUyP1khqjvbrlReuK2UE4GyXsCu1NEfAWgIAnwbPp5S2yZ1mERYBabrJcybrZMlM7BnxGCXoi7tD6QJw VIPhJEEX1YmlIE8AUZWzt0hfWoP4Mxcutp 2i qZtqELZSVvBKicgTCWOg2bm9SSaIpM7stkTWO7VfTDrwE8ujnWN6FJdUazwO5Xk2vCmtmZAsZLZiIF2sQMJ8Yqkdpzub1Ky6PL6Hm9R3gqfNhesVIlPZ1lnfLEH3Wv1BHFFEz5ASUEnUSo8o46QOY8rRN7SuFRC5AyoZY6XRVGIWPiNXJYEWO2LETb4TEF8 oKUw3pkQhhiP9iHD0SlFf9vg3pFW3enSqy9eEY9O5mAxVJ6tNpPdhPv2Z1kZFNOFuv59gTaaMQPeM9RQNTRr8dgDuU6ZIwy3BNDgmn0ywmM3SkBSC8ViESafqvAiZSTAvQPvbZnX0aoJGbIleEJK44t34Z3 Udb8kjj7i cU0EqjVCqW0DviQhJozbRAzBZF00gaxfiRClEDig o86IhgahKyQ5S9DrkU9lT57kyoCYcFDwkdguCMjwIhYsYQG08MWCicQlLAW0cuSWw5B82W5iB9PHZ7z3NQ0NgLkDEABQPCEmUYgiWb6CuagYz dC ZFdrQJttaS34HJi5ffLmZxf Ka0Ox75vWFWtDUU0v9FXk8hd0rBmfJKQ678bUp3SMQPqBFWkRXPfJUsTh19o7P67A9fmri4ZcNPZ3w0exLw6oCEyEY FCf4XsMunYiI66dwZxHzj6M,e428afcb796b0cb949e464de4dca91bda15b700d0378e9b9d5f0cb2580cf8be5,1762460868371,1762460868455,,,,19105
3EB0C6CFE5D18844DFF01E,PPNXy oTuxtLtpA0Soo0LE0oX41k5F4JUqhvVwHtU2vIkDVU78pM6ZhWQ7xZvDp6OtmLAjNgBw x9jPzWaakB6HwWNkvXlbAKSTgK8Ay3 ZpSEJgkVa5j87cGZ9M6iYnSYpgkjQZvYEIYnuyOIdUPXNmnCNreeEUIr4QbEaZhRwtrol6TgUukrq6imIP6MOFKg41 7THOpyKeEi3Ewcr9LZvzvA5CPuFv62MkvQBlyT0yhZFdPKVFVIootvrJOWHJxoe pKv9KEsi7tnoMrrYR6IB FyxNfRmKGCO2 2iUw52ieGE3pmtf1MonnoTHiF1A JcAJGidJGPGii DGAcgk5YYWgd5R2CtJ2e0tuNAwofiBeoLlgNFXECM4Kv8jOfkMr4L5Jqy3NpXTG11wZH3jhJb1lrSvv0b0 EdFK8KpPO0bD5np7UY1UbRmSrn5e7qU9VdxFCcVmPIn88geR8zb PTjTmRPHucekJq8hhKZE09C1TMpkidaznr7zyWIpF2emrAe7RDX34rm5oZh7lTZZcqSUO0FLIyF6PulFrWn3Kwfe6g8hXDwtyFA3lSBadx9Ac86Mp6z5jx61qXVfKC0eH8JMd6R9T9rkYp9ou4AtGrU16yEY nL7VOvzlicWV2ZViyY9kNTJzuvp8mehiRYsegD6URImCIYgtGkF0eZPkPC2UwjeP MI7ka5K1HPmOLm1z56UiAzTvezHt81Faepd2E D QHOvY7KpQeRpSd1grBBRnc5K2a4gB9AHDmOc T221JEt6wnzMwNKMBhxYBnwcqPXtNYAJjkj3kWvDILAerIta6zTcNaEEkVV oje8cV4gzEjwPjkG1FlsyfUfCWGD9FQff5EABHwE5XQZgcWbjIjOAG8NLMA10SpW4sWmgn2HTAYhQPOCNQZHbz4VpB1tnT2q27BDn SSG2bzJ3fn2c l9zs98Cbdut5nXSqdADp5FTUoo6plDViiB40dhcHAbF5SL6ycd4vUw9BgfXYcCWwdML7QHU4n4Krrasqecvqe5NYKsqEyRP3PapY rf4FBYxDDmyS5kgZXR Vxd1kuIq64CcAYMUgFyfG725 R5TrEVpMLotLRk1GG8kqbFFy4KVxjFcxDPoXItfCR0oZA8ct VEsYp4P2kWC5abWxRmwTJ78jeRDb7fhXmyjS2S3s3WpUXIjsjQ6ahdBWBm77D45wSouaW7DMR BSODc5Ja6E7zFrkvFoLiVY7Yf9ipihr124HxJyT3B05PGzEFFansZE59hDs5sdGeAfJ0ellXZMv4VfLxW64QC8jwf2PAD3YMpGcdfoM60GWtpJRFlBqRMzdeEB4Sptrq5WAMp RxS8Cu tZJVSbUTjxog4J3ps4NXk1Xri0ckDQ4iFNC2z4IXbOuImutG2dxKowwocAkWPub4kifj6c25TfFR0VaCTPW0ztH5CxyZgIzCIeHXCANXIDcpzP8ozFU2oNt8hZUvyIAEnzJpD33Co65xSEQGLxXTynQpGbH1cec6 V8ABzPbOvRBNmaLLhwoa30WXNQd0bgl IfzKQXXLankVLwnMNFRYDxugHpBN6zgFvvNvEbDQkdWy5WEsB59B1VFVkAsbocbfngcrcA0tBXhNnu62wdFcO8QbgDY1PRuwZiXHtSZS3D3EXY3u6ue0QuUJKFS0 ndRVyKmP4R7FVIpe2x8NvVoe5kebKoGp3wr1f9da7ub9CCKTo6CQ7Izax72Z857fn7ApRKXOVQpB1vcQyUNc0iqf1leCp6z0xhL04pCyMf09cifD2BIHgDno3nSclgOz3aPV4HG7Hkx GjlZt3mxaGIpoVv4VKTL0Wd aTge2LGkotEstjMRZZhtgJarJXb94NJmkn2FNs n5sXKHt7PHL00BNMXJDea23bdCKYoxfwZLd4KSQSfQ9snwmEc2MC4CtDeRbnf20gFDxuh6DP63JrK8SQbYFjs9pjC0vwRYG2chK03qkHXPmeg5Nm6M8KraWw9AbSAy8rZ9os0bbyL4r1okfpzUKyXnjL23Af7rcWZP8PmpTg44oAT7t5oBAk1EkRo2xVUg2vV0IdKJvG8UghoCROzlhJXURKiHBbAQAdgy9uEUqQBfL8yo44RipHPM4kqYGQPVAYtIBzs3ZiZo4PVcqyJaML3eDYJ499vOutLTcPwPE2CdIemnd9zltmilZx74CIqe0pcinvUlM2eP1aPg5XS72ZXf9caeyEhdAyJ70l3vJbp4voOkRvxdCSEGyP0hOjpTz2TnpInsW4ECCso480FqN5kYbIZZUMJqCWhZkqlyli2wts8YIOq95M3jSg lHVusrjdMrf5 qmrCqh1cfYwHEAFozjpiRF NNAbgw9KieWSriJ4ULSWe50 YiShAENTgvECQSfxBi Tg4WekzUewraAEwrG8nf7foWH0dMwIbsfD95Ng70CaGIODUBwOaHJp8hmRPpgMDqvr06E1ABDuWcBiOEhucuczcmHYmRguW M3BzBJOp4cSabXSBz2IHLDHc xmBFYkOoBi7MMvEgVEXsCuF9POjcYBJGA4mMrBbbD7 wLbfjSuyNqkrHN0enS4nm GGHUYkRg79BlwBTFfZniFAVraoAepyNYlDH sJ6PPvDeFu0ztwVBOkEeeQAgLFBcjrP1lANVdebQ4hTCoEqW8zE1hXsUBQ2mM10tRSlhIQuKT0Ko34K3IKW5LErjmi5qBqGPRTLENSAwMTXvHV4NEi07rDl0UlPeQ2khQUEeAVMn 62KZE3t6LkuRvpZMeg uEcCxvB98Qj5b4CIpzI7oM3iaUO7ojT7STecq9SCsUdOkuJyh wgR7i5W82uHuNRnXgqk4V9kA7KteugVcPFTDBLZV9oMz62hQKH2rGZzu5avbaiAZGPvfteE05 jNj6UxJi0JJGIDuro7 IYKCibA304QOomRIAzfw102WAtGP4ct3YN2rjUMDEtrTsepEXZiFGNpGKym5iLVqscMczLPh1vsNsEtwWCc6od8vdLu0LJ4HmeFcdl2sOMIcOAYWHN79OqRTgC3Qvo4XgZSopHBLAQz7oiI7WJlJzewIazkph0MRbR3jTpEhzSCzTLG8xA3X4o8jqqgQygcjO3wkVwPGsHuVOWRrpLSMY1wtYWVdMHhjxjHedvh7RG78dZTxvlTas9xBvHzsZtNjJW79lkfpfXgOxVAyJC8wc6qbMu77eJ9Y85ZkEzt0Y4BdTlZv66YsE6zMrIBB 3Kb3K7z6HrkN3nJwNFZ WUscAbOOtgGq3amorsmycfd2d6MAFp0loH1C 7fzoNZhGeIuzhSMjp9lfsZtU8GxjfvIxCZbfwIkrdFGR7gG1k zj0HrDx62Tiupn2CCRd7u8nF6bNQtbPY6 EwVk7iaVo3ffyXEajRPMe2Cpi8yiPN5dSpCLGP5VAfCire3315UpdnJo9KYvC9RovaUnlejxspaTp171SfbFJu5FceBEJ 48kC9MGPBSFkF15HU0DByQ0CMZTI9ebicPCnCmjtGWGVQ9DKLjuVblh9BB7P7Dqnh3sWzTU2gmFytXED61KJQZx09Vbpw3LJH7 hnPSp2YURpfOoAdONiKOB66QrEz4to1Ym31iwCjA sm5Lw9elWL rs0joQ9d8o6lCNGWkMncq9gsdP4s4R vHl2vsF5meNAYMhlsuqKIpl8QuHyvCr1nMNo3K2fhtIy8QmOJj0H WgXRdfa Wp2IeP0ASKjwpnpUEIdLmGnwIjMs Bjsa8RrYwubNKSfi5Pt50xysWSq0UHVPUhmacjifLN81iGNx0isk9NbqJdWHpuf53H1TWsdIgz0X5ONX2WRPZB7HXwK8D6e8AInwcf8BLIcUzU0k2GdiwE3RtcszZrmrgqqT7LjIm9vFf7NsIwUSX n9JJXXUAtttcARmETQtRGQFmpCJGESCxMeP2vNSSa7MCa5WTmGDAPAcz1HwaTIlUGQOWeZbJPyzKcvwki2508D8Y6a9waupFnZdLQd6ag4IQnzax4qdrdL84fJJyKF1B9HUtDzKsiYdt6CCMdga554LgxcZ5RXoPDnDWOB6eqzdF lO4H7GU0YwCYT1Shla6B yPbrq8hKW5v,638fc4db25da883c123aca19ad637f4db0978fb273f35ae256812efc7b9ba982,1762460958374,1762460958453,,,,19137
3EB0C8BF7A0A81F8E2E7DF,5rjV4KTavR5 89JjfzD2pFlPeYI2Yn le tDMkfMJkXGHTBv9rWpFDHBU8p4d7zHuljNNiFoPftrnZW7liIYRJ ENwR0lzrKUckKe8dPWOfe1mkTDjwT31ch7HVCMf3NuuqJbcudAJDJcYNqq pFBBeXEXBrxSIX 5KmBTtPt5avKRnAz54WZfw4iKJ3b5nwFxoz4Wbzwj0OClYqUZCPpnRkC8NxbCPDMgGbmMCPpQFWOZk4m60CHEIPAILFvTQQ x1ADozAo5tV hkZeqC1aMpvrxLsz7HKqaOmcaIEYUUC02vRrZ19G7Uj0c5s2AV6T 5ve L2Xp2e25sqqfYqokqeVYTaBbnlrGVh9qWB6YwO4gur0fzCYx7mJobQQe0xjzUdbu7jRX9Y4PqpmiSt3MrbiY8ChIjtOfU3momXdcqUiCtRLHEgwpY5M8VNRYpxupwHarhkiItkCTYtyglANMXA5tsJW6p4Hmt4tQ26CytfxHBdNsZVYSr2XawiVqd6P7wJsjMryAhOgC88g5WXMLBu8lGinKClrzKM QapKelxnIhjPkP248IsPMCzRHhvMGGoIRC08wkxvhzdjIjk0Evq2DHWcBeWaRFGyL2T1oYcmRgN7wH5AQ2b0dWL83NNybSX22obKXz6WsKPCVTYG2LwkB0AOx42UhmSvHCgthrk2RY0tDJvZY6lsJdbvbiG pJ3XC4JBROCZoH94YSg7zIl9pvAhhRaZln27hd2UBPUol1MLbwMFwqNcLTi9a MM2DHIrAabL7Z0gdNJU7loiBFBFsiCFWsn t0lYFRXGLsirVjzZ7bpfwiuTpY1Z8DufR1QgxTbfJdg9gXU6QiEEnFVaUXSNeFMnXWvxj7TCRkKlCA8UVV9vlPI5UwP44IGPQuMpExzlzCb71Uewj5ZvMlMW5R7vt2ROdXsNTRUVQV8QVs63AzKityM9e5TO6zT1IJHZgImez22FJ82FELrTqteaE7Mn6uTvAf5XS65khcqpBwJqGxo2CHJo2O8J3WgGCnv4Qhetz672qzmsQmBM5wo4rveOVIh3FOmFrj1lhFjbL7pdWtdelZ76We5SToulrclhT06NRnhzObzcAXW8FMmMNqCzy3aV1tDoUwbsxeMQNnkEO4Icsn8YxtBsPQ3hbzNVMjcFmrNoh k9qefNEeTySUzOxsPw2rdbCHFbEw4nL0MedpIfTTvyMy1gyN29CfEZfHg5REEy6Ck49IiO3ZUBMG8ig6K8UdFMie qSg YGCrzpBG8IeZ3ntttLStVLFdmzvnXQIbeD5Z8WhW81L crWL76np6kio2aM cxbGLOo2eqGM01db3l2J3KuKXL5n0uKnPfjVWYhyqNsGgKSTxxCeHSqw3R45plfHQGwxLRNFKa0yuQTGWJpOXF9ANm0s4kV4ReULv4cGN3l j1OPAUBtepZ2ZWnbfy2Po3kf1HZUMYgO0wQAxwnmIFwJOtQ0WizhvSNH6V6Ozftu6vmRhjSfntvGXVhE0pmfkH4gLOQXE Zc5lZZ0WTG3CvB3evdbvzuSRB iD1xgEOl3tlcFhaGXVQlpl gwuMjKESwWNI4OdRnqSwtbvI9KI5etdq4m Afnr8GzTl80VfIcexpdr0oBxkW0DRnPS3hhKDWzZA0Ff3RWpqXc0zsaos8kEO8EpvsgJo1 CZwQ8eY8cOEmHMfdO0voeHFPT7V50VTnaPpJGgnfru5HeVBD9Oqs fwGYGg1xiAZGYZm548BSX160tSwHJDpmZmbDpr6oanrwt8WTa3fM QkRNacGb8KPshPQmsB9RTWkWZNkqtYsPfH nNORNSHKHA9p o2K8DrHpibdkly7CY0xvZpsM6MKx ZWxJrpRZAX388OaW8zV85fqHvN0YYuii9Ii7U221O82zmKAi21P7FvJibxlEVLmg35vSScjIJaCiqTopvHHfYagjlWqJfr2A546B0JVCUSq8CDoq WMV8JYuKzIHhJrPBfEguhHUhQpHbkHCfP4ZrkAgZRORBVjbAGvHtpiczPD4sZI3yCy2JfIbsIviiDjFZVOSSgQcQYA7oaA9xygyxTqZjDN cHqgW7I9vY0UHbrE5T4I5xBOhU9dKYmQz4q qGWXq2Oh0d3V1zvZUYJit2H8lxBSKfo3VttISVwCU52TH0tdbd9ENWlrFYIv6WXiWJNTnfUTtWCLOJZ3PpCLdvCXvf5BtNmcOpOQ2ttzyZJEoFWku um9fw2icc0lSzTFRq7dvHvO9o8w3oYXKK6iDVZh0c5TnxM4IeVl4 eCl8197X jtSRxPfCeCWy1TYtzpafv0GLZOXh3xIC4j fxT2sgH5wLZPqECUflNWr2kPIJ0k429mZ2B0DJHuOgoXqNhqOYk98zZOHIiqnoPrccV5pW1IG4hiNo5eenFDrWLmfstcsvTCrVtvKdCxbO gTQiJJZFi03qp V1pjGZWCJvCa2zAA3DG5Jghq04sc01TeaeBHhyjca1RMq0hPCZjWKlnR3kASsMzGoGE5Dw3oKelrmU29 zgtmF5xbNMCtND6kIr1QFp95Gdohp1EP7dBrx01LcUYrzEaCN5a0Y7PsdmufDlKawuXmiQQLe7K48UNmU89FxBGxLK1UShyMrOVuBVMBwx5KU6PhqPEE56LOO0Y5dRG0nGKTMroqM6igEHfrimCoX8dIoyckCtFcJayaiyhw jqPUVBH8NTfBXj1AO2RArhxGLvGgDbxZeu1X4tViKFzbTSiBpKnmlh40xS81ihl27AMaei3h48CvVl64kctRov9L6XlHnW yzgLcktdNfXFfqruNeZJqw7UDubsfTsO5PKT3EWEsmWPfoIZDD0dmXWK88rbmWjbjgHFz3aKpJuk4aBzqiE40I9rrt01JnCx1Bq1N28bco76jYqF2qPSFyZzCZV4gbhotLEt4QH3FXMsTilR4IkjXhbMxSAAINkPcp1T8gs8ZFAkdhFVZNJeCoXXPDOfr UqbDKf5q3t2nNmbBBo684Rsh9fJiU4YIFTtGs7FIsc1GdGyNzoKl1u8ozidOT0HP3PXQ20mq GsqW6WEva5ODPAcMaJuxN6pJqRSR1 m8adSXDS3oJDpOFDruu6 1PzBhjjMRZSnQFLFlWwKIufQty c8DouWDYtvLfl9lFynWu3YPghxN5K09w2ssC5GU3C2pITj51sXkLChWhUczXYsAgbvYYGjSLDmGyILM2HePiS32AzwNWR2W6UW4ZEARSe7npR7s0BoCXEC3Q9kIBS MCXe xj2Yd3pEdYd4il6WEIDvI36kxkuLyAqKcY5LtHf8dfPF3iiehcqETkiwNsvnMqL8qNvIaYIcGgddVZt im3SlseTOSMOjxTVAz myBKaNyWV9vAa2FlD1eJPOCKpUUPXv9EuEoFuRgPMRC2bT3CoFc zmtkQ9zHGrWPChHEBy6nC83GnGRkJRk1MpF2xrrFrPVXiFNI2I66m2SSCWN4WNNodB3VZ0u6drysxRvBJAv511dSSxBnqf6E0NmKtaAR4fmtOyVaz74oNZ1QEKxPC1o0GlT8QQQP jYvl28 wRMXtjucCkt9zvNybxWvEFBjHo4Mbp8tFeGIHPYdfTsczxN8DnQqUAEBTWhLwSPLPNO98tmCAh0W21 BwhX3vEGjpDYPN7s4go8jgH2U5dWIMm0 cqeHKUBuezNmBsHNVteSYtD7AghPKRCC0LVvnabL RDbgixNgSV4YaJTRDGCbjhVWn6tiTldsvhCWUXrfFTYkJcBJ4767Kqirncgmo0KKQ5 GkepxWkGdOv2nIQU9KPlQVhcRCokywWfAYV2LYyqRUNmuxnhXQZSrnIe4jkBBmwtMsw5EVuhTDWqnpir84X50sK0rA0A123TveKBN7YJ0DdIFWYb5CvVJfSp6QjdrpyBB3mxb1pLfJJtAiMxFs2bl4jTUoDJv5csPT4j11CXYwcQ6WyGMqQylZ2Ub3aJHbUDHpr9mFI5836eJZAsOd34ZseJNk NcFBf7AyoQUjKOSipeDz1lZFcYqxxC19QYqErfk3mwYopTtHFnyucyV2hkqumgJSLJNJEkMkZKDPrFbB5rrGujc5Huk80KSO,6b900284f9f3b97c1feee020e34ac04577552e8a337ae0e9dcdd1f1172aa4a6e,1762460918370,1762460918451,,,,19089
3EB0D68A4FFB71912D7724,v4WBDefb9jkCKuZ1XZt4KD6VS sgscZqlFfqahJtY6RSvsMgr6 e7nKCkNtdgLpFdh7vr4vjUiKZeeYglg5ZVWzrRrB1g7cNnKWI5bWSC7DcWNfAYd8RnXN82WO2uhBdSHIFInr0ZUWjn8Epl9KJK8wfwdGzJtPFl9lyTQJOsyutmKZrOvGlKA9dr6yussUDTxnb95 AG4YtM2iRnkIsW3W03mLw3AicrrsBQN9FkTK6kF31ojr9PiDY5KwHFheCjVUtAnhnx9h5zQgIuqkmCjqtbVsug1blQM elsS2lNX46fAPYrcpep3n sMrM1S2KYJmGwvUbEDcU8xnj8Ia3V9fiwARMjTJlfHU7Jzcsq0YYOzmTGzld6Qc9pUlSrpvTpAyzgwLTIcJRYWerSZ5qzmrzit1Btx4VmARHz7QjT4IQSwXBjRA3IHuarRSdVvo1v41awSVbBC0ESq53mkObMmXuiJ0x0yGqYj88XvCiR930qZ0wwpMYcS47x8OuGN0iGQH5vMyTrBr8TkKFWDn7VWM4KHmQ4l 3j3wQWer6vQ5TXv Yjmg0VmEIboGQXONEejQBZKXcTFAsuh98tY6 zsLBJbY8ysMIXrJv746876uWr7DHTXF6PfJPjcWnUHMsmfIRvrMc7N5WpLQ93qPoGCmj9w0Dgr5oa35DieGRfaRD2ppdnmpcX56bUvGrn0EELGjIw0W7K5zuwzQeX1DvJirzy4EShoSEJgDpmZkdK1JMywxXQBYgFSqKGeJ 0Vph7D1q5Pxa08N jZUITJJ CIeuMkWBOeSeMVilx8cXaNCyY WcHQ2IYghK6f0 eKfiiW5OdyzUPyxT9vVUL3H0q0urpPweRRHoBh7foujNcc0gIsUDN2nRQjLaPbaM2ZTQ5JtHtxSfkxkHaaEsLUeIVX6kRobbbsHwX8o76o8lPSiBTvXLTLa8AShjeMCTiznJUzXuIklsk8u9VL1jstZUdVQqPV2a1zaXF2x3Rb77HvfDFnSsa2I2rhikcm7KQ4X3ou4sasgO12yQ5Fiu8Tgzt8imbnSNy5Sx0i 38WFn3f5W8ngO419IAPGsAhV3OeVonjLagiNkFJV mRVHqtH97b4ZvGjzri61iFy8zT0nZVKw1dQh 6BsOK9aq ChoHCIBekLdVwkTvRNtFGyHP50gcwyekZuPtvHNT2NWuGy b6QHQdZnApXqrB40zjA6XwLoejkuj1ZVTpSiQgtwHh8TmgGd2ztImHqLOVMJYIJy2LIGVOOoMOgCIiZ0dv2hMkEU s2C29h1e2fSKFSSnhbXUKlSSeJEtVdxdVb6do9kAd3RW109gm7SWc2cPAT7RVtor HqNfEI kOGa2ER1KQ2LowoYsPvq2pvCGS4h7Ri83Z8sFdzvKMLyfk0Q4CWct8ijn3mZHMYsPjBs6jULFG3JBdOE2igs8rwZnmRT3BV ooar87rq31eM4UtwDhLg5GVLcX9ihf2H6rFbfqwOxOed9DOrdoKxfkcVqlyJzBNCXuLI1tF9JgW6RbpVM7NAmLJb6CXySULaSXcdeebtMi01Qm1gCVgjGiZBQ7evycMrjVwMtHt94hUwBy cs3arabavuPiI9LnUEYxsQ5fCcdzFcxbhOsWaSgU5Qdty iJgyRUNpojnyjGSrMRkuOULUlxQ7ArNe8AqjVJyUI2MJB8IyFCEeu4PNDhRKnf aQmJJ1aFsBFHJrNN0HWScSNK1I8R22l6yUKKP2izEpa6zsZrZsXztO45qvEQewhj0F0knT0eEXpb3OLUPbCe03CdJGusRH6JAcIEGLPfyFLI38gn5cDBBvTibppJkgSVO7COfOCM12n39ClS4xuDnuMdFSH2dpa68bpMlApWt4ss4IeUbjpNRrCR6nB3i0UKq8R700N6kKp LQF12tIhPg9qevtvaKVASGRG0SoyPpyBVtsPS6Juvepws7xcdFsH9vbPjCCI3rApHojdty7PJO2eodqiXgljdJ1Qy5KthIUYHxKnh1JfmzOZvi11oHnuo0hwy6zFVb UnUplYkrIQBqfR4NcbyBLVnqXp gCt1k6YHsKrWybLM8v1JqDqTAemrMjGJh7CM0vFvWlELuKIyWGTZbIBXROKNflEqGwy4uvwYNIOGqajC4FkqgfVSwj63C ObMwIalFjPsj39WwoBWbllkgDcXPYIVRM32jwOSLqA4deRAEOrLNcE1wxcQqIp10FOQ5HmGguuejI9ADZ8DlYYxPBf5SzBa8s3vwtPVpkr AiSg 888LnJtqmbxxwFD3r31LiNvdWUuKffAsEptcK MW8t xMwtavEyizG Rhbt4dehx2hsHYOOa0uQSy2ff8MCoZshh7GGNicZvY7DxuqLl0jS154dOMCSc8VAnmFnhemfqb6bfZ0rFZdXnrciFfK1wdQk7te8IOEHfbSSseMKcdFDVHpimJO924z14taS s66IGI MID4WC42f6fHlcYTddkF3Rc0TOiYr19mCxAs1 GuN1wgwG5nL46vsHQqg6ubhU35qaz5uaFDA5uqkT2ACPB5z1ov5C fDtMIN9y02RvHVv6J7FMn9XN9YdOC1JJbwwhRqS0TDCASO4fJ13MLeBpmvvTXrUp082UrMLcMwFkQidSlgLAtVNvp0qMdAUTPb6cWws4GtOlo5ShXfJ2Q0TclEcvUGfxBYE5kVtf4nmsoCIg3ZdSj8aeORtVy6YmKRsUBLN1bflYuirXuSzRrlak pgjBUKZPVRK0362uDoDArI21a3Z2JcYNBjxRVxGRZUs2C0q3mnhos9RcPZuSKlqdmynUXl9Q4skJ7KGCMgQ6PnhOcUUiDgjLvzXVaR3XT4vfbFnZpi6yqLSaIphc5rpdW15hcinWeS3wpZSUsOc6lScV8EHSewZ24uLNH1GsPCkFts0cACVPRElrhs5zg19nQ MSLURavAZykaAdbtUYCUuicck4yE4p8jDzBcXiODhzsxQotoadPQhVmBNjj5BQLyn8yLPrTLNKDwbowMTO7uRSnudVc16zM9vhwmuBGdTlg2FRmLMXkMBdR82IoutCiU6LJREGhHzWQyGkj0SJhqtETLy3fBu5vNhsowpDaq y5fycLJt LM0KEyYrD bQmnmPDj82hWM3mOht2EbXb8M0mJVthvWPIKJ8xp4OkvnErCs2WlH kX71qqTY78G03ixe2BJOeP4XP4qnturtBdN59BzVpQP4AVT 2z0tFYNL8Lkvi41U2Tjjl4Uc5YphDYjvnSBUR7ZWyCiqv9OBLHoil3AMa6LuzxUQEzq6cJbTVA4LyX0oOrvzYkYB2S2Ogy1IdCon GgVIc2IyMGKs35pB6Ws77 X0PAgeMSyRnE0TR5jcTLSOUFGHFM0sbf3e3f4N0c32 3ScCZLZlawJb3AD0LZ9N1PKeWp1FDn7mi4Pj1RojMKPycW QTZUtWx Uzro5aWgwP0x9QjfI5MBvEMLzSupwpOKcGrS8chftrKiuzZJUHU8COxgf1jH2Vknlk75aumXUAkXBpoVW20ENkOAIZ2grURSEbY4bDBo0LuHq6CyeVYaYbFsodj5zhiH1T9baHj6DwMevKe7AQwozbGd5PedC67vxiR10Wgkdbi DDMEtNcfYV0FKnIfgUjCmfEExbRPjC0piKxUWC2bKzQN8Rn0f4PMr9NznubUvweqz6AQ4X7TpMxCSX0DU52nhaCFcEvp0qb7Mq3w1H6d21PyMA8hQWRy5EBF1t eJCn0qUWPVYkeB0gzgCtVnK5rwXHNtHgTEM279P02la9m06Gw1kis9Q6gvrB83OzNRSo5HBjdeRdtnuFhWgyvPsARxKKVlseC28jFCYGaV5wFGpc0VWw6zzXRzNOfdOpPQiugHelBHUVNfML CYsjyh720LmoJjNMTMpJJogW0gdryJxDr8MpzszVHAPdjxXI1c62joBwwUbz91O8v61f7t 7OR5RQ9xSVgkbfhWnWfolOhyknNb5r1trIdGYyhVI2CDH3AfK8O3Vra4AjiTxzH33cIUOeEjif25MxksrdO4M7WQgpPsGSrQ9ndMb2rTq6jbfLdGfYTKES0DjEmfWG7rK1NZjTR8VtiHIH,628113aa3bacff33a661dc43a82c29213c8ae92bfa6a3ea7d084e67ef16c356e,1762460968375,1762460968452,,,1762460979358,19137
3EB0D7125708241C0FC73D,9UbFjGjuCcZ2piFTIvNxaD35iVLMolmBbvbv gs3pFlJGS fVBeenE0GJ4qz ktEoXXBl2jO5sOqTEolmgO9pdVhYquHHlL t7kI8LLvqh5hLeURX4RMbOM2XbLTpF6Jtf3S40gGfFGzH0 Yf00j vyVJdSHJDM4mxqYuTs77vR4JGKhKotrE8Nwj4EOhY4W3exoi2qEAzsBN3I6o8K28edfBmFxNHfCXLhuPagt9I0UgnndoMiRhazE 92QSX5gkgEY4WxULpyiPMjtW7TNnzsPEvv6QAlBfzD2rIld3XKGy9T6r4XhhdmQFUF8PZ5xz3rYMHfVeEZghqJoEENufXMbZgkwGoI35zdQMxfUcXoCS2QBS0aFat7EY6AE9ncCYD4K8ZDrcaC57VLuKqFSEtDR9gzu 0KtJSpQhoQ0iRxvc6snkBGl7oJNkwxwC8pflnxd8UH8Eod24Z7fjiCqbDGijjefZjarpLsSZWnJrE1hB2bJk5Fj6F2G48wCXq36AFihWmuxghmbKGO04lNnuz1YF63nfJ8dtIjkMn3kvYVDIyU61F8vanjpCO8jUpEXrAlNs09oVbPUlEg2AG1IFGh9QKaQnN0oY5LioFFShfFVwKcLiKMivSkFZ6VDEjxW1jxlDryjVsVKTrD8pEK7iCJdVyRyeUIqGr3kXWxrnk7yZN8NQvfaAuyqFkumLKFuj6rUVipeAj6NiXlu5KlmPKIxVzDpr65Qvjp2ypTRpCiYpNCBWKROzwyDhgt9fOuA5yU50OHRFPLCWGmAHMYVzCfpSSYXZU5 CScE8DCMM0X1Xa012Dt6thdQohqbkxSQ5Qa7X9uAKX2nmwxaGeC9cS88Yq7reb0mAMRQ iGviKW37sV8c3V5yyBW84mR4p7lBulf9vagj Icw5mMYNy6dWOfxBzczAmDyi1ztQppv0djXpeQa7x5e0wRVXa66sjNMO18L75lGUpqOMeWgobQb8YUlJRiHXdUbJrGSyP4af8dMj0vq7vfSnX74Z8qV1HElO27qBGdW lLQeS9ac21ToaDOHsntjz6u32daDhwbKgVeFA6ovtnm2JnMIyRL6t1XufCoLMEzwtx3 M8KFUt3waEuKZ3XcwKAHL0OP8cSfE7DF7MSY14oXioL5F 2M8ZcbWvlr9LVDEMFcR93XGUQOczrWnxTNNLkwp xZ1oCfHPKCDQeebTaXwKB6yAD xiljsYT83oRuZpPB0iiBMmtrQbozN45zVGlX a0OBwxVk jY4bop7 sbNEVmDuMNRl rs8TR7HyiOnzQKa6qhx2NbI3hbZ6NuZwp43I8rUAJt jmCWH2D5hJnBgL4FyAsz cD Y0p6E5Y7LSRhugo7i9JO2xNSpeCz3odY EwsiU3IKU952q36KzMVUWPfh1kn35cHOU eGLNrvPfhb31KCqwRxnjQsyp8rmGHQDv0w2ss4cf9a7ftCb N2HvJnA J6kZYo781SA5YD7ag4D1FzjeLVeErRRn7Uy3qlIz11iXRXgfG FxReiBOj2XNA045a6Sh1AxkvUdhfEt18H80jp535JSHzIqdJvyfFMIHLJO1mocA6zTQjRLQuY1C4 RE8tPgPU2ic5r zq7PyJZIJhS7ltBV0OapwxCJImt5GBrFUUXiQW943XXAXsXkQFOH3dsBsWrS9qAeG22vfTebxXFOLPrCQuV3hxKfVhjwhVWx3gO9bzsxAFQp32pyRiAxpRTWefKrMYNKannv1XYRdSIe18E0enOoZtTAF3BLZKt2lfaaZc8SSpxWNnuP3yS9fkYIfS6v3jbA O WdN83TmA ZuI4hIGC40tghAr1JEQLXrlHSKsBTaMkTTiDhtne h2OfYA1jFmLfTMDC5e5CiYyBmlaGkTYHrRaitCVzbZGL9jV0zau6fKg7JoRZoRgEwfX6zVn4ngScMoMM3zyW7z4lZ3a4WppLWjLQjfWiS41tw4eJ8NZh76nUHp2iDUAY2EpytEdl1e6EJxaG0CRr5kKThQkVJHVfFIkNtl5IARP0V sDDfE1TfXThuVLmvPVjzA5nVED79LEni9UWXhU7WCrb BL1uAgC1U3J zGtLXcT1IsZ5aRzTiwBLjgpE3iTH8A2xJD8usCKJqCmb7f2p1xANCgmAwovafpFyb0Vvy3WBLSw0qAmaKanqzI5i1qsRAalV0R4uJGjrt6EZ1ZPNbTltmCSIio0JA0xjh2jRwLwd4wVJIupDXY4l3vFAVatj gfFoJi1MKsViAUSMGuLQ2g t8WPsyz9zOZbxm10jt0oRuAW2Kyk7Em xCQRqd6t7ZBuBnN6LXLKbrsI8WuS6V5g4Bb9Ovx702xYPPWjzrMB7COEU9qmZRV0ZpKTejyKQD9M8t0J5uOsUGrjqlRHCrVe0pJo3dCCk4KRmstjKReQd7Xi41tBozhzwz3 DizHIE5XvkeRFZ1Z7Hw6ghQAD7S0ari7tP2VmluTQxT4OVuhZJq74Y5EHt91HCKhTgOkircv8reL8jKIsyiVyrWTM0mifl6ywHza0keNVCEa2wri9WMCa1DNaX7h4cFUqwltOmN2l13ZDrGLvtRzYdPkfj336R49Dg5HLhXhPn4b513MKoeBvIRyz8fLZ22KSKlC06SDgAuwFCgG7URdE44yVzgvHxXdoKtSg6RR82QRUzXvUuKApzqjXYHK2x8IZQ9DviPTwVQNUy2yAS0wc4thro9K6gR0ItvLcFbKxgbTWfCD0fWihFxFzIQyvBnp3WB27NVkXXtu9SupCPHcn8DFguzEkiR2i3kn8hjEqFiTXLAyXsEhR3XQaqxNYgorZ7JWKZNVELia3emwTEqP6TVQuAhPwQaEHMlz0rEYoBt9ym7T S88ErP4p0NTU9IvFZvOgeEBC Sor6Gi9zlYXar2MIGoJd8fm7v D6MmAh9Yt9X4vHA9PBLy4as0fBJxtAnh3UmMUcQjtuVoIYOtfqTKPRxFYLH6gqJ6fPb8Gg095JWhywwRocBnVQGwdj6biqeX6xwC7l4D tLc4THRFPJuWTQ4Dtz2Z7qlX2n0iPFOBJJshYsj2tOIa1KOikvemMH7egEcw1eTgFIBCPFwxlRLB72diYI6xkiTKjVo2x5MT49p476PT1fkbNJ5RC9raRXEfXTbiiGpwRf5KWDzs1plMBTNAxyKZJ5Ae9AnVXxYgR6kRIWbNuqe6GppIp3 IoRVT9ndKhowqLjUvFdRAfqzMj44d7ko8klNPVi4oHTboA9cigRgls59eCnL2nQbtB9CkteBAZ5Mi5jFuHrNa8kjPWThgu4rMEbQEPtJ65d9j2J79evX2WBElvpW9ZLXi918xkJGoUNZT04M8ljv3yL1gVSvVQFASYmnOCgmSSuBtNNAv7ceJtkHSYEH6UojmNRRKQIT7jEoBXW7bUMAna0XIMBmiDYAOCOcGG9u3kU0PFCKAgk7vmswlkfm5hzhhg7a6 MuGNuNIu7qUB4fzuACOFR8yNAKTme mVOB0xzS3ybKwYIYBI7pxHtNCPofkqDgqsZUCml9VrmJc2s4ten12bB CPsfGRXjsMCN1WDSRhzCBUCpyMUfRPpBiqa6ccSyBtbKvMd5gGnuigN6TLCX62cxThaqo XCuxVGisoUd8PGqAW1kKb8R55lfIZdDzpaWAEVCW5uConrBL5bMXCUkiuQPfG96GnB4yj0Z9hLCign2h0eY7lfGbB2csZht6NktkYKVbswq9Usb9jrupCYc4tkrO6 Q6J2F7RmG5oR93SWeo7LLlzKQlJyJ58GJsa57XumHEsZsd71ofnyBujksBeHz0lpqviZfrVb1hYDq69mW fFwYEGRQXFUSe rifTPggAJtccMFgfxtVVoU 3ICp3cUhSmOOM43Bx2AEP P2UCZIgGZEbD7jk6wCGEp6vXXKOHv7nrBc6UuEkQ84NLVqXkw sDYvi3sDBsL70LfHlwswsjZT6IgfEqJg8POfT2cTTlepBa93k6yd3iAUlMisCozxUolIpuKB24ueMAKqp8IZLvhtzJpiOqBU0ABFo63ploxcc7Mq2HivHdvwpssvvXjipgzYfedSS5FqIymrtgGirv0KqNTeiulEwc,59556683946309982d676d4045bfde4ea67d75bfe7e000f074aeebfd73ca2ce4,1762460898374,1762460898505,,,,19121
3EB0DE6D1730604766B4ED,7A4xtKhjqWQ6G8XMvIpQBu9rRGJxn4vm5gxPUQCWIYIaOl4RnaUiX0ohG9KmCOupt1H7VpBrqanEVI Zt0yRKQX y2khZOeqvEjlkei8D5btMo27j1FAqVuveG30qMERU0vXzLZImtMfSSJRZP0w64qXWT2EGLSoJEwSu0nrh9QejeO8Qv6XsbecgoW9eMTnaJU18jxx5LCUDedmGR9HKsIK48LVje38Q7zWEQxwMl5eopCI3ahXr1Kc4hTcdUNpbNtDgbYS9U w0FBXWEEIs4GepKSxX30qdpjWzttz5RfS6Wk3q5sNV IKWmtak7zY dlyTG 9FWW63Kc1j7YLAFhUWAWiRJDRb0bOhcO0X5y1Ve8dOkan5EecWsYwBIeHKMGrU3QdhPmH8f4HYBhqC3afRUjcHIAe6my2C4iYJXzP2OFcjRoiDlDIIOII8orcevW65UQWE7NZ23HFPhSVnOlLZaiGZWan86stHWmB4RkzKKQEwkQdI3HLKGoVePJ6rtJtFWOyWLr6qzNTct2mgViAPnLA4gDqhvwJrpMJcZCyyYrwLlqTZveeE0UJJ9kbrTDjOsjNAG3sFF6UQNbKfBq5YcqjwcT1VKk1T2nddH78nDLySnHaCvQlnJ3pQ4xuCeM2Tp75Vs7WioqkAhtPxGeU8402KyvhCfxKGUUJxJ2MCSMBsGqSlH65Y4Hd3dhLi5PCSCYRLYbTne1ECLMVU1LkYC3 p mfPeEsLxs7CQdJ1Lgg2Wib9SMSDsXLVTAXkac4EejLCATxgkhcQBIRXqhHE4d4XAK7ZWNNfxgSeaJiJA saBd41O hyjKndKgzF49hxHGwCigpKys5QQy1ies56d7hN7AcosohDv9SMly2Q57kKZoHeyMxWoekEwFr6EYho2xCFTQdYkfMbpgc6HoxHQGPpsyMJBwfbFfb0i4tcal7bIVmEPrB5OxCA9gNA4Df519QGBiPz92l96qZeHcWiq7SXjge6b5feqKCTs0YUHFm0nCdzkZiAmcFjQ9cc olNPrgXXwuy8Zm075v3DJD135yf18F CfuFv4Flx5YaaI5b QU3LBotlfYDGYUCcbRCpXuzBp4XcSmS0Ltkwz9LbEkf2dtg8Llt3F8Sx3ObO8SFGhSk8IUDBlsUSfBdLKopD50GOvd5psUXVn8Dm9Dc9FVwufFk1 EngdfQVXdyH0GrV8yK54K7g6JJM7NaBVQAC05UN20hn8uvj9RxX JtpV5CwfpdkdnEMfdmT 8B80zfBEqa4YSLGJ8toBY7nXapNnLhjFWtuPvsHskvrwwOemQ9nDwPK62wy6HQOd8WjtTp8KYL3pU8922z Dw50FTOifVH6 UZKsjtR45kgcP5gEgDXhohamG52v1qthvvj qb1fT2oWK Kou3f09c1oVoA9Fl3aFLkLFGR2rSK3gi9Cv3vA3Iynn NCLz0ZM 1f5Li7YCOB2RqTu3tmAlT 8kjFcEfxZyjPiHP9M7vYWB468mMFLsRIzeGQvAyI0FfZ7ngs7MWEKOaEy4IaJoSOw0xx3 S0fgCeVJI748CoSB Mu1gdu1QNABSFgwO3zjUdHyad6Vuec3p5YI7QMS3Ui1FvAC1W9Y92EvKN 71ShcfYzf6rdW6P6ETEZQygh4buy7PNwdd2i9K6MdXDkq26AGCEoqgnRkpgIsmRdJYWPr6750SPx2D8Y0HcwMUTgMaW8s9TI0i3ZEJ9u4qccImah0ygwZNm3A7BprLyJRCKfsj hhj8Y2bLx ohhuLkeegpcCgnwZI3AgaY0qdP7IFNF0RMYpQq9OiUMR6C2KnSQXwvBQbnkTN0hmMuWcUmPSenaAqdSzq6PubjAFM9gaUlS0Y8mlyVRkn8tlihvFCSO0jDK4jM5bv7ZXsPs0EztQU2nMakx4XWF7TAlI46ButgZHCtOc8RG3dCxCXpsQTwE1vGYsMavxC2g65dnNm5myDszLqGL0J257u4VtW5VRcEKU0ENu3KsGkYAHnGHkWgq1vGQG5CYKV0obY1Tt6nwFybcKraErLkdKMMKH7y8JmaTzA8JRAAaipoLuM4SD1M91G7t1tNu7ivsuY0qRrlIX8GDeRq1Xryv3LkZpZKC4zUFbCixdpP4eaIvinIS0kFLohHSHAY2iuQ6ALUiJJ2AXPd0WTEeGzbWRfsz6zT07crFfvd5DiIuqhRN kYNX4I5ygK5YRXdT8xcXrPvFGdL76xUwQZIExxcDFXvngVrwrpNw3dHS2vkjYQj65ttzTIBBDQWS6L8ioFB8edfuqDO2oOR7Bc0CGjWJaWX3uZq73KItjOSvLfVKfQy7nSv2VueFV12MYbNKeqh1r12rbPRPCqNQM7IqhC EAsndZ6WKjGx5wQVQ I9PjfkBfEKRVItire86v8vu6brNVTwWeb9IEFUEgLuzehLqV52n8VBDiz6tMGoLIFaw4w0MHonuxYeW9e7EloV7ILhmn7fIrtxbwYkRFpYDQNR0Aqe8kQLQ5dOJjj3HvgikSvIHdlMvROvcNZbFyM3EHsyfmM2oTSYIQJM7t2Gz6QHRWjPzEa77dCgZmRtbNlhPd0nhsCLEaC 3vFzkXinVaqLAVenUIkwtt9M2fhFlpQmtX7 JauHXzDlEbrKAqbdTaFT19FHbd4GmZnYbBvkgItm AFVTJmGQqwnyk2MinODS84ezWjmRoGDjhxWS5qP6Rg589pZ7gE5LO6ocOZ4Tvn0lg9jfOFjT7AJZLoSUaQeMuxAPcm82f3ZAyAyx2KeLPpYjhE T5DQP1d2B9sYlqyHY0Js6Avhnt56ZUQ41lJyasD21vlTX8gkqYPydnYOMxnaULwHEokISZRX7rLu9EkmAYQKvHbBp5c70vOLdHPymn5WIVC8OIUFlp43Qdol3fOXtCQRNOS9pK17AQaSexuHECqz7meTrTclkORNX0UjPQoGqTyHnNZ0DJjsjLQB616emon9rFzJTCQa3mGyzZkn6IRXtXuvbB4Vvztu0hU6NPLik4MrVP7lxiO etKvtWkAm2rtUG6Fj4pLalaxUnFDpLXDYiiztUWQyRXxUnUIk8zb8Q3KY2m0 EZxtNnJ50xkFauuZNBY7PN8jGx1 LPAw71zqnborOPzQvM5OR1RP50ZbBrfIBqbhDBEP b xCBXymUIX 3b45lMaAKhVpoBj7ThijSfhrnarV19yhbEokj0Zaa1Q5wT40wr6pAR mMWZGj9cg5K6Q2nYNFxfMtSCJ2kKoj3Wg29Ah4lzbpZJJLo9LKUpzkVHme KW tJrHZ TyXYCSVlsqFEdQBx9bQCBsFzJnUGGUAt kIWl4kpad8mVioKSLifC1JXo3zrMjxt8sPc6AZdhazUVXppzYpEuG0SuoM2zabySmsHBeolKD1MmqK8O14gcDCuSoVbZ i02fhUUYGgY1nLKtjLX5fgNvf0wZNB1NzyTGf4XLLCGpElGMJU3sT4pyO2InURlOviAS7YAghZaosiPEOWpZR20yQt4CVGcMvXNljVOL7eJ5bZKd1doG5FFwNetdMHa8Ljo0rD90Lio8SH3YX0J0IdNbSP3VccElCEgVddWjyQfVKDZ9Z5jBHhUwZEOlj67a7 GbYTD7wKHlQjoSfi7gRAWVGj75cPVHEat6iDsnxdkWxM3QznaV9j97Ls47iVoR6SoEv4XvzpxKMfRe408shtZ746kguaFa9lMRO7wiyuTT3NVqME6tKKOC3ZyfN0R4kJEfREndKX29uf g097wqaZDXrMECyPhJVEvCJ1oZ6q9LFPNDCnuzqhWKfgqrkCbINjW5AfJOcLU2XMT4X9KIFQI3AfyNA75ufhxa7mkYT90zHuTj68jLIg8NcxpwYxjABQqxRXIr7SeeR0J0pFIdmi7X7Y NI9F1S2sNWqxZepETswWlDB6dw1sHpz5sw0pmvgOoCc5UHklrmNUD7xdkW5bspn1SWX5uSzllrwDQSZJezAXKN3uB2X3 tNdCAco4zohW8SrHRAfYGTd7uPRELocEXJqH1ImxenbL1nn0rUBDynCn0fJxrWNePlfBr0LLgno0D2d8gDjLoqOAnGwNThpFD0HeONHwwHA0kulal9VtwG4J,83ba4d989a5359d18f05837d14cc0dbe5f3651e34a3bc394b94c36fcab5f8712,1762460888374,1762460888457,,,,19137
3EB0E8ABF36E57CA23A063,"[Control Message]
Confirmation ACK sent.",58ade48fb5d3075790a1827092600bc930fd98fca428e242464e36058f1b5a8d,,,1762460990251,,,724
3EB0EC27ACC2061210131F,"[Control Message]
Confirmation ACK sent.",af2809697e15e69b3e4b30d01adbda2150e00835f933c37231a34e2331d8bb8c,,,1762460930422,,,740
3EB0ED0B2D380B6F677608,"[Control Message]
Confirmation ACK sent.",e786815be6a5efa0954cc73c84c0b3f5293b03c4083ed5e8eb58696271d43e85,,,1762460950341,,,740
3EB0FB81076A6D0B08F588,"[Control Message]
Confirmation ACK sent.",a77b330e25cb464be61e66859051deb87052f9215690f8a2fa8f8c0acd07e632,,,1762461060112,,,724
3EB0FEE06A44B6C8657A16,"[Control Message]
Confirmation ACK sent.",286fdf513625798c7e64e443ad6bdf85841387934555871a8b1e5a64dc7b97a9,,,1762460940347,,,724