id,timestamp,level,content
a79ad582-e768-4141-bf75-afb06e1c581b,2025-12-20T17:31:15.599Z,INFO,"Reloaded extension!"
e057a96a-69f1-4c0d-81cb-3ce9cfb2d6ce,2025-12-20T17:31:15.727Z,INFO,"Logger initialized in service worker."
7542a294-894d-468a-b130-aab044e8a4d0,2025-12-20T17:31:42.052Z,INFO,"New message arrived: {""content"":""teste"",""chatId"":""5513991174080@c.us"",""author"":""4915757901339@c.us"",""messageId"":""true_5513991174080@c.us_3EB0DC5E108E0DCAEAC880"",""timestamp"":1766251900}"
b4c78a20-2513-4869-9e08-30f7c5b9bc72,2025-12-20T17:31:42.077Z,INFO,"IncomingMessage:"
4dd27fd0-3847-4ab5-b795-8c8fd1a99e88,2025-12-20T17:31:42.078Z,INFO,"{""content"":""teste"",""chatId"":""5513991174080@c.us"",""author"":""4915757901339@c.us"",""messageId"":""true_5513991174080@c.us_3EB0DC5E108E0DCAEAC880"",""timestamp"":1766251900}"
e0a7382f-dfdc-4f69-b3f7-3aaee6ef2438,2025-12-20T17:33:06.697Z,INFO,"Reloaded extension!"
ec72725c-acb6-4bf5-9279-7561fac488b2,2025-12-20T17:33:06.821Z,INFO,"Logger initialized in service worker."
5044aeeb-b12e-40f5-879b-0eb48db08974,2025-12-20T17:33:22.381Z,INFO,"New message arrived: "
748bbeda-f1e1-4519-94d1-ef8959b28689,2025-12-20T17:33:22.382Z,INFO,"{""content"":""oi"",""chatId"":""5513991174080@c.us"",""author"":""4915757901339@c.us"",""messageId"":""true_5513991174080@c.us_3EB007ADA830A018CF809D"",""timestamp"":1766252002}"
16756688-89d5-4968-af5d-438fa7748de8,2025-12-20T17:33:22.403Z,INFO,"IncomingMessage:"
1c0348e7-a027-4e60-9b89-6ac8d93520dd,2025-12-20T17:33:22.404Z,INFO,"{""content"":""oi"",""chatId"":""5513991174080@c.us"",""author"":""4915757901339@c.us"",""messageId"":""true_5513991174080@c.us_3EB007ADA830A018CF809D"",""timestamp"":1766252002}"
4d3677c7-03f4-457c-b886-e97332529c99,2025-12-20T17:33:49.344Z,INFO,"[Control Message]
Requesting secure conversation."
c4e5ff8f-8dc5-4d48-a7ec-434b327aef93,2025-12-20T17:33:49.344Z,INFO,"Sending message:"
7281154e-aed8-4bbe-8c25-816d7963d214,2025-12-20T17:33:49.437Z,INFO,"New message arrived: "
f5222143-9d0d-4019-91bc-27512b4bc233,2025-12-20T17:33:49.437Z,INFO,"{""content"":""[Control Message]\nRequesting secure conversation."",""chatId"":""5513991174080@c.us"",""author"":""4915757901339@c.us"",""messageId"":""true_5513991174080@c.us_3EB0491117A52AC34C15EC"",""timestamp"":1766252029}"
9a5fb5b8-d8df-4862-b843-5aab0f18d4c1,2025-12-20T17:33:49.450Z,INFO,"IncomingMessage:"
61189809-de69-46fa-8c8b-d8bc20125e55,2025-12-20T17:33:49.451Z,INFO,"{""content"":""[Control Message]\nRequesting secure conversation."",""chatId"":""5513991174080@c.us"",""author"":""4915757901339@c.us"",""messageId"":""true_5513991174080@c.us_3EB0491117A52AC34C15EC"",""timestamp"":1766252029}"
bf4d5ac5-d6a6-4876-acda-918567511017,2025-12-20T17:33:49.569Z,INFO,"Message sent."
aac552c6-aab8-4a61-8425-078fd88848b4,2025-12-20T17:33:55.521Z,INFO,"{""content"":""[Control Message]\nSecure conversation accepted."",""chatId"":""5513991174080@c.us"",""author"":""5513991174080@c.us"",""metadata"":{""kind"":""AUDITABLE"",""block"":{""hash"":""e30289862db10fbed9440808c91994209f786ff6c311f7244d03ceaacf5838b1"",""previousHash"":""0000000000000000000000000000000000000000000000000000000000000000"",""counter"":0,""commitedMessage"":""1d89a3d5b302b83e00ff56654d1ab6a76dba9116421b5a290e48d5fc4720a858""},""initialTimestamp"":""2025-12-20T17:33:54.080Z"",""counterpartPublicKey"":{""crv"":""P-256"",""ext"":true,""key_ops"":[""verify""],""kty"":""EC"",""x"":""Qrz9N4_4AkS8mW1lUau8MBzRTIqeLr1otMk0CWYcmrU"",""y"":""cbHS6kXO8H5V4YWOMJBwTSyvdr-4H6n1U6Q5Q_7M5-c""},""signature"":""tXiu5CX/Rcq8gJGxyZDWvztcJdq682e3KZR4+bq7uTwqbTfOYALSWm/ls4XvYAhDAbiMNvr1hW5jSKEJp8fpgQ=="",""seed"":""6da98cc3""},""messageId"":""false_5513991174080@c.us_3EB06863BCE7BF971815ED"",""timestamp"":1766252035}"
f87b7086-51a3-46bc-a6fa-e438deaf71ee,2025-12-20T17:33:55.521Z,INFO,"New message arrived: "
a72cc02e-a96b-4713-a096-8af0120b4cd1,2025-12-20T17:33:55.560Z,INFO,"IncomingMessage:"
7395d518-bb5b-4bb6-bc12-8bf66d3ef052,2025-12-20T17:33:55.561Z,INFO,"{""content"":""[Control Message]\nSecure conversation accepted."",""chatId"":""5513991174080@c.us"",""author"":""5513991174080@c.us"",""metadata"":{""kind"":""AUDITABLE"",""block"":{""hash"":""e30289862db10fbed9440808c91994209f786ff6c311f7244d03ceaacf5838b1"",""previousHash"":""0000000000000000000000000000000000000000000000000000000000000000"",""counter"":0,""commitedMessage"":""1d89a3d5b302b83e00ff56654d1ab6a76dba9116421b5a290e48d5fc4720a858""},""initialTimestamp"":""2025-12-20T17:33:54.080Z"",""counterpartPublicKey"":{""crv"":""P-256"",""ext"":true,""key_ops"":[""verify""],""kty"":""EC"",""x"":""Qrz9N4_4AkS8mW1lUau8MBzRTIqeLr1otMk0CWYcmrU"",""y"":""cbHS6kXO8H5V4YWOMJBwTSyvdr-4H6n1U6Q5Q_7M5-c""},""signature"":""tXiu5CX/Rcq8gJGxyZDWvztcJdq682e3KZR4+bq7uTwqbTfOYALSWm/ls4XvYAhDAbiMNvr1hW5jSKEJp8fpgQ=="",""seed"":""6da98cc3""},""messageId"":""false_5513991174080@c.us_3EB06863BCE7BF971815ED"",""timestamp"":1766252035}"
d83bfe23-ea5f-4247-877b-f265c75408e0,2025-12-20T17:33:55.565Z,INFO,"Verifying message."
790c4547-cbe7-44a9-9253-a102f48f80cf,2025-12-20T17:33:55.578Z,INFO,"Verifying signature."
11925bd4-0a0e-4020-bef0-1e912d3bdb28,2025-12-20T17:33:55.579Z,INFO,"Initiated hashing."
450f3671-24f5-48cd-83bd-800f38023b48,2025-12-20T17:33:55.579Z,INFO,"Finished verifying"
26c0a13c-a30f-45fd-9d9a-5789b1f7389b,2025-12-20T17:33:55.580Z,INFO,"Finished hashing."
6b772bf8-2a52-4c40-ae15-604304cdbb60,2025-12-20T17:33:55.585Z,INFO,"Generating signature."
a7c867fd-1e9f-4da7-b8c4-1778333ae7ad,2025-12-20T17:33:55.586Z,INFO,"Signature made."
cb41cbc5-ab9e-4d23-8fbb-07d76aff07a7,2025-12-20T17:33:55.586Z,INFO,"Signature converted to string."
93f535ad-7c55-4a12-a5fe-55221d0efb37,2025-12-20T17:33:55.595Z,INFO,"Sending message:"
cf9c0529-213f-4d2a-a37a-e733c8bb1cc6,2025-12-20T17:33:55.595Z,INFO,"[Control Message]
Confirmation ACK sent."
f71a7f8e-5af0-4324-ac5d-f94ec97cb1d4,2025-12-20T17:33:55.818Z,INFO,"Message sent."
36c12304-58f7-4aeb-88bc-19d8d357e8bd,2025-12-20T17:33:55.819Z,INFO,"{""ack"":1,""from"":""4915757901339@c.us"",""id"":""true_5513991174080@c.us_3EB00C62578E29AAA5D628"",""sendMsgResult"":{""count"":null,""messageSendResult"":""OK"",""t"":1766252035},""to"":""5513991174080@c.us""}"
7b3685e3-7e6c-4d00-ba51-7f708b61e9bf,2025-12-20T17:33:55.819Z,INFO,"Ack sent:"
6cef4135-57ad-4919-b516-6d78db0e3dd3,2025-12-20T18:26:20.997Z,INFO,"New message arrived: "
5c7aab8b-4601-4ec4-bfd2-772e019782ae,2025-12-20T18:26:20.998Z,INFO,"{""content"":""oi"",""chatId"":""5513991174080@c.us"",""author"":""4915757901339@c.us"",""messageId"":""true_5513991174080@c.us_3EB055FFE47580489C2049"",""timestamp"":1766255180}"
4c61917a-7c98-47f8-b1af-cb922dc01eab,2025-12-20T18:26:21.027Z,INFO,"Sending message:"
a190b333-cadf-4554-b11c-85864b22d7bd,2025-12-20T18:26:21.028Z,INFO,"[Control Message]
Error in secure conversation, ending chat. Logs available below."
4d13d468-4384-4821-9842-0f8259302cac,2025-12-20T18:26:21.342Z,INFO,"{""content"":""[Control Message]\nError in secure conversation, ending chat. Logs available below."",""chatId"":""5513991174080@c.us"",""author"":""4915757901339@c.us"",""messageId"":""true_5513991174080@c.us_3EB0454C4A8692C820CC87"",""timestamp"":1766255181}"
dde77b99-c307-4978-9c66-3fc858aef3e1,2025-12-20T18:26:21.342Z,INFO,"New message arrived: "
c25e73dd-06fa-462c-b7b8-c5e2aed0d300,2025-12-20T18:26:21.394Z,INFO,"IncomingMessage:"
973273d4-6063-47fb-9362-911d865fae1a,2025-12-20T18:26:21.395Z,INFO,"{""content"":""[Control Message]\nError in secure conversation, ending chat. Logs available below."",""chatId"":""5513991174080@c.us"",""author"":""4915757901339@c.us"",""messageId"":""true_5513991174080@c.us_3EB0454C4A8692C820CC87"",""timestamp"":1766255181}"
cbdbc826-42d3-4cd2-ad9d-70cd1db18e5e,2025-12-20T18:26:21.714Z,INFO,"Message sent."
7bfe012c-5366-439d-9ca1-ab8c6e679166,2025-12-20T18:26:21.868Z,INFO,"IncomingMessage:"
518d4902-23fa-4544-8e21-7f4fe432b03c,2025-12-20T18:26:21.869Z,INFO,"{""content"":""oi"",""chatId"":""5513991174080@c.us"",""author"":""4915757901339@c.us"",""messageId"":""true_5513991174080@c.us_3EB055FFE47580489C2049"",""timestamp"":1766255180}"
273dbcd2-06af-4777-92de-267994a07e98,2025-12-20T18:26:54.749Z,INFO,"{""content"":""[Control Message]\nError in secure conversation, ending chat. Logs available below."",""chatId"":""5513991174080@c.us"",""author"":""5513991174080@c.us"",""messageId"":""false_5513991174080@c.us_3EB0A81C1FDAC404713ADD"",""timestamp"":1766255214}"
fd0d68c7-156b-4e3c-84d1-d7cbd2f65461,2025-12-20T18:26:54.749Z,INFO,"New message arrived: "
04231c1b-1bb0-4d30-a96f-4ec8ed95f95f,2025-12-20T18:26:54.821Z,INFO,"{""content"":""[Control Message]\nError in secure conversation, ending chat. Logs available below."",""chatId"":""5513991174080@c.us"",""author"":""5513991174080@c.us"",""messageId"":""false_5513991174080@c.us_3EB0A81C1FDAC404713ADD"",""timestamp"":1766255214}"
699c7f16-aa6f-4f91-b56b-2d6612cb8fe6,2025-12-20T18:26:54.821Z,INFO,"IncomingMessage:"
78a465b1-047d-455d-9f21-e0073534f31d,2025-12-20T18:27:04.901Z,INFO,"New message arrived: "
7a92598c-cfc1-4fa5-b31b-8b36278a6f52,2025-12-20T18:27:04.901Z,INFO,"{""content"":""[Control Message]\nRequesting secure conversation."",""chatId"":""5513991174080@c.us"",""author"":""5513991174080@c.us"",""messageId"":""false_5513991174080@c.us_3EB0660CEAC29E50AE8CEF"",""timestamp"":1766255224}"
27d46a8d-8499-4de3-a55b-e39428ee7d9c,2025-12-20T18:27:04.957Z,INFO,"IncomingMessage:"
97f17804-9512-4451-87d8-d3d442ec17bc,2025-12-20T18:27:04.958Z,INFO,"{""content"":""[Control Message]\nRequesting secure conversation."",""chatId"":""5513991174080@c.us"",""author"":""5513991174080@c.us"",""messageId"":""false_5513991174080@c.us_3EB0660CEAC29E50AE8CEF"",""timestamp"":1766255224}"
d8c6d16f-f9c0-4047-b22a-c20e1dede083,2025-12-20T18:27:07.617Z,INFO,"Initiated hashing."
230ec2b8-b741-4424-863b-7af7b8aa9968,2025-12-20T18:27:07.618Z,INFO,"Finished hashing."
6172e1be-4523-4d80-a7e9-06195308163e,2025-12-20T18:27:07.619Z,INFO,"Generating signature."
82360ca3-06d4-4f69-9293-03e51b1e77ed,2025-12-20T18:27:07.620Z,INFO,"Signature made."
6446684a-44a9-49d4-a4cf-f993c1017b7b,2025-12-20T18:27:07.621Z,INFO,"Signature converted to string."
3b454ccb-0f67-4ff0-80c9-4ffb72252561,2025-12-20T18:27:07.627Z,INFO,"Sending message:"
a3c535e1-8fcc-4539-ae1e-7cc02219708a,2025-12-20T18:27:07.628Z,INFO,"[Control Message]
Secure conversation accepted."
06e24d33-b24d-4d5f-9ceb-bf84e128db1a,2025-12-20T18:27:07.826Z,INFO,"{""content"":""[Control Message]\nSecure conversation accepted."",""chatId"":""5513991174080@c.us"",""author"":""4915757901339@c.us"",""metadata"":{""kind"":""AUDITABLE"",""block"":{""hash"":""9457519af66e421616bcb1368ca48a77c79f1aeb6090e87986ac23fbea1b53b7"",""previousHash"":""0000000000000000000000000000000000000000000000000000000000000000"",""counter"":0,""commitedMessage"":""36bc6880793695825f4302e5280cf76a3e83d16ed7e1ffb82b81fbec9cd42059""},""initialTimestamp"":""2025-12-20T18:27:07.616Z"",""counterpartPublicKey"":{""crv"":""P-256"",""ext"":true,""key_ops"":[""verify""],""kty"":""EC"",""x"":""81M0TUNyIGRUPlKLt4K7FEIrWBBSdXDNxH3UMrXBBSo"",""y"":""c86kpbDjVJHIF3VwouPXEgolXWxpWwgaP91tAnrcOLk""},""signature"":""Mt9SaVsiDHqyQ/3GZytSqOwh4y6GzHWeN6UjnhGysbNaQxL9tcjgpEvk5lCidhjP+lHq2bCEe2sMeRp/rTmZXw=="",""seed"":""11427e91""},""messageId"":""true_5513991174080@c.us_3EB03FC4A97C0F78DD4C75"",""timestamp"":1766255227}"
3d5be24c-d151-4574-bd04-2a7b1dda7173,2025-12-20T18:27:07.826Z,INFO,"New message arrived: "
8ac1b22c-588f-4145-b07a-fc141c02c185,2025-12-20T18:27:07.853Z,INFO,"IncomingMessage:"
3aa95c31-4923-42d7-a648-2a745ccef13d,2025-12-20T18:27:07.854Z,INFO,"{""content"":""[Control Message]\nSecure conversation accepted."",""chatId"":""5513991174080@c.us"",""author"":""4915757901339@c.us"",""metadata"":{""kind"":""AUDITABLE"",""block"":{""hash"":""9457519af66e421616bcb1368ca48a77c79f1aeb6090e87986ac23fbea1b53b7"",""previousHash"":""0000000000000000000000000000000000000000000000000000000000000000"",""counter"":0,""commitedMessage"":""36bc6880793695825f4302e5280cf76a3e83d16ed7e1ffb82b81fbec9cd42059""},""initialTimestamp"":""2025-12-20T18:27:07.616Z"",""counterpartPublicKey"":{""crv"":""P-256"",""ext"":true,""key_ops"":[""verify""],""kty"":""EC"",""x"":""81M0TUNyIGRUPlKLt4K7FEIrWBBSdXDNxH3UMrXBBSo"",""y"":""c86kpbDjVJHIF3VwouPXEgolXWxpWwgaP91tAnrcOLk""},""signature"":""Mt9SaVsiDHqyQ/3GZytSqOwh4y6GzHWeN6UjnhGysbNaQxL9tcjgpEvk5lCidhjP+lHq2bCEe2sMeRp/rTmZXw=="",""seed"":""11427e91""},""messageId"":""true_5513991174080@c.us_3EB03FC4A97C0F78DD4C75"",""timestamp"":1766255227}"
77ae6028-5b68-4945-9c23-a2ee730e5cbe,2025-12-20T18:27:08.393Z,INFO,"Message sent."
d057c238-8975-4399-af9d-7ab63e8bb484,2025-12-20T18:27:09.195Z,INFO,"{""content"":""[Control Message]\nConfirmation ACK sent."",""chatId"":""5513991174080@c.us"",""author"":""5513991174080@c.us"",""metadata"":{""kind"":""ACK"",""block"":{""hash"":""9457519af66e421616bcb1368ca48a77c79f1aeb6090e87986ac23fbea1b53b7"",""previousHash"":""0000000000000000000000000000000000000000000000000000000000000000"",""counter"":0,""commitedMessage"":""36bc6880793695825f4302e5280cf76a3e83d16ed7e1ffb82b81fbec9cd42059""},""signature"":""ewdVjbKLTbE/kXHby5xxJwbXF44S5Hh8rEhIWG2X03e3lqaydL3eK7wRbyjFN8Tc8lwgEOqF7zWkdi65gItYzA=="",""counterpartPublicKey"":{""crv"":""P-256"",""ext"":true,""key_ops"":[""verify""],""kty"":""EC"",""x"":""Qrz9N4_4AkS8mW1lUau8MBzRTIqeLr1otMk0CWYcmrU"",""y"":""cbHS6kXO8H5V4YWOMJBwTSyvdr-4H6n1U6Q5Q_7M5-c""}},""messageId"":""false_5513991174080@c.us_3EB011A038830EF3326D35"",""timestamp"":1766255228}"
fa5f3e71-bba9-436d-bf3b-ff59c33cdb0b,2025-12-20T18:27:09.195Z,INFO,"New message arrived: "
0bcd8521-9f93-4fbd-9bf6-6355fd92b2cd,2025-12-20T18:27:09.523Z,INFO,"IncomingMessage:"
2651f204-698f-4655-b05a-9fa291ed4f60,2025-12-20T18:27:09.523Z,INFO,"{""content"":""[Control Message]\nConfirmation ACK sent."",""chatId"":""5513991174080@c.us"",""author"":""5513991174080@c.us"",""metadata"":{""kind"":""ACK"",""block"":{""hash"":""9457519af66e421616bcb1368ca48a77c79f1aeb6090e87986ac23fbea1b53b7"",""previousHash"":""0000000000000000000000000000000000000000000000000000000000000000"",""counter"":0,""commitedMessage"":""36bc6880793695825f4302e5280cf76a3e83d16ed7e1ffb82b81fbec9cd42059""},""signature"":""ewdVjbKLTbE/kXHby5xxJwbXF44S5Hh8rEhIWG2X03e3lqaydL3eK7wRbyjFN8Tc8lwgEOqF7zWkdi65gItYzA=="",""counterpartPublicKey"":{""crv"":""P-256"",""ext"":true,""key_ops"":[""verify""],""kty"":""EC"",""x"":""Qrz9N4_4AkS8mW1lUau8MBzRTIqeLr1otMk0CWYcmrU"",""y"":""cbHS6kXO8H5V4YWOMJBwTSyvdr-4H6n1U6Q5Q_7M5-c""}},""messageId"":""false_5513991174080@c.us_3EB011A038830EF3326D35"",""timestamp"":1766255228}"
47e0814d-2f19-4fb6-86a9-d3a62d5d5ae9,2025-12-20T18:27:09.530Z,INFO,"Checking signature in ack."
d180f563-6e91-47f7-b265-9afe976c9b3a,2025-12-20T18:27:09.531Z,INFO,"Verifying signature."
d9ec1f80-12fe-4307-a3dd-8d15391dac1f,2025-12-20T18:27:09.532Z,INFO,"Finished verifying"
ca0233b0-2477-4ec9-8dbc-a558945a5e85,2025-12-20T19:03:13.895Z,INFO,"Logger initialized in service worker."
e72fb6a0-b9e1-4c66-afab-26e9d951c428,2025-12-20T19:42:21.217Z,INFO,"Reloaded extension!"
9cb88263-ab7a-4a3b-8185-c82b562068f2,2025-12-20T19:42:21.338Z,INFO,"Logger initialized in service worker."
015e610d-23d5-4b12-b2e9-b1495ab84e1b,2025-12-20T19:42:38.597Z,INFO,"{""content"":""teste"",""chatId"":""5513991174080@c.us"",""author"":""4915757901339@c.us"",""messageId"":""true_5513991174080@c.us_3EB0DAAD1864AECC3FBA84"",""timestamp"":1766259757}"
5ed8def7-fd38-4819-b988-db8f3c787df3,2025-12-20T19:42:38.597Z,INFO,"New message arrived: "
a57c4356-715e-49e3-9793-ebb8d24cae4f,2025-12-20T19:42:38.632Z,INFO,"Sending message:"
cd4f3bfd-f343-4d42-839e-e918c409e849,2025-12-20T19:42:38.633Z,INFO,"[Control Message]
Error in secure conversation, ending chat. Logs available below."
03739d4c-5b19-40af-ac89-3465d0fba420,2025-12-20T19:42:38.727Z,INFO,"{""content"":""[Control Message]\nError in secure conversation, ending chat. Logs available below."",""chatId"":""5513991174080@c.us"",""author"":""4915757901339@c.us"",""messageId"":""true_5513991174080@c.us_3EB0269C8E7BBE6C001D46"",""timestamp"":1766259757}"
33869d1d-81a0-40b2-87cb-9cc25910c4a6,2025-12-20T19:42:38.727Z,INFO,"New message arrived: "
a9c50caa-194c-41a4-83c9-b008c23beed4,2025-12-20T19:42:38.739Z,INFO,"IncomingMessage:"
cda22ee1-f4c2-4bdf-b53d-0c2d19944aed,2025-12-20T19:42:38.740Z,INFO,"{""content"":""[Control Message]\nError in secure conversation, ending chat. Logs available below."",""chatId"":""5513991174080@c.us"",""author"":""4915757901339@c.us"",""messageId"":""true_5513991174080@c.us_3EB0269C8E7BBE6C001D46"",""timestamp"":1766259757}"
ab8049b2-4847-4be0-87ab-0fc3c2f3bd0f,2025-12-20T19:42:39.139Z,INFO,"Message sent."
1ef2a31d-e531-4418-a86e-c5dd9ae67426,2025-12-20T19:42:39.140Z,INFO,"{""ack"":1,""from"":""4915757901339@c.us"",""id"":""true_5513991174080@c.us_3EB0269C8E7BBE6C001D46"",""sendMsgResult"":{""count"":null,""messageSendResult"":""OK"",""t"":1766259759},""to"":""5513991174080@c.us""}"
d7e2d8e9-e992-468b-8a39-4b2e854dd25c,2025-12-20T19:42:39.241Z,INFO,"IncomingMessage:"
060f0364-c84c-478a-9698-77865da5b6e1,2025-12-20T19:42:39.242Z,INFO,"{""content"":""teste"",""chatId"":""5513991174080@c.us"",""author"":""4915757901339@c.us"",""messageId"":""true_5513991174080@c.us_3EB0DAAD1864AECC3FBA84"",""timestamp"":1766259757}"
27614f81-84d8-4c5d-a1fa-ef2adb1602fc,2025-12-20T19:42:59.969Z,INFO,"[Control Message]
Requesting secure conversation."
3cf3ce98-b54d-4ef4-b0e4-81d6600f44a9,2025-12-20T19:42:59.969Z,INFO,"Sending message:"
7cd72445-0527-4b2e-b11d-19564923f841,2025-12-20T19:42:59.987Z,INFO,"New message arrived: "
ba513b25-2a61-4b11-be78-170c7e377c32,2025-12-20T19:42:59.987Z,INFO,"{""content"":""[Control Message]\nRequesting secure conversation."",""chatId"":""5513991174080@c.us"",""author"":""4915757901339@c.us"",""messageId"":""true_5513991174080@c.us_3EB0B47EEA2866F530CB5B"",""timestamp"":1766259779}"
35afd72a-322e-4671-b9e3-7703250b0b2f,2025-12-20T19:43:00.005Z,INFO,"IncomingMessage:"
5cc59ad8-b58a-40c4-ada8-62b7e69ebb01,2025-12-20T19:43:00.006Z,INFO,"{""content"":""[Control Message]\nRequesting secure conversation."",""chatId"":""5513991174080@c.us"",""author"":""4915757901339@c.us"",""messageId"":""true_5513991174080@c.us_3EB0B47EEA2866F530CB5B"",""timestamp"":1766259779}"
baf5f74e-7d3b-44ce-b5b7-e192d88cfd58,2025-12-20T19:43:00.127Z,INFO,"Message sent."
13dae74a-5a84-435d-9862-5be7c3b588d2,2025-12-20T19:43:00.128Z,INFO,"{""ack"":1,""from"":""4915757901339@c.us"",""id"":""true_5513991174080@c.us_3EB0B47EEA2866F530CB5B"",""sendMsgResult"":{""count"":null,""messageSendResult"":""OK"",""t"":1766259780},""to"":""5513991174080@c.us""}"
c92ac59c-8ef5-4a90-9187-2391843bfa70,2025-12-20T19:43:08.088Z,INFO,"New message arrived: "
e1f9bca6-a081-4266-9deb-99fcab7f5f68,2025-12-20T19:43:08.088Z,INFO,"{""content"":""[Control Message]\nError in secure conversation, ending chat. Logs available below."",""chatId"":""5513991174080@c.us"",""author"":""5513991174080@c.us"",""messageId"":""false_5513991174080@c.us_3EB0C30C24F823807B9CF9"",""timestamp"":1766259787}"
6ff2771f-d869-4c14-a02c-681125a42756,2025-12-20T19:43:08.149Z,INFO,"IncomingMessage:"
f3a92a19-cf24-43b8-87e4-6b2b9dc7fe68,2025-12-20T19:43:08.150Z,INFO,"{""content"":""[Control Message]\nError in secure conversation, ending chat. Logs available below."",""chatId"":""5513991174080@c.us"",""author"":""5513991174080@c.us"",""messageId"":""false_5513991174080@c.us_3EB0C30C24F823807B9CF9"",""timestamp"":1766259787}"
595206b7-a5f7-46ed-ae87-0f0e7af6d462,2025-12-20T19:43:12.916Z,INFO,"New message arrived: "
3bccd6b9-005e-4f66-a1bf-632c750362db,2025-12-20T19:43:12.917Z,INFO,"{""content"":""[Control Message]\nSecure conversation accepted."",""chatId"":""5513991174080@c.us"",""author"":""5513991174080@c.us"",""metadata"":{""kind"":""AUDITABLE"",""block"":{""hash"":""93c6ec0665d2d60f2059126ca2097ca9b176be9b841f7eaaf77594bc777b22b9"",""previousHash"":""0000000000000000000000000000000000000000000000000000000000000000"",""counter"":0,""commitedMessage"":""d90ff9b3cf58869a1d3283e9fbe8260cb8b841165aee70106f8f28e8f9162f12""},""initialTimestamp"":""2025-12-20T19:43:12.340Z"",""counterpartPublicKey"":{""crv"":""P-256"",""ext"":true,""key_ops"":[""verify""],""kty"":""EC"",""x"":""Qrz9N4_4AkS8mW1lUau8MBzRTIqeLr1otMk0CWYcmrU"",""y"":""cbHS6kXO8H5V4YWOMJBwTSyvdr-4H6n1U6Q5Q_7M5-c""},""signature"":""bHzlwT5a4KCt3M+sGF5kWmDL/6aND2yHVtcwMWbeOTBLDQSkkRqZaPVgAoVYbe1GhWPPJr/gl16P2FdcSJAR7w=="",""seed"":""270e271b""},""messageId"":""false_5513991174080@c.us_3EB0A62834571DB46A8A04"",""timestamp"":1766259792}"
a578b549-2fe9-404e-972c-0d601aa83875,2025-12-20T19:43:12.977Z,INFO,"IncomingMessage:"
64693a06-ede2-49c9-b6b0-d5063ea29a1d,2025-12-20T19:43:12.978Z,INFO,"{""content"":""[Control Message]\nSecure conversation accepted."",""chatId"":""5513991174080@c.us"",""author"":""5513991174080@c.us"",""metadata"":{""kind"":""AUDITABLE"",""block"":{""hash"":""93c6ec0665d2d60f2059126ca2097ca9b176be9b841f7eaaf77594bc777b22b9"",""previousHash"":""0000000000000000000000000000000000000000000000000000000000000000"",""counter"":0,""commitedMessage"":""d90ff9b3cf58869a1d3283e9fbe8260cb8b841165aee70106f8f28e8f9162f12""},""initialTimestamp"":""2025-12-20T19:43:12.340Z"",""counterpartPublicKey"":{""crv"":""P-256"",""ext"":true,""key_ops"":[""verify""],""kty"":""EC"",""x"":""Qrz9N4_4AkS8mW1lUau8MBzRTIqeLr1otMk0CWYcmrU"",""y"":""cbHS6kXO8H5V4YWOMJBwTSyvdr-4H6n1U6Q5Q_7M5-c""},""signature"":""bHzlwT5a4KCt3M+sGF5kWmDL/6aND2yHVtcwMWbeOTBLDQSkkRqZaPVgAoVYbe1GhWPPJr/gl16P2FdcSJAR7w=="",""seed"":""270e271b""},""messageId"":""false_5513991174080@c.us_3EB0A62834571DB46A8A04"",""timestamp"":1766259792}"
385aaf4c-e841-450b-8ca7-b9db22529ab8,2025-12-20T19:43:12.984Z,INFO,"Verifying message."
c891318c-54ae-4c12-90e3-a1297974c334,2025-12-20T19:43:13.001Z,INFO,"Verifying signature."
91fddd91-4338-46b0-9ea4-464661ef4959,2025-12-20T19:43:13.002Z,INFO,"Finished verifying"
20db636e-ebaa-4e9f-aa21-b16ae518e9bb,2025-12-20T19:43:13.003Z,INFO,"Initiated hashing."
3b4f6f41-a844-457f-a4af-2881a35fee35,2025-12-20T19:43:13.004Z,INFO,"Finished hashing."
ddc741bb-131d-469e-aaeb-1b51fdd3480b,2025-12-20T19:43:13.008Z,INFO,"Generating signature."
ef8ce8b3-5d5b-4716-acea-203384c1c54f,2025-12-20T19:43:13.009Z,INFO,"Signature made."
3f1ed0ca-3be1-4eee-93a0-a1cd6bc66606,2025-12-20T19:43:13.010Z,INFO,"Signature converted to string."
c6949438-7a76-4190-9877-d47218ac2a82,2025-12-20T19:43:13.015Z,INFO,"Sending message:"
e90ffc13-40b8-4418-b3fd-e00d2f2b9563,2025-12-20T19:43:13.016Z,INFO,"[Control Message]
Confirmation ACK sent."
e011dfb1-9bd1-422b-94e2-229d8c98880e,2025-12-20T19:43:13.236Z,INFO,"{""ack"":1,""from"":""4915757901339@c.us"",""id"":""true_5513991174080@c.us_3EB053667202B73874B429"",""sendMsgResult"":{""count"":null,""messageSendResult"":""OK"",""t"":1766259793},""to"":""5513991174080@c.us""}"
f4457e61-b348-414b-b858-32ad4dcdf6d2,2025-12-20T19:43:13.236Z,INFO,"Message sent."
f9a71a97-69b3-48fe-87c3-95831694297c,2025-12-20T19:43:13.237Z,INFO,"Ack sent:"
f3ebbb68-af8b-4587-9f53-a88a2caa7d56,2025-12-20T19:43:13.238Z,INFO,"{""ack"":1,""from"":""4915757901339@c.us"",""id"":""true_5513991174080@c.us_3EB053667202B73874B429"",""sendMsgResult"":{""count"":null,""messageSendResult"":""OK"",""t"":1766259793},""to"":""5513991174080@c.us""}"
5582fb13-3763-43f4-a28c-b260beecce8b,2025-12-20T19:43:26.131Z,INFO,"New message arrived: "
c0d0951b-67cf-439a-b1d9-d57dd50bc294,2025-12-20T19:43:26.132Z,INFO,"{""content"":""teste1"",""chatId"":""5513991174080@c.us"",""author"":""4915757901339@c.us"",""messageId"":""true_5513991174080@c.us_3EB0F5060FEB2784BAEF13"",""timestamp"":1766259806}"
8bf4d603-4028-4a33-bbdb-728a428bdb11,2025-12-20T19:43:26.161Z,INFO,"Sending message:"
091c83c2-61aa-404a-acaf-824a869d112a,2025-12-20T19:43:26.162Z,INFO,"[Control Message]
Error in secure conversation, ending chat. Logs available below."
37117115-cbb7-4a6c-a275-51e6c78326a0,2025-12-20T19:43:26.179Z,INFO,"New message arrived: "
e10f8235-19a1-46ee-9554-f631d64dd469,2025-12-20T19:43:26.179Z,INFO,"{""content"":""[Control Message]\nError in secure conversation, ending chat. Logs available below."",""chatId"":""5513991174080@c.us"",""author"":""4915757901339@c.us"",""messageId"":""true_5513991174080@c.us_3EB0908617C7AB903BF749"",""timestamp"":1766259806}"
02f86ba6-945e-4f70-b46d-dd71d28fcdaf,2025-12-20T19:43:26.226Z,INFO,"{""content"":""[Control Message]\nError in secure conversation, ending chat. Logs available below."",""chatId"":""5513991174080@c.us"",""author"":""4915757901339@c.us"",""messageId"":""true_5513991174080@c.us_3EB0908617C7AB903BF749"",""timestamp"":1766259806}"
c1a7505e-ad3c-4a9d-9b68-8aa8f7667235,2025-12-20T19:43:26.226Z,INFO,"IncomingMessage:"
38fd2e4a-3e83-4f2d-ac88-a424b844bf96,2025-12-20T19:43:26.462Z,INFO,"Message sent."
839df868-708b-45de-b55b-dfb8e07a8345,2025-12-20T19:43:26.463Z,INFO,"{""ack"":1,""from"":""4915757901339@c.us"",""id"":""true_5513991174080@c.us_3EB0908617C7AB903BF749"",""sendMsgResult"":{""count"":null,""messageSendResult"":""OK"",""t"":1766259806},""to"":""5513991174080@c.us""}"
cf403198-e914-4f4e-836d-273f02d40325,2025-12-20T19:43:26.517Z,INFO,"IncomingMessage:"
03b04d8b-86eb-47e6-a790-00e76e04a9ee,2025-12-20T19:43:26.518Z,INFO,"{""content"":""teste1"",""chatId"":""5513991174080@c.us"",""author"":""4915757901339@c.us"",""messageId"":""true_5513991174080@c.us_3EB0F5060FEB2784BAEF13"",""timestamp"":1766259806}"
1051d3e6-b4a7-41b3-8f97-a16ecf35f1c9,2025-12-20T19:43:26.948Z,INFO,"{""content"":""[Control Message]\nError in secure conversation, ending chat. Logs available below."",""chatId"":""5513991174080@c.us"",""author"":""5513991174080@c.us"",""messageId"":""false_5513991174080@c.us_3EB01B6411F8BA8638EAD7"",""timestamp"":1766259806}"
d4c89d5a-2d3d-4374-8bb7-760425845f77,2025-12-20T19:43:26.948Z,INFO,"New message arrived: "
a4118ddd-b679-4a30-97be-b01714fb1ac3,2025-12-20T19:43:27.010Z,INFO,"IncomingMessage:"
69062110-6f8b-46fd-ab3b-a23f4bb3668e,2025-12-20T19:43:27.011Z,INFO,"{""content"":""[Control Message]\nError in secure conversation, ending chat. Logs available below."",""chatId"":""5513991174080@c.us"",""author"":""5513991174080@c.us"",""messageId"":""false_5513991174080@c.us_3EB01B6411F8BA8638EAD7"",""timestamp"":1766259806}"
fba17167-7b28-44fb-af2c-7aa3ead4444a,2025-12-20T19:45:39.438Z,INFO,"New message arrived: "
04c9752e-b3ac-4cea-8f68-bb87e07ecaa2,2025-12-20T19:45:39.439Z,INFO,"{""content"":""[Control Message]\nRequesting secure conversation."",""chatId"":""5513991174080@c.us"",""author"":""5513991174080@c.us"",""messageId"":""false_5513991174080@c.us_3EB02BC2D14A5C62442A63"",""timestamp"":1766259939}"
3e4be111-fd87-45d7-997d-3bb4caf9a1d5,2025-12-20T19:45:39.501Z,INFO,"IncomingMessage:"
4b2589df-7b62-4782-9762-99ebec5aa406,2025-12-20T19:45:39.504Z,INFO,"{""content"":""[Control Message]\nRequesting secure conversation."",""chatId"":""5513991174080@c.us"",""author"":""5513991174080@c.us"",""messageId"":""false_5513991174080@c.us_3EB02BC2D14A5C62442A63"",""timestamp"":1766259939}"
7f725b33-39c7-449a-855e-7388c3b64b78,2025-12-20T19:45:43.757Z,INFO,"Initiated hashing."
c29ccaf8-645f-47e2-88b8-317ffeab6650,2025-12-20T19:45:43.758Z,INFO,"Finished hashing."
ce0676f3-3650-44dd-a91c-51d0411bc8d7,2025-12-20T19:45:43.760Z,INFO,"Generating signature."
db6b1921-8559-402a-a25d-a75b865d02a1,2025-12-20T19:45:43.761Z,INFO,"Signature converted to string."
e9ebb89f-7d78-409b-b454-de79e966a467,2025-12-20T19:45:43.761Z,INFO,"Signature made."
a9f37f28-6aeb-44c3-86bc-370b3e830a7e,2025-12-20T19:45:43.767Z,INFO,"Sending message:"
5082f971-bc5a-4b64-b336-82965a68a93f,2025-12-20T19:45:43.768Z,INFO,"[Control Message]
Secure conversation accepted."
0a046e4e-e500-40de-9340-7a3b870ac018,2025-12-20T19:45:43.838Z,INFO,"{""content"":""[Control Message]\nSecure conversation accepted."",""chatId"":""5513991174080@c.us"",""author"":""4915757901339@c.us"",""metadata"":{""kind"":""AUDITABLE"",""block"":{""hash"":""cca5baf03074e5bfee5ee0334202ecb2b0beee0b3151d04235c0ad303e831a97"",""previousHash"":""0000000000000000000000000000000000000000000000000000000000000000"",""counter"":0,""commitedMessage"":""1f03e1f403a4f62ef5b6df04e69ac2c8b31a6b186b5400157abace042d725a0b""},""initialTimestamp"":""2025-12-20T19:45:43.756Z"",""counterpartPublicKey"":{""crv"":""P-256"",""ext"":true,""key_ops"":[""verify""],""kty"":""EC"",""x"":""81M0TUNyIGRUPlKLt4K7FEIrWBBSdXDNxH3UMrXBBSo"",""y"":""c86kpbDjVJHIF3VwouPXEgolXWxpWwgaP91tAnrcOLk""},""signature"":""0oc0CfaXc0nWKB/t6w1ZKGwNKvULBdRNBrc1B6GfBRc/zP7cs3N2fbAtqsNFAJ+mU88rSbzbokURr8zqe0EpVg=="",""seed"":""27d1390d""},""messageId"":""true_5513991174080@c.us_3EB061C244108C22AB9376"",""timestamp"":1766259942}"
867fe835-29ac-4794-913a-2e9c6e6f22f8,2025-12-20T19:45:43.838Z,INFO,"New message arrived: "
1c20559f-41f0-4b8a-be27-8bdc8db84f5b,2025-12-20T19:45:43.849Z,INFO,"{""content"":""[Control Message]\nSecure conversation accepted."",""chatId"":""5513991174080@c.us"",""author"":""4915757901339@c.us"",""metadata"":{""kind"":""AUDITABLE"",""block"":{""hash"":""cca5baf03074e5bfee5ee0334202ecb2b0beee0b3151d04235c0ad303e831a97"",""previousHash"":""0000000000000000000000000000000000000000000000000000000000000000"",""counter"":0,""commitedMessage"":""1f03e1f403a4f62ef5b6df04e69ac2c8b31a6b186b5400157abace042d725a0b""},""initialTimestamp"":""2025-12-20T19:45:43.756Z"",""counterpartPublicKey"":{""crv"":""P-256"",""ext"":true,""key_ops"":[""verify""],""kty"":""EC"",""x"":""81M0TUNyIGRUPlKLt4K7FEIrWBBSdXDNxH3UMrXBBSo"",""y"":""c86kpbDjVJHIF3VwouPXEgolXWxpWwgaP91tAnrcOLk""},""signature"":""0oc0CfaXc0nWKB/t6w1ZKGwNKvULBdRNBrc1B6GfBRc/zP7cs3N2fbAtqsNFAJ+mU88rSbzbokURr8zqe0EpVg=="",""seed"":""27d1390d""},""messageId"":""true_5513991174080@c.us_3EB061C244108C22AB9376"",""timestamp"":1766259942}"
4327e453-0dda-4492-86d6-54cda9a6877f,2025-12-20T19:45:43.849Z,INFO,"IncomingMessage:"
db299c8a-4754-4b53-bb19-ea776b677ca4,2025-12-20T19:45:44.285Z,INFO,"Message sent."
a85fb9d1-0f72-49e4-b13e-8782e58f2e00,2025-12-20T19:45:44.286Z,INFO,"{""ack"":1,""from"":""4915757901339@c.us"",""id"":""true_5513991174080@c.us_3EB061C244108C22AB9376"",""sendMsgResult"":{""count"":null,""messageSendResult"":""OK"",""t"":1766259944},""to"":""5513991174080@c.us""}"
07e4e767-4583-4488-8558-0655b996ab18,2025-12-20T19:45:44.896Z,INFO,"{""content"":""[Control Message]\nConfirmation ACK sent."",""chatId"":""5513991174080@c.us"",""author"":""5513991174080@c.us"",""metadata"":{""kind"":""ACK"",""block"":{""hash"":""cca5baf03074e5bfee5ee0334202ecb2b0beee0b3151d04235c0ad303e831a97"",""previousHash"":""0000000000000000000000000000000000000000000000000000000000000000"",""counter"":0,""commitedMessage"":""1f03e1f403a4f62ef5b6df04e69ac2c8b31a6b186b5400157abace042d725a0b""},""signature"":""8MRCHzKcadr+wKDe5p6jCAD/7WeXjZRAyci4yntCmJp3v2YwGDMKW9q4HP20ZNgCfwTn/Cc/F92fHtRz2JyaAA=="",""counterpartPublicKey"":{""crv"":""P-256"",""ext"":true,""key_ops"":[""verify""],""kty"":""EC"",""x"":""Qrz9N4_4AkS8mW1lUau8MBzRTIqeLr1otMk0CWYcmrU"",""y"":""cbHS6kXO8H5V4YWOMJBwTSyvdr-4H6n1U6Q5Q_7M5-c""}},""messageId"":""false_5513991174080@c.us_3EB0C333762714304CFC60"",""timestamp"":1766259944}"
c37d63d7-f3b5-4178-b86c-86457b9c187c,2025-12-20T19:45:44.896Z,INFO,"New message arrived: "
5a7da401-b7f1-441e-a5ea-fa5df24eaa29,2025-12-20T19:45:44.922Z,INFO,"IncomingMessage:"
7f1c4991-aeb7-4326-93be-e1f8e4ecb230,2025-12-20T19:45:44.923Z,INFO,"{""content"":""[Control Message]\nConfirmation ACK sent."",""chatId"":""5513991174080@c.us"",""author"":""5513991174080@c.us"",""metadata"":{""kind"":""ACK"",""block"":{""hash"":""cca5baf03074e5bfee5ee0334202ecb2b0beee0b3151d04235c0ad303e831a97"",""previousHash"":""0000000000000000000000000000000000000000000000000000000000000000"",""counter"":0,""commitedMessage"":""1f03e1f403a4f62ef5b6df04e69ac2c8b31a6b186b5400157abace042d725a0b""},""signature"":""8MRCHzKcadr+wKDe5p6jCAD/7WeXjZRAyci4yntCmJp3v2YwGDMKW9q4HP20ZNgCfwTn/Cc/F92fHtRz2JyaAA=="",""counterpartPublicKey"":{""crv"":""P-256"",""ext"":true,""key_ops"":[""verify""],""kty"":""EC"",""x"":""Qrz9N4_4AkS8mW1lUau8MBzRTIqeLr1otMk0CWYcmrU"",""y"":""cbHS6kXO8H5V4YWOMJBwTSyvdr-4H6n1U6Q5Q_7M5-c""}},""messageId"":""false_5513991174080@c.us_3EB0C333762714304CFC60"",""timestamp"":1766259944}"
0401ce5a-c5f3-47b3-b3a7-246fda93fc18,2025-12-20T19:45:44.928Z,INFO,"Verifying signature."
f730ea61-575f-4850-98d4-23a9e5bdc48e,2025-12-20T19:45:44.928Z,INFO,"Checking signature in ack."
7d0ee526-154a-4a7f-9b6a-45b0dd4ac322,2025-12-20T19:45:44.929Z,INFO,"Finished verifying"
2e2a5d89-78f4-41e6-bc82-b8ba646a4319,2025-12-20T19:46:02.281Z,INFO,"New message arrived: "
155deb21-a045-48a5-8c6d-00aaaa7f6e24,2025-12-20T19:46:02.282Z,INFO,"{""content"":""teste1"",""chatId"":""5513991174080@c.us"",""author"":""4915757901339@c.us"",""messageId"":""true_5513991174080@c.us_3EB0FBB5F0A1BBEEFC8559"",""timestamp"":1766259961}"
581e20ea-eb9b-417d-9724-f51f7c77f665,2025-12-20T19:46:02.304Z,INFO,"Sending message:"
8aa56633-5fb9-40fb-bd1a-561be0794bc4,2025-12-20T19:46:02.304Z,INFO,"[Control Message]
Error in secure conversation, ending chat. Logs available below."
0cdff7da-6b2f-4e79-b5ea-24a75c5fc84f,2025-12-20T19:46:02.315Z,INFO,"{""content"":""[Control Message]\nError in secure conversation, ending chat. Logs available below."",""chatId"":""5513991174080@c.us"",""author"":""4915757901339@c.us"",""messageId"":""true_5513991174080@c.us_3EB0C25B2B7CCB9E3B5DBD"",""timestamp"":1766259961}"
2e4fd75b-591a-4bf1-94d5-4d35f6b3c812,2025-12-20T19:46:02.315Z,INFO,"New message arrived: "
3d23d286-a92f-4ca9-aac9-2b5ee45ce3eb,2025-12-20T19:46:02.490Z,INFO,"{""content"":""[Control Message]\nError in secure conversation, ending chat. Logs available below."",""chatId"":""5513991174080@c.us"",""author"":""4915757901339@c.us"",""messageId"":""true_5513991174080@c.us_3EB0C25B2B7CCB9E3B5DBD"",""timestamp"":1766259961}"
ce91f85c-929a-40cc-94e3-fc3a5fe9c882,2025-12-20T19:46:02.490Z,INFO,"IncomingMessage:"
154c16b7-c04d-4e62-af51-c9ce9553015f,2025-12-20T19:46:02.849Z,INFO,"{""ack"":1,""from"":""4915757901339@c.us"",""id"":""true_5513991174080@c.us_3EB0C25B2B7CCB9E3B5DBD"",""sendMsgResult"":{""count"":null,""messageSendResult"":""OK"",""t"":1766259962},""to"":""5513991174080@c.us""}"
487ce18b-5563-4b30-8339-0a3185736217,2025-12-20T19:46:02.849Z,INFO,"Message sent."
0d445190-fa56-4df9-86db-a61551fe9eac,2025-12-20T19:46:03.145Z,INFO,"{""content"":""teste1"",""chatId"":""5513991174080@c.us"",""author"":""4915757901339@c.us"",""messageId"":""true_5513991174080@c.us_3EB0FBB5F0A1BBEEFC8559"",""timestamp"":1766259961}"
4155caee-360e-4427-80a2-226df7342dff,2025-12-20T19:46:03.145Z,INFO,"IncomingMessage:"
2b790fe7-1ec3-47a9-892f-f4e5acc1d7f7,2025-12-20T19:46:03.667Z,INFO,"New message arrived: "
f8a91e56-536a-4ff2-9eef-29d44926fd73,2025-12-20T19:46:03.667Z,INFO,"{""content"":""[Control Message]\nError in secure conversation, ending chat. Logs available below."",""chatId"":""5513991174080@c.us"",""author"":""5513991174080@c.us"",""messageId"":""false_5513991174080@c.us_3EB043971E2AB6976F2669"",""timestamp"":1766259963}"
157204ef-ed16-43f4-a8ee-cb7798c2f267,2025-12-20T19:46:03.760Z,INFO,"{""content"":""[Control Message]\nError in secure conversation, ending chat. Logs available below."",""chatId"":""5513991174080@c.us"",""author"":""5513991174080@c.us"",""messageId"":""false_5513991174080@c.us_3EB043971E2AB6976F2669"",""timestamp"":1766259963}"
93975949-aa34-4ca5-b662-78950ccd9a5d,2025-12-20T19:46:03.760Z,INFO,"IncomingMessage:"
0e6a10c7-7442-4e3a-b9a9-f5137a444224,2025-12-20T19:49:07.822Z,INFO,"Reloaded extension!"
10feadc9-19ea-4568-bcf7-13f41c2299af,2025-12-20T19:49:07.968Z,INFO,"Logger initialized in service worker."
50168d5c-d8d5-47ba-8fb1-b2472ee61c9b,2025-12-20T19:49:19.600Z,INFO,"Sending message:"
a067faf0-e8be-4550-9218-788877fe3278,2025-12-20T19:49:19.600Z,INFO,"[Control Message]
Requesting secure conversation."
0c87d29d-d6ab-42e7-ad6c-8f7dd9eeac46,2025-12-20T19:49:19.703Z,INFO,"{""content"":""[Control Message]\nRequesting secure conversation."",""chatId"":""5513991174080@c.us"",""author"":""4915757901339@c.us"",""messageId"":""true_5513991174080@c.us_3EB0E22758C06351A68F50"",""timestamp"":1766260159}"
c964d861-48da-4e83-ad65-8421d11e7e7b,2025-12-20T19:49:19.703Z,INFO,"New message arrived: "
62e24e74-1795-4845-a440-8a778640e31b,2025-12-20T19:49:19.724Z,INFO,"{""content"":""[Control Message]\nRequesting secure conversation."",""chatId"":""5513991174080@c.us"",""author"":""4915757901339@c.us"",""messageId"":""true_5513991174080@c.us_3EB0E22758C06351A68F50"",""timestamp"":1766260159}"
e0c8b0bd-fc7c-4b13-8570-3bc62a9ae4d5,2025-12-20T19:49:19.724Z,INFO,"IncomingMessage:"
ab151482-c082-4160-af52-9fe4c5b4801f,2025-12-20T19:49:20.563Z,INFO,"Message sent."
625a3823-62ec-47ae-861c-a80b96803c56,2025-12-20T19:49:20.564Z,INFO,"{""ack"":1,""from"":""4915757901339@c.us"",""id"":""true_5513991174080@c.us_3EB0E22758C06351A68F50"",""sendMsgResult"":{""count"":null,""messageSendResult"":""OK"",""t"":1766260160},""to"":""5513991174080@c.us""}"
24bc5a33-018e-44b0-b8c6-2c1a2617463b,2025-12-20T19:49:23.634Z,INFO,"{""content"":""[Control Message]\nSecure conversation accepted."",""chatId"":""5513991174080@c.us"",""author"":""5513991174080@c.us"",""metadata"":{""kind"":""AUDITABLE"",""block"":{""hash"":""fa1e4b2426b8f82bae75639e1b28bfe5713e055e8a65552d3366f98234d00d03"",""previousHash"":""0000000000000000000000000000000000000000000000000000000000000000"",""counter"":0,""commitedMessage"":""88eed43ecf8664eb16d6d2e72831eea011c4f40db0ac5151804633e75a722514""},""initialTimestamp"":""2025-12-20T19:49:23.288Z"",""counterpartPublicKey"":{""crv"":""P-256"",""ext"":true,""key_ops"":[""verify""],""kty"":""EC"",""x"":""Qrz9N4_4AkS8mW1lUau8MBzRTIqeLr1otMk0CWYcmrU"",""y"":""cbHS6kXO8H5V4YWOMJBwTSyvdr-4H6n1U6Q5Q_7M5-c""},""signature"":""HQ9URqrFHet4b78XU7kCvf9+YY115rbWQh4URQyfkhimaI7iXD3aBAMA5YHlPkB/OqADowyrLOYMuY5l/6U0xQ=="",""seed"":""22d0f356""},""messageId"":""false_5513991174080@c.us_3EB0F6C6923FDA8EF4D8FF"",""timestamp"":1766260163}"
4c749dbc-e03e-405e-a1a8-3dd6ff2c9ada,2025-12-20T19:49:23.634Z,INFO,"New message arrived: "
cc44454a-9591-49cf-a48b-97bcaafa1a90,2025-12-20T19:49:23.702Z,ERROR,"Original chatbox node could'n be found"
f4b0a4ac-f54c-40c2-8556-181e87932db2,2025-12-20T19:49:23.704Z,INFO,"IncomingMessage:"
4c303bb8-37e1-4268-bf5f-4b928c354cbb,2025-12-20T19:49:23.705Z,INFO,"{""content"":""[Control Message]\nSecure conversation accepted."",""chatId"":""5513991174080@c.us"",""author"":""5513991174080@c.us"",""metadata"":{""kind"":""AUDITABLE"",""block"":{""hash"":""fa1e4b2426b8f82bae75639e1b28bfe5713e055e8a65552d3366f98234d00d03"",""previousHash"":""0000000000000000000000000000000000000000000000000000000000000000"",""counter"":0,""commitedMessage"":""88eed43ecf8664eb16d6d2e72831eea011c4f40db0ac5151804633e75a722514""},""initialTimestamp"":""2025-12-20T19:49:23.288Z"",""counterpartPublicKey"":{""crv"":""P-256"",""ext"":true,""key_ops"":[""verify""],""kty"":""EC"",""x"":""Qrz9N4_4AkS8mW1lUau8MBzRTIqeLr1otMk0CWYcmrU"",""y"":""cbHS6kXO8H5V4YWOMJBwTSyvdr-4H6n1U6Q5Q_7M5-c""},""signature"":""HQ9URqrFHet4b78XU7kCvf9+YY115rbWQh4URQyfkhimaI7iXD3aBAMA5YHlPkB/OqADowyrLOYMuY5l/6U0xQ=="",""seed"":""22d0f356""},""messageId"":""false_5513991174080@c.us_3EB0F6C6923FDA8EF4D8FF"",""timestamp"":1766260163}"
6eeff5f3-3370-4e0d-a1a8-0f81ecf8ccf0,2025-12-20T19:49:23.709Z,INFO,"Verifying message."
f7ee815b-1e67-406c-beda-ed6dbbfd3873,2025-12-20T19:49:23.725Z,INFO,"Verifying signature."
cc999add-cb71-49dd-9c3a-25b786871f24,2025-12-20T19:49:23.726Z,INFO,"Finished verifying"
db690440-fabc-4f41-8d3c-9b92dbd5df0b,2025-12-20T19:49:23.727Z,INFO,"Initiated hashing."
bf27b1f9-1bfa-4ca6-80a5-0f1272cd1869,2025-12-20T19:49:23.728Z,INFO,"Finished hashing."
efd6084f-b572-4a1f-938e-8e94c7c89576,2025-12-20T19:49:23.733Z,INFO,"Generating signature."
440d6c66-b075-41fb-a5ec-e7c08c1e1512,2025-12-20T19:49:23.734Z,INFO,"Signature made."
e1cdda03-d00c-422e-af45-cc0f9a01bf6d,2025-12-20T19:49:23.734Z,INFO,"Signature converted to string."
0c51c75c-7def-43fb-acda-27523815d3dc,2025-12-20T19:49:23.745Z,INFO,"[Control Message]
Confirmation ACK sent."
8a35b637-40d7-4edb-a114-6c3faf4a77a0,2025-12-20T19:49:23.745Z,INFO,"Sending message:"
4fc1f32f-860e-425c-a2e2-647856dae9a6,2025-12-20T19:49:23.953Z,INFO,"{""ack"":1,""from"":""4915757901339@c.us"",""id"":""true_5513991174080@c.us_3EB044EB1D88ADD6BA5713"",""sendMsgResult"":{""count"":null,""messageSendResult"":""OK"",""t"":1766260163},""to"":""5513991174080@c.us""}"
8f3ea454-77b3-4c50-a9b8-98ba4740ac45,2025-12-20T19:49:23.953Z,INFO,"Message sent."
951f7660-50ee-4c62-bc97-34bf63a12e83,2025-12-20T19:49:23.954Z,INFO,"{""ack"":1,""from"":""4915757901339@c.us"",""id"":""true_5513991174080@c.us_3EB044EB1D88ADD6BA5713"",""sendMsgResult"":{""count"":null,""messageSendResult"":""OK"",""t"":1766260163},""to"":""5513991174080@c.us""}"
9f9fd0ba-6d2a-4c4c-9d8d-8b67491ec234,2025-12-20T19:49:23.954Z,INFO,"Ack sent:"
e3a2c4c4-692a-46eb-9efd-f88b74dba02c,2025-12-20T19:51:53.836Z,INFO,"Reloaded extension!"
68eb0cac-5303-4f6b-974b-935c6d1a8c37,2025-12-20T19:51:53.956Z,INFO,"Logger initialized in service worker."
e4a1f465-488b-4841-8771-9f658ade4941,2025-12-20T19:52:08.843Z,INFO,"Message generated. Started calculating metadata."
4c45efe5-06e1-46c6-910c-4cebd8e362bb,2025-12-20T19:52:08.853Z,INFO,"Initiated hashing."
ea691b77-70d5-4ea1-8443-db2f2a087b8d,2025-12-20T19:52:08.855Z,INFO,"Finished hashing."
c862500a-d7d8-4c38-82fd-c57c9e067be3,2025-12-20T19:52:08.868Z,INFO,"Generating signature."
e4b2fb6e-9b41-4cae-a484-cf93b2253296,2025-12-20T19:52:08.868Z,INFO,"Signature made."
5d995c8f-622e-4342-b564-9ff2710dd369,2025-12-20T19:52:08.869Z,INFO,"Signature converted to string."
22a76219-e3c8-420e-94aa-7d42effa4171,2025-12-20T19:52:08.877Z,INFO,"Sending message:"
7a211dab-efca-4feb-901c-69ec00710b18,2025-12-20T19:52:08.878Z,INFO,"teste1"
0dd2dcd9-a066-4c5e-9e93-e466af75f548,2025-12-20T19:52:08.960Z,INFO,"New message arrived: "
8b39a22b-5de2-4cd7-86f3-6a8eec2fd634,2025-12-20T19:52:08.961Z,INFO,"{""content"":""teste1"",""chatId"":""5513991174080@c.us"",""author"":""4915757901339@c.us"",""metadata"":{""kind"":""AUDITABLE"",""block"":{""hash"":""2254ae36255503cb83934ddc3cb656c33229946ce94aa822adca68b0daa1335e"",""previousHash"":""fa1e4b2426b8f82bae75639e1b28bfe5713e055e8a65552d3366f98234d00d03"",""counter"":1,""commitedMessage"":""eb95d0cc236b673525ea07148238018be3a6b37f59288982d4aa48910cb333ff""},""signature"":""7KYCQ1pDeDSP9+SXFo1Mwrpm7d6+5Lmx+1/FlLTeLfzclCOsSC4LXGAEMDoAcFBpFGBfQmuDc4hb6eSOn+lbyA==""},""messageId"":""true_5513991174080@c.us_3EB0B99CAF0F1218BF23A3"",""timestamp"":1766260327}"
a634f271-7cb2-46e8-a866-9af3b8c3baf2,2025-12-20T19:52:08.974Z,INFO,"IncomingMessage:"
2ab7227b-da62-463f-99d9-4650fa4181a2,2025-12-20T19:52:08.975Z,INFO,"{""content"":""teste1"",""chatId"":""5513991174080@c.us"",""author"":""4915757901339@c.us"",""metadata"":{""kind"":""AUDITABLE"",""block"":{""hash"":""2254ae36255503cb83934ddc3cb656c33229946ce94aa822adca68b0daa1335e"",""previousHash"":""fa1e4b2426b8f82bae75639e1b28bfe5713e055e8a65552d3366f98234d00d03"",""counter"":1,""commitedMessage"":""eb95d0cc236b673525ea07148238018be3a6b37f59288982d4aa48910cb333ff""},""signature"":""7KYCQ1pDeDSP9+SXFo1Mwrpm7d6+5Lmx+1/FlLTeLfzclCOsSC4LXGAEMDoAcFBpFGBfQmuDc4hb6eSOn+lbyA==""},""messageId"":""true_5513991174080@c.us_3EB0B99CAF0F1218BF23A3"",""timestamp"":1766260327}"
5933de42-0c68-4452-9eb7-c7fae553f0ae,2025-12-20T19:52:09.600Z,INFO,"{""ack"":1,""from"":""4915757901339@c.us"",""id"":""true_5513991174080@c.us_3EB0B99CAF0F1218BF23A3"",""sendMsgResult"":{""count"":null,""messageSendResult"":""OK"",""t"":1766260329},""to"":""5513991174080@c.us""}"
f25cbdb9-9ca4-45e2-abaa-31c0986cc292,2025-12-20T19:52:09.600Z,INFO,"Message sent."
6703feaf-d6df-40f1-8a19-0b63363040c0,2025-12-20T19:52:10.303Z,INFO,"New message arrived: "
a3c9d725-2134-4f7c-9f43-6e097a65ce7c,2025-12-20T19:52:10.304Z,INFO,"{""content"":""[Control Message]\nConfirmation ACK sent."",""chatId"":""5513991174080@c.us"",""author"":""5513991174080@c.us"",""metadata"":{""kind"":""ACK"",""block"":{""hash"":""2254ae36255503cb83934ddc3cb656c33229946ce94aa822adca68b0daa1335e"",""previousHash"":""fa1e4b2426b8f82bae75639e1b28bfe5713e055e8a65552d3366f98234d00d03"",""counter"":1,""commitedMessage"":""eb95d0cc236b673525ea07148238018be3a6b37f59288982d4aa48910cb333ff""},""signature"":""Sc/1zdjckDonRWDGztgCxXj2jwgDdWzAvTo8399loWXmXh/Rna5mtZuou20sp4t8Ih3iRR0XnOJ/IOC4U6P/Ow==""},""messageId"":""false_5513991174080@c.us_3EB01264D10DD643B6510C"",""timestamp"":1766260330}"
905d523a-9240-4157-be73-bb9d98ed08e4,2025-12-20T19:52:10.423Z,INFO,"IncomingMessage:"
a04bac6f-7e4f-423a-91b3-4db75a829f5d,2025-12-20T19:52:10.424Z,INFO,"{""content"":""[Control Message]\nConfirmation ACK sent."",""chatId"":""5513991174080@c.us"",""author"":""5513991174080@c.us"",""metadata"":{""kind"":""ACK"",""block"":{""hash"":""2254ae36255503cb83934ddc3cb656c33229946ce94aa822adca68b0daa1335e"",""previousHash"":""fa1e4b2426b8f82bae75639e1b28bfe5713e055e8a65552d3366f98234d00d03"",""counter"":1,""commitedMessage"":""eb95d0cc236b673525ea07148238018be3a6b37f59288982d4aa48910cb333ff""},""signature"":""Sc/1zdjckDonRWDGztgCxXj2jwgDdWzAvTo8399loWXmXh/Rna5mtZuou20sp4t8Ih3iRR0XnOJ/IOC4U6P/Ow==""},""messageId"":""false_5513991174080@c.us_3EB01264D10DD643B6510C"",""timestamp"":1766260330}"
6445e309-3d88-462e-8ed8-158de2d64878,2025-12-20T19:52:10.426Z,INFO,"Verifying signature."
995294e7-cac2-4a1d-80d5-53c45840f9f5,2025-12-20T19:52:10.426Z,INFO,"Checking signature in ack."
7ac7132b-9231-464f-b8e8-546d8e49091a,2025-12-20T19:52:10.427Z,INFO,"Finished verifying"
12319bad-e769-4573-8113-5feaad44a353,2025-12-20T19:57:38.720Z,INFO,"Reloaded extension!"
467faa09-2be3-42fd-b976-d8b87f947be8,2025-12-20T19:57:38.851Z,INFO,"Logger initialized in service worker."
294468e1-1c25-48e3-b82d-b847bd46ec39,2025-12-20T19:59:52.817Z,INFO,"Logger initialized in service worker."
767b272b-56ef-42ea-a262-0e3d237d6262,2025-12-20T20:00:06.055Z,INFO,"Reloaded extension!"
9d53fb3f-3ef9-4112-8f9e-ae07ec8c1305,2025-12-20T20:00:06.200Z,INFO,"Logger initialized in service worker."
4cae1439-b4fe-4ad1-a238-dcb774bb9939,2025-12-20T20:00:17.806Z,INFO,"Message generated. Started calculating metadata."
0e547f04-27a1-4a73-87fe-4f3411cd6c49,2025-12-20T20:00:17.814Z,INFO,"Initiated hashing."
b8b03826-c823-46d1-8d39-0cdae9b526f2,2025-12-20T20:00:17.815Z,INFO,"Finished hashing."
74d4ed51-cb2c-474b-8bd5-5f643d3cb338,2025-12-20T20:00:17.841Z,INFO,"Generating signature."
729f1637-e839-455b-8d12-e9cbc3d390ef,2025-12-20T20:00:17.842Z,INFO,"Signature made."
f0ffe8ac-5a21-4ea6-abf8-4b882b33a5c9,2025-12-20T20:00:17.843Z,INFO,"Signature converted to string."
6da92b88-7a9c-4341-b6f5-fd1fface447e,2025-12-20T20:00:17.848Z,INFO,"Sending message:"
78182836-00a4-41c9-9ea0-69edb97c9105,2025-12-20T20:00:17.848Z,INFO,"teste2"
3018b428-752d-470a-8a1b-e333caf7f4ec,2025-12-20T20:00:17.926Z,INFO,"{""content"":""teste2"",""chatId"":""5513991174080@c.us"",""author"":""4915757901339@c.us"",""metadata"":{""kind"":""AUDITABLE"",""block"":{""hash"":""92418f0cf2518090798df00e45ea70eeee058ba448edd78ca5ec08f1fd92ed10"",""previousHash"":""2254ae36255503cb83934ddc3cb656c33229946ce94aa822adca68b0daa1335e"",""counter"":2,""commitedMessage"":""5d8bbbd19225cbb48413d171b4c28fbd547f7ecf71539f51ece899561ac70d02""},""signature"":""GiFVs0Ax8pFiDHfdJoCcnuUvOnJ09+/FrKINPRo50KlQHPGbW4DItHqOq33W7BGcXQ1OoJVpDUu4JaU3Q8mYPA==""},""messageId"":""true_5513991174080@c.us_3EB04B0DCCFFFAE900CD93"",""timestamp"":1766260816}"
7c3cd1bd-b52f-429a-ad30-a46f4e282f75,2025-12-20T20:00:17.926Z,INFO,"New message arrived: "
8871099d-fcf1-4b67-9759-033631028316,2025-12-20T20:00:17.947Z,INFO,"IncomingMessage:"
c89833c3-d9fb-4719-a27a-418cb284f2b9,2025-12-20T20:00:17.948Z,INFO,"{""content"":""teste2"",""chatId"":""5513991174080@c.us"",""author"":""4915757901339@c.us"",""metadata"":{""kind"":""AUDITABLE"",""block"":{""hash"":""92418f0cf2518090798df00e45ea70eeee058ba448edd78ca5ec08f1fd92ed10"",""previousHash"":""2254ae36255503cb83934ddc3cb656c33229946ce94aa822adca68b0daa1335e"",""counter"":2,""commitedMessage"":""5d8bbbd19225cbb48413d171b4c28fbd547f7ecf71539f51ece899561ac70d02""},""signature"":""GiFVs0Ax8pFiDHfdJoCcnuUvOnJ09+/FrKINPRo50KlQHPGbW4DItHqOq33W7BGcXQ1OoJVpDUu4JaU3Q8mYPA==""},""messageId"":""true_5513991174080@c.us_3EB04B0DCCFFFAE900CD93"",""timestamp"":1766260816}"
d9d5df72-ba7b-4971-bfee-71afde2f789e,2025-12-20T20:00:18.291Z,INFO,"Message sent."
9dd61560-6fea-47f2-b13a-97fd863ffdae,2025-12-20T20:00:18.292Z,INFO,"{""ack"":1,""from"":""4915757901339@c.us"",""id"":""true_5513991174080@c.us_3EB04B0DCCFFFAE900CD93"",""sendMsgResult"":{""count"":null,""messageSendResult"":""OK"",""t"":1766260818},""to"":""5513991174080@c.us""}"
32cc82ce-94ef-4e11-83d5-4b98b41bfc9e,2025-12-20T20:00:51.659Z,INFO,"New message arrived: "
66908ab5-aa06-40df-9cd2-f005d9d31f4e,2025-12-20T20:00:51.659Z,INFO,"{""content"":""[Control Message]\nSecure conversation ended. Logs available below."",""chatId"":""5513991174080@c.us"",""author"":""5513991174080@c.us"",""messageId"":""false_5513991174080@c.us_3EB00B5D75EB8CF793BB57"",""timestamp"":1766260851}"
94d98f23-9aac-4d39-932b-5acdfdbef4ba,2025-12-20T20:00:51.739Z,INFO,"IncomingMessage:"
90abf11e-46b2-47b2-9349-2a5990e62685,2025-12-20T20:00:51.741Z,INFO,"{""content"":""[Control Message]\nSecure conversation ended. Logs available below."",""chatId"":""5513991174080@c.us"",""author"":""5513991174080@c.us"",""messageId"":""false_5513991174080@c.us_3EB00B5D75EB8CF793BB57"",""timestamp"":1766260851}"
3d3fc2c9-63f9-4d5f-8a53-6694154e1a83,2025-12-20T20:00:55.045Z,INFO,"New message arrived: "
705d1ced-5b10-42bf-9810-b1d7c4103e43,2025-12-20T20:00:55.045Z,INFO,"{""content"":""[Control Message]\nRequesting secure conversation."",""chatId"":""5513991174080@c.us"",""author"":""5513991174080@c.us"",""messageId"":""false_5513991174080@c.us_3EB0732AAFB580001F2FB7"",""timestamp"":1766260854}"
24b68476-22f7-4939-895f-3bc3edd8eb10,2025-12-20T20:00:55.076Z,INFO,"{""content"":""[Control Message]\nRequesting secure conversation."",""chatId"":""5513991174080@c.us"",""author"":""5513991174080@c.us"",""messageId"":""false_5513991174080@c.us_3EB0732AAFB580001F2FB7"",""timestamp"":1766260854}"
79c78903-2bad-4cc9-b216-d4c486037aa4,2025-12-20T20:00:55.076Z,INFO,"IncomingMessage:"
f4fe9511-b03b-46e5-8f11-521f39db99b8,2025-12-20T20:00:57.573Z,INFO,"Initiated hashing."
fc7906d5-a389-4769-9770-7143a63e8328,2025-12-20T20:00:57.574Z,INFO,"Finished hashing."
0fac0294-b08f-49cf-a4d4-e12483ff043e,2025-12-20T20:00:57.576Z,INFO,"Generating signature."
4d434f3f-2661-4aab-ac22-a2148e2cb005,2025-12-20T20:00:57.576Z,INFO,"Signature made."
ba37c144-846e-4543-bb85-09c7933919c9,2025-12-20T20:00:57.577Z,INFO,"Signature converted to string."
c4123923-2b3f-4e3d-8f2c-205b57436992,2025-12-20T20:00:57.581Z,INFO,"[Control Message]
Secure conversation accepted."
f34d0fdc-181c-42f4-bdb7-63f71eaf3451,2025-12-20T20:00:57.581Z,INFO,"Sending message:"
678354d4-81a3-45a5-b452-83eed13dbba1,2025-12-20T20:00:57.588Z,INFO,"New message arrived: "
f2dc07da-3ba2-400a-86bf-87eac0255f66,2025-12-20T20:00:57.589Z,INFO,"{""content"":""[Control Message]\nSecure conversation accepted."",""chatId"":""5513991174080@c.us"",""author"":""4915757901339@c.us"",""metadata"":{""kind"":""AUDITABLE"",""block"":{""hash"":""3eb44819975d8ed794a0dd73b7802d5823a5586fc73e653b3ec2057389d85766"",""previousHash"":""0000000000000000000000000000000000000000000000000000000000000000"",""counter"":0,""commitedMessage"":""b4349ec310a3ebcec725fef746d98b180c9357b3f5d156390111411a3aa645d0""},""initialTimestamp"":""2025-12-20T20:00:57.570Z"",""counterpartPublicKey"":{""crv"":""P-256"",""ext"":true,""key_ops"":[""verify""],""kty"":""EC"",""x"":""81M0TUNyIGRUPlKLt4K7FEIrWBBSdXDNxH3UMrXBBSo"",""y"":""c86kpbDjVJHIF3VwouPXEgolXWxpWwgaP91tAnrcOLk""},""signature"":""O+x+DVqKSYu1LVKpPIHknUKfxxFdtjDdSMdGkQSdq5vah3Ao7vr8tZ4Pib0ZybLO9sYflEvW6t2ST1vtmoh34g=="",""seed"":""7f04515a""},""messageId"":""true_5513991174080@c.us_3EB0740DF6EF33A241C899"",""timestamp"":1766260856}"
055b5482-1100-4bab-befd-d3460290ea92,2025-12-20T20:00:57.609Z,INFO,"IncomingMessage:"
dd4a0818-1e5c-4209-b264-a95165c2dbe7,2025-12-20T20:00:57.610Z,INFO,"{""content"":""[Control Message]\nSecure conversation accepted."",""chatId"":""5513991174080@c.us"",""author"":""4915757901339@c.us"",""metadata"":{""kind"":""AUDITABLE"",""block"":{""hash"":""3eb44819975d8ed794a0dd73b7802d5823a5586fc73e653b3ec2057389d85766"",""previousHash"":""0000000000000000000000000000000000000000000000000000000000000000"",""counter"":0,""commitedMessage"":""b4349ec310a3ebcec725fef746d98b180c9357b3f5d156390111411a3aa645d0""},""initialTimestamp"":""2025-12-20T20:00:57.570Z"",""counterpartPublicKey"":{""crv"":""P-256"",""ext"":true,""key_ops"":[""verify""],""kty"":""EC"",""x"":""81M0TUNyIGRUPlKLt4K7FEIrWBBSdXDNxH3UMrXBBSo"",""y"":""c86kpbDjVJHIF3VwouPXEgolXWxpWwgaP91tAnrcOLk""},""signature"":""O+x+DVqKSYu1LVKpPIHknUKfxxFdtjDdSMdGkQSdq5vah3Ao7vr8tZ4Pib0ZybLO9sYflEvW6t2ST1vtmoh34g=="",""seed"":""7f04515a""},""messageId"":""true_5513991174080@c.us_3EB0740DF6EF33A241C899"",""timestamp"":1766260856}"
89e9bd12-9c92-4c72-9d61-d9cb1e1fe592,2025-12-20T20:00:57.789Z,INFO,"Message sent."
961259b1-491f-4ba9-a2e0-ef6806bef689,2025-12-20T20:00:57.789Z,INFO,"{""ack"":1,""from"":""4915757901339@c.us"",""id"":""true_5513991174080@c.us_3EB0740DF6EF33A241C899"",""sendMsgResult"":{""count"":null,""messageSendResult"":""OK"",""t"":1766260857},""to"":""5513991174080@c.us""}"
5140daff-fed3-44aa-a55e-2ee617089f04,2025-12-20T20:00:58.587Z,INFO,"New message arrived: "
7ec1fad3-731a-4d5c-a424-5e130538796a,2025-12-20T20:00:58.587Z,INFO,"{""content"":""[Control Message]\nConfirmation ACK sent."",""chatId"":""5513991174080@c.us"",""author"":""5513991174080@c.us"",""metadata"":{""kind"":""ACK"",""block"":{""hash"":""3eb44819975d8ed794a0dd73b7802d5823a5586fc73e653b3ec2057389d85766"",""previousHash"":""0000000000000000000000000000000000000000000000000000000000000000"",""counter"":0,""commitedMessage"":""b4349ec310a3ebcec725fef746d98b180c9357b3f5d156390111411a3aa645d0""},""signature"":""lEc17iYL/7Omk6St3bGByfTYa7U60P3pfgMXV8AEht9kJKHBpek8z1Cn/46jygONF4eVtEMp2Yu0+bFLdsG6PA=="",""counterpartPublicKey"":{""crv"":""P-256"",""ext"":true,""key_ops"":[""verify""],""kty"":""EC"",""x"":""Qrz9N4_4AkS8mW1lUau8MBzRTIqeLr1otMk0CWYcmrU"",""y"":""cbHS6kXO8H5V4YWOMJBwTSyvdr-4H6n1U6Q5Q_7M5-c""}},""messageId"":""false_5513991174080@c.us_3EB0AB561BB534A8E4AF1B"",""timestamp"":1766260858}"
e81e50e8-8676-4c81-ac68-886b30439b9c,2025-12-20T20:00:58.616Z,INFO,"IncomingMessage:"
540c9690-d510-48ee-84d9-da96be0ba1ef,2025-12-20T20:00:58.617Z,INFO,"{""content"":""[Control Message]\nConfirmation ACK sent."",""chatId"":""5513991174080@c.us"",""author"":""5513991174080@c.us"",""metadata"":{""kind"":""ACK"",""block"":{""hash"":""3eb44819975d8ed794a0dd73b7802d5823a5586fc73e653b3ec2057389d85766"",""previousHash"":""0000000000000000000000000000000000000000000000000000000000000000"",""counter"":0,""commitedMessage"":""b4349ec310a3ebcec725fef746d98b180c9357b3f5d156390111411a3aa645d0""},""signature"":""lEc17iYL/7Omk6St3bGByfTYa7U60P3pfgMXV8AEht9kJKHBpek8z1Cn/46jygONF4eVtEMp2Yu0+bFLdsG6PA=="",""counterpartPublicKey"":{""crv"":""P-256"",""ext"":true,""key_ops"":[""verify""],""kty"":""EC"",""x"":""Qrz9N4_4AkS8mW1lUau8MBzRTIqeLr1otMk0CWYcmrU"",""y"":""cbHS6kXO8H5V4YWOMJBwTSyvdr-4H6n1U6Q5Q_7M5-c""}},""messageId"":""false_5513991174080@c.us_3EB0AB561BB534A8E4AF1B"",""timestamp"":1766260858}"
b2d9b598-8871-49c2-a9a3-ffaf0389d496,2025-12-20T20:00:58.623Z,INFO,"Checking signature in ack."
c9456585-c14d-4a0f-b287-ba6fd23fd6d4,2025-12-20T20:00:58.624Z,INFO,"Verifying signature."
cd6326cd-5df6-4859-9662-95e433df5edf,2025-12-20T20:00:58.625Z,INFO,"Finished verifying"
19a49f07-ece5-4182-baef-c35642768189,2025-12-20T20:01:03.210Z,INFO,"Message generated. Started calculating metadata."
11d6a0ef-4632-4a0e-a67d-6f352a24d60b,2025-12-20T20:01:03.218Z,INFO,"Initiated hashing."
a32627b9-beae-4591-9986-952313f23b3d,2025-12-20T20:01:03.219Z,INFO,"Finished hashing."
c086af62-0ac6-4de3-b568-bc163d73d944,2025-12-20T20:01:03.220Z,INFO,"Generating signature."
935deed8-81e3-4155-b9f7-3bf639242431,2025-12-20T20:01:03.221Z,INFO,"Signature made."
4948d214-7950-4ff1-a0ba-38f4e563063a,2025-12-20T20:01:03.222Z,INFO,"Signature converted to string."
608907d4-f11c-4047-aac3-e49f0fdb5d31,2025-12-20T20:01:03.229Z,INFO,"Sending message:"
2e3fb370-710b-4e0d-bbc2-4e00000ffee1,2025-12-20T20:01:03.230Z,INFO,"teste1"
a0906336-e560-4c2c-ae10-4cc249a568b0,2025-12-20T20:01:03.236Z,INFO,"New message arrived: "
91c3beb5-4837-4e1b-bfed-b8edd4e6c6d5,2025-12-20T20:01:03.237Z,INFO,"{""content"":""teste1"",""chatId"":""5513991174080@c.us"",""author"":""4915757901339@c.us"",""metadata"":{""kind"":""AUDITABLE"",""block"":{""hash"":""7c8ef9c44e1317c7525b16360b4d2239a7e65ab375da135c07da7580df6bd06a"",""previousHash"":""3eb44819975d8ed794a0dd73b7802d5823a5586fc73e653b3ec2057389d85766"",""counter"":1,""commitedMessage"":""d31b875549d367b292ff98d48337c2b01b152e4b11e4d841adc86f3c1ede8bff""},""signature"":""hoxIIC3kXeUJMOnecgbW/JoDmpSjJVSyysujyVHsZmEkfihit9qAqGYXu0CR5VLvpBCrLn2N2DVractnS/sOJw==""},""messageId"":""true_5513991174080@c.us_3EB0B463C75677503A7FBD"",""timestamp"":1766260862}"
b18581bd-af92-4139-9e81-c6e2ab247309,2025-12-20T20:01:03.246Z,INFO,"IncomingMessage:"
d0678212-1ab2-4aea-891a-44d409afe71a,2025-12-20T20:01:03.247Z,INFO,"{""content"":""teste1"",""chatId"":""5513991174080@c.us"",""author"":""4915757901339@c.us"",""metadata"":{""kind"":""AUDITABLE"",""block"":{""hash"":""7c8ef9c44e1317c7525b16360b4d2239a7e65ab375da135c07da7580df6bd06a"",""previousHash"":""3eb44819975d8ed794a0dd73b7802d5823a5586fc73e653b3ec2057389d85766"",""counter"":1,""commitedMessage"":""d31b875549d367b292ff98d48337c2b01b152e4b11e4d841adc86f3c1ede8bff""},""signature"":""hoxIIC3kXeUJMOnecgbW/JoDmpSjJVSyysujyVHsZmEkfihit9qAqGYXu0CR5VLvpBCrLn2N2DVractnS/sOJw==""},""messageId"":""true_5513991174080@c.us_3EB0B463C75677503A7FBD"",""timestamp"":1766260862}"
d41ecc8f-3930-463b-a29a-7a13ebc70633,2025-12-20T20:01:03.420Z,INFO,"Message sent."
9cac3b5c-140e-47af-9e9f-44ff137888a5,2025-12-20T20:01:03.421Z,INFO,"{""ack"":1,""from"":""4915757901339@c.us"",""id"":""true_5513991174080@c.us_3EB0B463C75677503A7FBD"",""sendMsgResult"":{""count"":null,""messageSendResult"":""OK"",""t"":1766260863},""to"":""5513991174080@c.us""}"
baa8a9d1-51d7-4f61-acf0-806124c43629,2025-12-20T20:01:04.254Z,INFO,"{""content"":""[Control Message]\nConfirmation ACK sent."",""chatId"":""5513991174080@c.us"",""author"":""5513991174080@c.us"",""metadata"":{""kind"":""ACK"",""block"":{""hash"":""7c8ef9c44e1317c7525b16360b4d2239a7e65ab375da135c07da7580df6bd06a"",""previousHash"":""3eb44819975d8ed794a0dd73b7802d5823a5586fc73e653b3ec2057389d85766"",""counter"":1,""commitedMessage"":""d31b875549d367b292ff98d48337c2b01b152e4b11e4d841adc86f3c1ede8bff""},""signature"":""Pu2WVy1lsZk5ahRW3orDQlYZbyeqMPzJBW8tPSucOcGyDEy6s2wSL7R9Nf6ADHCMmXqq6hXCq375Nr9QS1OQyw==""},""messageId"":""false_5513991174080@c.us_3EB0D9D5E35230EBBAD5CD"",""timestamp"":1766260864}"
d31b449a-283e-44fe-b210-04a24db1c410,2025-12-20T20:01:04.254Z,INFO,"New message arrived: "
1a91613f-21de-4186-9a48-548912872d46,2025-12-20T20:01:04.282Z,INFO,"{""content"":""[Control Message]\nConfirmation ACK sent."",""chatId"":""5513991174080@c.us"",""author"":""5513991174080@c.us"",""metadata"":{""kind"":""ACK"",""block"":{""hash"":""7c8ef9c44e1317c7525b16360b4d2239a7e65ab375da135c07da7580df6bd06a"",""previousHash"":""3eb44819975d8ed794a0dd73b7802d5823a5586fc73e653b3ec2057389d85766"",""counter"":1,""commitedMessage"":""d31b875549d367b292ff98d48337c2b01b152e4b11e4d841adc86f3c1ede8bff""},""signature"":""Pu2WVy1lsZk5ahRW3orDQlYZbyeqMPzJBW8tPSucOcGyDEy6s2wSL7R9Nf6ADHCMmXqq6hXCq375Nr9QS1OQyw==""},""messageId"":""false_5513991174080@c.us_3EB0D9D5E35230EBBAD5CD"",""timestamp"":1766260864}"
d72769cc-c8a5-4028-89e4-3d99df9e1fcc,2025-12-20T20:01:04.282Z,INFO,"IncomingMessage:"
3b3f579d-a1bc-4e75-b2d6-541ba61f58da,2025-12-20T20:01:04.285Z,INFO,"Checking signature in ack."
2cc59ad6-a55e-400c-8b2d-dc335a9a7f65,2025-12-20T20:01:04.286Z,INFO,"Verifying signature."
e5369984-1c8b-40a2-989a-6fe74c529ec6,2025-12-20T20:01:04.287Z,INFO,"Finished verifying"
d3b48f51-c123-4e85-8cfa-735b2be9cbf1,2025-12-20T20:05:36.611Z,INFO,"Message generated. Started calculating metadata."
926b676f-5597-4488-82c7-e5169dd4dd3a,2025-12-20T20:05:36.618Z,INFO,"Initiated hashing."
d826f27d-ebc2-452f-b1f6-28216c2301f8,2025-12-20T20:05:36.618Z,INFO,"Finished hashing."
5b6b5359-56ba-4dcc-b5fe-154c81f5c63b,2025-12-20T20:05:36.619Z,INFO,"Generating signature."
a4175cc0-ccd5-4d91-a6db-2080ea83ccf6,2025-12-20T20:05:36.620Z,INFO,"Signature converted to string."
e01b62dd-263d-4dd4-b9ce-30a0398669f8,2025-12-20T20:05:36.620Z,INFO,"Signature made."
7b5bc0de-4b22-4449-ba88-e7af7e547af5,2025-12-20T20:05:36.629Z,INFO,"Sending message:"
1d18aa9e-907b-4279-83d7-50907a794de4,2025-12-20T20:05:36.630Z,INFO,"teste2"
34919c86-d5db-42c5-87c9-dad16b6bc438,2025-12-20T20:05:36.768Z,INFO,"New message arrived: "
f2ba3045-ffe2-491a-9742-5198789afa4b,2025-12-20T20:05:36.768Z,INFO,"{""content"":""teste2"",""chatId"":""5513991174080@c.us"",""author"":""4915757901339@c.us"",""metadata"":{""kind"":""AUDITABLE"",""block"":{""hash"":""3889ef52d70c6438bf66866578afa1705d77d654809d8200f4ea0ea5f76a2d31"",""previousHash"":""7c8ef9c44e1317c7525b16360b4d2239a7e65ab375da135c07da7580df6bd06a"",""counter"":2,""commitedMessage"":""8324eda2049b286d1774cd7713fad14c3017a1c9306981bdd3b0095307e021bd""},""signature"":""TTgr2dEaWa9qcEbezUOuRs32wQ+kTklzEsLo6XtJD1/7ms5TjusnpP16c1nXg7ruFz1SbhMPzHNhNyPlv+3gEw==""},""messageId"":""true_5513991174080@c.us_3EB0D3FDE07EA02950EF92"",""timestamp"":1766261135}"
359c6377-ea0c-414b-9e64-e3b401aaef3c,2025-12-20T20:05:36.780Z,INFO,"IncomingMessage:"
d543b818-114b-4fb3-a563-80a7b1282dbf,2025-12-20T20:05:36.781Z,INFO,"{""content"":""teste2"",""chatId"":""5513991174080@c.us"",""author"":""4915757901339@c.us"",""metadata"":{""kind"":""AUDITABLE"",""block"":{""hash"":""3889ef52d70c6438bf66866578afa1705d77d654809d8200f4ea0ea5f76a2d31"",""previousHash"":""7c8ef9c44e1317c7525b16360b4d2239a7e65ab375da135c07da7580df6bd06a"",""counter"":2,""commitedMessage"":""8324eda2049b286d1774cd7713fad14c3017a1c9306981bdd3b0095307e021bd""},""signature"":""TTgr2dEaWa9qcEbezUOuRs32wQ+kTklzEsLo6XtJD1/7ms5TjusnpP16c1nXg7ruFz1SbhMPzHNhNyPlv+3gEw==""},""messageId"":""true_5513991174080@c.us_3EB0D3FDE07EA02950EF92"",""timestamp"":1766261135}"
c5f9b503-25d0-48d7-bfcc-c26447bbe6bf,2025-12-20T20:05:37.215Z,INFO,"Message sent."
b9088c43-8038-48f6-a830-570cbb152177,2025-12-20T20:05:37.216Z,INFO,"{""ack"":1,""from"":""4915757901339@c.us"",""id"":""true_5513991174080@c.us_3EB0D3FDE07EA02950EF92"",""sendMsgResult"":{""count"":null,""messageSendResult"":""OK"",""t"":1766261136},""to"":""5513991174080@c.us""}"
b8056459-66b2-4fe4-bf77-e3133b96da73,2025-12-20T20:05:38.151Z,INFO,"New message arrived: "
1f4a4792-0bc9-4d50-abbc-c789d67108c1,2025-12-20T20:05:38.152Z,INFO,"{""content"":""[Control Message]\nConfirmation ACK sent."",""chatId"":""5513991174080@c.us"",""author"":""5513991174080@c.us"",""metadata"":{""kind"":""ACK"",""block"":{""hash"":""3889ef52d70c6438bf66866578afa1705d77d654809d8200f4ea0ea5f76a2d31"",""previousHash"":""7c8ef9c44e1317c7525b16360b4d2239a7e65ab375da135c07da7580df6bd06a"",""counter"":2,""commitedMessage"":""8324eda2049b286d1774cd7713fad14c3017a1c9306981bdd3b0095307e021bd""},""signature"":""T/AXi1wsCp+JP94+pZOS4pyh280zTTn/gGMxlU0IElJw+PfuO2AFiZMZGP3eXwMVzliT6bZ8Q0KR/gDEvZ0kIg==""},""messageId"":""false_5513991174080@c.us_3EB08FAB28498F5DA430BD"",""timestamp"":1766261137}"
0176c108-f2fb-4d70-b654-662ed388e6d3,2025-12-20T20:05:38.214Z,INFO,"IncomingMessage:"
ca1d18e8-001e-4812-8d07-fca6603d7b7b,2025-12-20T20:05:38.214Z,INFO,"{""content"":""[Control Message]\nConfirmation ACK sent."",""chatId"":""5513991174080@c.us"",""author"":""5513991174080@c.us"",""metadata"":{""kind"":""ACK"",""block"":{""hash"":""3889ef52d70c6438bf66866578afa1705d77d654809d8200f4ea0ea5f76a2d31"",""previousHash"":""7c8ef9c44e1317c7525b16360b4d2239a7e65ab375da135c07da7580df6bd06a"",""counter"":2,""commitedMessage"":""8324eda2049b286d1774cd7713fad14c3017a1c9306981bdd3b0095307e021bd""},""signature"":""T/AXi1wsCp+JP94+pZOS4pyh280zTTn/gGMxlU0IElJw+PfuO2AFiZMZGP3eXwMVzliT6bZ8Q0KR/gDEvZ0kIg==""},""messageId"":""false_5513991174080@c.us_3EB08FAB28498F5DA430BD"",""timestamp"":1766261137}"
b6f5b4dd-6257-4d32-bcbe-3463ef7f4113,2025-12-20T20:05:38.216Z,INFO,"Checking signature in ack."
adf1d5df-fafa-4ffe-b301-88a99a9e3d74,2025-12-20T20:05:38.217Z,INFO,"Verifying signature."
62e6cdab-42da-4ab1-97bb-f62c3052e646,2025-12-20T20:05:38.218Z,INFO,"Finished verifying"
ee4bef75-c2bc-408d-9565-208d57fa76c9,2025-12-20T20:05:46.897Z,INFO,"Message generated. Started calculating metadata."
3c623513-a425-4219-b43d-897534f3fbb2,2025-12-20T20:05:46.911Z,INFO,"Initiated hashing."
0fc711c3-f6b6-4f17-aa7d-f090252b7121,2025-12-20T20:05:46.912Z,INFO,"Finished hashing."
365fd808-0ab3-4c6f-9412-b384d24223ef,2025-12-20T20:05:46.912Z,INFO,"Generating signature."
5e11f287-85d2-433f-9075-2a74aeea7a1a,2025-12-20T20:05:46.913Z,INFO,"Signature made."
f6ca9447-59a5-483e-a324-711819bea632,2025-12-20T20:05:46.914Z,INFO,"Signature converted to string."
9c182d14-71e2-48a6-b1f9-b857ababac2f,2025-12-20T20:05:46.921Z,INFO,"Sending message:"
47eebe48-3ca2-4340-b22c-02452775d69a,2025-12-20T20:05:46.922Z,INFO,"XM4W"
1961cdba-26c9-4f59-98b5-baab9d793858,2025-12-20T20:05:46.930Z,INFO,"{""content"":""XM4W"",""chatId"":""5513991174080@c.us"",""author"":""4915757901339@c.us"",""metadata"":{""kind"":""AUDITABLE"",""block"":{""hash"":""75f747b33657d6b146067274425fe98fbd889db26722e1925d632fae21eb27be"",""previousHash"":""3889ef52d70c6438bf66866578afa1705d77d654809d8200f4ea0ea5f76a2d31"",""counter"":3,""commitedMessage"":""3be4fd8f2c9aea3346f0e183fcb36114eca6e59be525511dedcaaaf050f385b5""},""signature"":""bsccdueR26x+RT95h7bCQPA+RYElHvZLFWk3M83ToTXJaN8PVvINNc6TLQr0wBJaZ2mI/JMbtmyGxASAn7C/IA==""},""messageId"":""true_5513991174080@c.us_3EB0D2CA1F8A912CE2F9F7"",""timestamp"":1766261145}"
d7a21756-e494-48dd-b8ab-838667accc70,2025-12-20T20:05:46.930Z,INFO,"New message arrived: "
60682f7a-9ed6-490d-b908-ff148901d39b,2025-12-20T20:05:46.946Z,INFO,"{""content"":""XM4W"",""chatId"":""5513991174080@c.us"",""author"":""4915757901339@c.us"",""metadata"":{""kind"":""AUDITABLE"",""block"":{""hash"":""75f747b33657d6b146067274425fe98fbd889db26722e1925d632fae21eb27be"",""previousHash"":""3889ef52d70c6438bf66866578afa1705d77d654809d8200f4ea0ea5f76a2d31"",""counter"":3,""commitedMessage"":""3be4fd8f2c9aea3346f0e183fcb36114eca6e59be525511dedcaaaf050f385b5""},""signature"":""bsccdueR26x+RT95h7bCQPA+RYElHvZLFWk3M83ToTXJaN8PVvINNc6TLQr0wBJaZ2mI/JMbtmyGxASAn7C/IA==""},""messageId"":""true_5513991174080@c.us_3EB0D2CA1F8A912CE2F9F7"",""timestamp"":1766261145}"
a34c5e1d-956c-4cd5-ba67-a1db63471012,2025-12-20T20:05:46.946Z,INFO,"IncomingMessage:"
5d9b67dd-ea1a-4506-a779-a78fa0e7cdc2,2025-12-20T20:05:47.172Z,INFO,"Message sent."
81cc0037-b314-4a42-ba50-34b3a6950017,2025-12-20T20:05:47.172Z,INFO,"{""ack"":1,""from"":""4915757901339@c.us"",""id"":""true_5513991174080@c.us_3EB0D2CA1F8A912CE2F9F7"",""sendMsgResult"":{""count"":null,""messageSendResult"":""OK"",""t"":1766261147},""to"":""5513991174080@c.us""}"
703ad65c-2d70-43a5-866e-d4e1694bba20,2025-12-20T20:05:47.840Z,INFO,"{""content"":""[Control Message]\nConfirmation ACK sent."",""chatId"":""5513991174080@c.us"",""author"":""5513991174080@c.us"",""metadata"":{""kind"":""ACK"",""block"":{""hash"":""75f747b33657d6b146067274425fe98fbd889db26722e1925d632fae21eb27be"",""previousHash"":""3889ef52d70c6438bf66866578afa1705d77d654809d8200f4ea0ea5f76a2d31"",""counter"":3,""commitedMessage"":""3be4fd8f2c9aea3346f0e183fcb36114eca6e59be525511dedcaaaf050f385b5""},""signature"":""Oi9IdT/ItWUUJ6sD/EwCXU1duoDbWYwapg3yQkwj4prMxhb7kQY+fX8TC4nCiztQ8f9J2+6vKqOp/U9Jna5KmA==""},""messageId"":""false_5513991174080@c.us_3EB0DF10C34915F219C494"",""timestamp"":1766261147}"
9542434c-23ac-4af4-9f8e-df2082207aea,2025-12-20T20:05:47.840Z,INFO,"New message arrived: "
67dd404b-b55e-4b29-a253-17f8f8aaabc4,2025-12-20T20:05:47.879Z,INFO,"IncomingMessage:"
fd4c2d4d-5c66-49fe-9006-bd4ebd1a4de8,2025-12-20T20:05:47.879Z,INFO,"{""content"":""[Control Message]\nConfirmation ACK sent."",""chatId"":""5513991174080@c.us"",""author"":""5513991174080@c.us"",""metadata"":{""kind"":""ACK"",""block"":{""hash"":""75f747b33657d6b146067274425fe98fbd889db26722e1925d632fae21eb27be"",""previousHash"":""3889ef52d70c6438bf66866578afa1705d77d654809d8200f4ea0ea5f76a2d31"",""counter"":3,""commitedMessage"":""3be4fd8f2c9aea3346f0e183fcb36114eca6e59be525511dedcaaaf050f385b5""},""signature"":""Oi9IdT/ItWUUJ6sD/EwCXU1duoDbWYwapg3yQkwj4prMxhb7kQY+fX8TC4nCiztQ8f9J2+6vKqOp/U9Jna5KmA==""},""messageId"":""false_5513991174080@c.us_3EB0DF10C34915F219C494"",""timestamp"":1766261147}"
2317f3d8-52fe-4d28-9f0b-0c1e47892f0b,2025-12-20T20:05:47.881Z,INFO,"Verifying signature."
978b7ee5-5450-44e7-b892-2da50b0f32f5,2025-12-20T20:05:47.881Z,INFO,"Checking signature in ack."
59538f3b-b43a-448a-96b4-4e69715347ab,2025-12-20T20:05:47.882Z,INFO,"Finished verifying"
054a7acd-3457-4581-bc4d-37f89b8648cc,2025-12-20T20:05:56.900Z,INFO,"Message generated. Started calculating metadata."
86e300ab-dce7-4e19-8fdb-1270a9c57385,2025-12-20T20:05:56.907Z,INFO,"Initiated hashing."
96c0c689-4e92-48c6-b553-2d4756e7f797,2025-12-20T20:05:56.908Z,INFO,"Finished hashing."
0fe0ccc3-d766-4df1-8c59-bbaa36006510,2025-12-20T20:05:56.909Z,INFO,"Generating signature."
07ea2b4b-073b-4419-a350-ae0dd91ede13,2025-12-20T20:05:56.910Z,INFO,"Signature made."
94d76f84-99de-463a-bc58-b26f3218dc5c,2025-12-20T20:05:56.911Z,INFO,"Signature converted to string."
e85ba517-43dd-40d2-bc7e-5b2e7cd1f58b,2025-12-20T20:05:56.918Z,INFO,"Sending message:"
35a10407-62c0-4808-af8c-ecdfd795f598,2025-12-20T20:05:56.919Z,INFO,"wIMu"
2b0588c7-d363-4b42-92e3-021665a5fa0d,2025-12-20T20:05:56.970Z,INFO,"New message arrived: "
1a19a5cb-1933-4c42-b597-c1f16b071496,2025-12-20T20:05:56.971Z,INFO,"{""content"":""wIMu"",""chatId"":""5513991174080@c.us"",""author"":""4915757901339@c.us"",""metadata"":{""kind"":""AUDITABLE"",""block"":{""hash"":""bbafba7c1bacbeb15085b206ef23ac7c0d72dfaa54eafdf7cb6aa7dbd8e1c341"",""previousHash"":""75f747b33657d6b146067274425fe98fbd889db26722e1925d632fae21eb27be"",""counter"":4,""commitedMessage"":""74f0873492066aff8b08bcd270f4483a685ff1789821abe574d21e9e979c5d87""},""signature"":""cRg2XgpuuLZjbnJwWhvFZADzYg2lMg4XD+DqsNijSGB/HbL7I1C6yrRjLoilcwo/YWcKY1yhslCFOLlJKRzlaA==""},""messageId"":""true_5513991174080@c.us_3EB0FFDE1C7231BAD5CF9B"",""timestamp"":1766261155}"
f9244ad8-b863-44cd-aadf-47cadb3bbb69,2025-12-20T20:05:56.989Z,INFO,"IncomingMessage:"
65332713-b8f4-4445-940f-fe5882a9f993,2025-12-20T20:05:56.990Z,INFO,"{""content"":""wIMu"",""chatId"":""5513991174080@c.us"",""author"":""4915757901339@c.us"",""metadata"":{""kind"":""AUDITABLE"",""block"":{""hash"":""bbafba7c1bacbeb15085b206ef23ac7c0d72dfaa54eafdf7cb6aa7dbd8e1c341"",""previousHash"":""75f747b33657d6b146067274425fe98fbd889db26722e1925d632fae21eb27be"",""counter"":4,""commitedMessage"":""74f0873492066aff8b08bcd270f4483a685ff1789821abe574d21e9e979c5d87""},""signature"":""cRg2XgpuuLZjbnJwWhvFZADzYg2lMg4XD+DqsNijSGB/HbL7I1C6yrRjLoilcwo/YWcKY1yhslCFOLlJKRzlaA==""},""messageId"":""true_5513991174080@c.us_3EB0FFDE1C7231BAD5CF9B"",""timestamp"":1766261155}"
4b927a18-fc2a-4fda-98f5-b82727ef4d86,2025-12-20T20:05:57.589Z,INFO,"Message sent."
86768655-01c4-4b7f-8a76-2a925807dbce,2025-12-20T20:05:57.589Z,INFO,"{""ack"":1,""from"":""4915757901339@c.us"",""id"":""true_5513991174080@c.us_3EB0FFDE1C7231BAD5CF9B"",""sendMsgResult"":{""count"":null,""messageSendResult"":""OK"",""t"":1766261157},""to"":""5513991174080@c.us""}"
ca80aa7a-5f49-4f9d-b73d-0ce65692f078,2025-12-20T20:05:58.381Z,INFO,"New message arrived: "
9c79cd44-6671-4796-85f2-182c23c9a7b9,2025-12-20T20:05:58.382Z,INFO,"{""content"":""[Control Message]\nConfirmation ACK sent."",""chatId"":""5513991174080@c.us"",""author"":""5513991174080@c.us"",""metadata"":{""kind"":""ACK"",""block"":{""hash"":""bbafba7c1bacbeb15085b206ef23ac7c0d72dfaa54eafdf7cb6aa7dbd8e1c341"",""previousHash"":""75f747b33657d6b146067274425fe98fbd889db26722e1925d632fae21eb27be"",""counter"":4,""commitedMessage"":""74f0873492066aff8b08bcd270f4483a685ff1789821abe574d21e9e979c5d87""},""signature"":""1s3vwbEvXIdYpXn9OyobvlOnLe9u4FxAX+N3MWZ2oY2vWXhZ9kkr+sSKs/4qn3qV30Tjbq7ntYuJYaSvdyTM/A==""},""messageId"":""false_5513991174080@c.us_3EB0CA425AB046B1372E5C"",""timestamp"":1766261158}"
133e6301-aedf-42ad-8260-be6a0a39f178,2025-12-20T20:05:58.459Z,INFO,"IncomingMessage:"
1bb5ff3f-ccd9-48ae-9310-075ff3498a6b,2025-12-20T20:05:58.460Z,INFO,"{""content"":""[Control Message]\nConfirmation ACK sent."",""chatId"":""5513991174080@c.us"",""author"":""5513991174080@c.us"",""metadata"":{""kind"":""ACK"",""block"":{""hash"":""bbafba7c1bacbeb15085b206ef23ac7c0d72dfaa54eafdf7cb6aa7dbd8e1c341"",""previousHash"":""75f747b33657d6b146067274425fe98fbd889db26722e1925d632fae21eb27be"",""counter"":4,""commitedMessage"":""74f0873492066aff8b08bcd270f4483a685ff1789821abe574d21e9e979c5d87""},""signature"":""1s3vwbEvXIdYpXn9OyobvlOnLe9u4FxAX+N3MWZ2oY2vWXhZ9kkr+sSKs/4qn3qV30Tjbq7ntYuJYaSvdyTM/A==""},""messageId"":""false_5513991174080@c.us_3EB0CA425AB046B1372E5C"",""timestamp"":1766261158}"
8183ca0a-f1ea-43f9-901a-3bbff86fd42a,2025-12-20T20:05:58.461Z,INFO,"Checking signature in ack."
33b34d03-3624-4760-96ef-625541d9d63c,2025-12-20T20:05:58.462Z,INFO,"Verifying signature."
26f3b981-a9d7-4cb7-934c-84bfc5bf69f5,2025-12-20T20:05:58.463Z,INFO,"Finished verifying"
aad53492-2674-47b5-b49c-ef37b1b853fa,2025-12-20T20:06:06.897Z,INFO,"Message generated. Started calculating metadata."
49334e34-b7c5-4e7e-8188-dc1ee2c03dbc,2025-12-20T20:06:06.906Z,INFO,"Initiated hashing."
ca2dca96-cf43-43b1-85ea-ae7d77861c07,2025-12-20T20:06:06.906Z,INFO,"Finished hashing."
23bdd6ee-9f4f-4ac3-83b6-c05d0445a0fe,2025-12-20T20:06:06.907Z,INFO,"Signature made."
7a164c2d-ca2e-499c-ab50-73bb095b0d75,2025-12-20T20:06:06.907Z,INFO,"Generating signature."
d49bfc41-1b4c-4ec4-b141-a5080611550c,2025-12-20T20:06:06.908Z,INFO,"Signature converted to string."
392fec66-1fa1-4350-9070-8c690dffabd1,2025-12-20T20:06:06.914Z,INFO,"Sending message:"
ef24c905-4d20-4b5a-9fa6-0ee0b3e1e1c7,2025-12-20T20:06:06.915Z,INFO,"FzmM"
16dadd98-dcf0-43f8-aa9d-f7e5f5a25bda,2025-12-20T20:06:06.948Z,INFO,"{""content"":""FzmM"",""chatId"":""5513991174080@c.us"",""author"":""4915757901339@c.us"",""metadata"":{""kind"":""AUDITABLE"",""block"":{""hash"":""81e9d71230b0175f36b2f0b1f20dd68a61da6c13584da98502c45b4e92ced530"",""previousHash"":""bbafba7c1bacbeb15085b206ef23ac7c0d72dfaa54eafdf7cb6aa7dbd8e1c341"",""counter"":5,""commitedMessage"":""a62a99e5b5a9b94acac880a6b963d514c322ec9d275abd0b0618e1e3be10f759""},""signature"":""Y+0YFzXCxd7G9p6S2hSqRZvqX+HDyKe25OrdPDAgxroO/6yqc+h78rYaKHZ+skjuAzZbvErMlPZDnjWgxRW2Ag==""},""messageId"":""true_5513991174080@c.us_3EB0F0B4D647E5B573F742"",""timestamp"":1766261165}"
f17b2c70-0b47-406b-ba6a-ed48dbdc1a79,2025-12-20T20:06:06.948Z,INFO,"New message arrived: "
104f176e-8ac2-483c-bafc-d9b66aedc479,2025-12-20T20:06:06.965Z,INFO,"IncomingMessage:"
f58cc740-cd2a-48b3-9e5a-a5592b4839a0,2025-12-20T20:06:06.966Z,INFO,"{""content"":""FzmM"",""chatId"":""5513991174080@c.us"",""author"":""4915757901339@c.us"",""metadata"":{""kind"":""AUDITABLE"",""block"":{""hash"":""81e9d71230b0175f36b2f0b1f20dd68a61da6c13584da98502c45b4e92ced530"",""previousHash"":""bbafba7c1bacbeb15085b206ef23ac7c0d72dfaa54eafdf7cb6aa7dbd8e1c341"",""counter"":5,""commitedMessage"":""a62a99e5b5a9b94acac880a6b963d514c322ec9d275abd0b0618e1e3be10f759""},""signature"":""Y+0YFzXCxd7G9p6S2hSqRZvqX+HDyKe25OrdPDAgxroO/6yqc+h78rYaKHZ+skjuAzZbvErMlPZDnjWgxRW2Ag==""},""messageId"":""true_5513991174080@c.us_3EB0F0B4D647E5B573F742"",""timestamp"":1766261165}"
0458aab2-0cb8-45b4-bcea-89c2a6ef8c6c,2025-12-20T20:06:07.507Z,INFO,"Message sent."
5c0928cc-dc8e-4ae9-aa85-6892b9269c50,2025-12-20T20:06:07.507Z,INFO,"{""ack"":1,""from"":""4915757901339@c.us"",""id"":""true_5513991174080@c.us_3EB0F0B4D647E5B573F742"",""sendMsgResult"":{""count"":null,""messageSendResult"":""OK"",""t"":1766261167},""to"":""5513991174080@c.us""}"
564010ac-580b-4015-9b03-fc924f06dda2,2025-12-20T20:06:08.401Z,INFO,"New message arrived: "
61e99302-d7b6-4332-8724-d0f86656ca5d,2025-12-20T20:06:08.402Z,INFO,"{""content"":""[Control Message]\nConfirmation ACK sent."",""chatId"":""5513991174080@c.us"",""author"":""5513991174080@c.us"",""metadata"":{""kind"":""ACK"",""block"":{""hash"":""81e9d71230b0175f36b2f0b1f20dd68a61da6c13584da98502c45b4e92ced530"",""previousHash"":""bbafba7c1bacbeb15085b206ef23ac7c0d72dfaa54eafdf7cb6aa7dbd8e1c341"",""counter"":5,""commitedMessage"":""a62a99e5b5a9b94acac880a6b963d514c322ec9d275abd0b0618e1e3be10f759""},""signature"":""GwWeZDZ2iOBOjpWf6S6RSe1eJ++Q3t5+ChPSdEtYXW5MZyvs4Zn4op0hThc9iaPgw9p5ZfwtUurDW+BfyS0XXA==""},""messageId"":""false_5513991174080@c.us_3EB021710EAA4E2910AA2C"",""timestamp"":1766261168}"
a7ab419d-1f7b-45a8-8c4f-9d6414fea9f3,2025-12-20T20:06:08.465Z,INFO,"IncomingMessage:"
bd06a563-50c3-4fd4-8594-e871ad304d07,2025-12-20T20:06:08.465Z,INFO,"{""content"":""[Control Message]\nConfirmation ACK sent."",""chatId"":""5513991174080@c.us"",""author"":""5513991174080@c.us"",""metadata"":{""kind"":""ACK"",""block"":{""hash"":""81e9d71230b0175f36b2f0b1f20dd68a61da6c13584da98502c45b4e92ced530"",""previousHash"":""bbafba7c1bacbeb15085b206ef23ac7c0d72dfaa54eafdf7cb6aa7dbd8e1c341"",""counter"":5,""commitedMessage"":""a62a99e5b5a9b94acac880a6b963d514c322ec9d275abd0b0618e1e3be10f759""},""signature"":""GwWeZDZ2iOBOjpWf6S6RSe1eJ++Q3t5+ChPSdEtYXW5MZyvs4Zn4op0hThc9iaPgw9p5ZfwtUurDW+BfyS0XXA==""},""messageId"":""false_5513991174080@c.us_3EB021710EAA4E2910AA2C"",""timestamp"":1766261168}"
4908dad7-ec62-4e1e-9c1b-6fb23257895f,2025-12-20T20:06:08.471Z,INFO,"Checking signature in ack."
10449a98-e08f-4d91-8124-5459c487a5e3,2025-12-20T20:06:08.472Z,INFO,"Verifying signature."
91806d4c-d0fb-429b-b5d1-eb09f8b5ca29,2025-12-20T20:06:08.474Z,INFO,"Finished verifying"
cf1fd7bf-8c55-49cf-8bd1-b6d27e5a2af2,2025-12-20T20:06:16.899Z,INFO,"Message generated. Started calculating metadata."
1450f087-d3ff-4549-9d43-1fe1db4ee0ed,2025-12-20T20:06:16.909Z,INFO,"Initiated hashing."
597f4e3e-056c-4fbe-9acb-3641bbc24b4d,2025-12-20T20:06:16.910Z,INFO,"Finished hashing."
f328321e-f7d6-48d9-b92a-f0c16f1ce566,2025-12-20T20:06:16.911Z,INFO,"Generating signature."
4eab7ac6-829a-44ae-bf61-6cf4a73e0318,2025-12-20T20:06:16.912Z,INFO,"Signature made."
e1e3f248-4a12-4f7e-96e1-e5714691b4d2,2025-12-20T20:06:16.912Z,INFO,"Signature converted to string."
a0274cea-97ae-4bae-953d-0d2d6f70a6b9,2025-12-20T20:06:16.919Z,INFO,"CbPT"
cb93c6e4-47f5-4da2-b292-b0ecdabc5fbf,2025-12-20T20:06:16.919Z,INFO,"Sending message:"
f9e5d2e2-f4b1-4487-a452-61088ab88ec7,2025-12-20T20:06:16.957Z,INFO,"New message arrived: "
9c90ddc3-9728-4182-a105-ddd04a30a06d,2025-12-20T20:06:16.961Z,INFO,"{""content"":""CbPT"",""chatId"":""5513991174080@c.us"",""author"":""4915757901339@c.us"",""metadata"":{""kind"":""AUDITABLE"",""block"":{""hash"":""a9a3ffa2ec719865847d78d87d608e515a606614c785e492d888c816dc69d5bb"",""previousHash"":""81e9d71230b0175f36b2f0b1f20dd68a61da6c13584da98502c45b4e92ced530"",""counter"":6,""commitedMessage"":""68cbee8ee39951d254d3e35903a0f483e1c9a8dfc69d2ddad20809f343c94bca""},""signature"":""+d+42+IeVMrJ6y1zOwDb02heeUzNQx1BHd+9wKChgoFBu39Kd7VkU+iVLqapVE0JoCgTMARUR+xDff861at37A==""},""messageId"":""true_5513991174080@c.us_3EB0D9BBBEFB7DCCF9CCE8"",""timestamp"":1766261175}"
4b482ec8-7f29-4cbc-a982-8a45a09ae749,2025-12-20T20:06:17.009Z,INFO,"{""content"":""CbPT"",""chatId"":""5513991174080@c.us"",""author"":""4915757901339@c.us"",""metadata"":{""kind"":""AUDITABLE"",""block"":{""hash"":""a9a3ffa2ec719865847d78d87d608e515a606614c785e492d888c816dc69d5bb"",""previousHash"":""81e9d71230b0175f36b2f0b1f20dd68a61da6c13584da98502c45b4e92ced530"",""counter"":6,""commitedMessage"":""68cbee8ee39951d254d3e35903a0f483e1c9a8dfc69d2ddad20809f343c94bca""},""signature"":""+d+42+IeVMrJ6y1zOwDb02heeUzNQx1BHd+9wKChgoFBu39Kd7VkU+iVLqapVE0JoCgTMARUR+xDff861at37A==""},""messageId"":""true_5513991174080@c.us_3EB0D9BBBEFB7DCCF9CCE8"",""timestamp"":1766261175}"
51f06c2c-03eb-475e-af6e-96c0bad65301,2025-12-20T20:06:17.009Z,INFO,"IncomingMessage:"
2dc9adae-5de4-486a-97f7-a67de7515a0b,2025-12-20T20:06:17.569Z,INFO,"Message sent."
6cad25fc-37c5-4dbb-be5b-57991b45577d,2025-12-20T20:06:17.569Z,INFO,"{""ack"":1,""from"":""4915757901339@c.us"",""id"":""true_5513991174080@c.us_3EB0D9BBBEFB7DCCF9CCE8"",""sendMsgResult"":{""count"":null,""messageSendResult"":""OK"",""t"":1766261177},""to"":""5513991174080@c.us""}"
ab5e68c3-26ec-47e5-9330-dcb7dc73edd3,2025-12-20T20:06:18.216Z,INFO,"New message arrived: "
b083a3f9-ea12-444b-b23f-346fe7654bd0,2025-12-20T20:06:18.216Z,INFO,"{""content"":""[Control Message]\nConfirmation ACK sent."",""chatId"":""5513991174080@c.us"",""author"":""5513991174080@c.us"",""metadata"":{""kind"":""ACK"",""block"":{""hash"":""a9a3ffa2ec719865847d78d87d608e515a606614c785e492d888c816dc69d5bb"",""previousHash"":""81e9d71230b0175f36b2f0b1f20dd68a61da6c13584da98502c45b4e92ced530"",""counter"":6,""commitedMessage"":""68cbee8ee39951d254d3e35903a0f483e1c9a8dfc69d2ddad20809f343c94bca""},""signature"":""ydAtx+5WOkn2rQIKyszaFM4LxJv00E2hzGHf7rLDaoLeOUQTIO5e0eZTiTEPg805rdjR6l0mThJ0AsMTkLA9cg==""},""messageId"":""false_5513991174080@c.us_3EB05D12889C4C080F6CE3"",""timestamp"":1766261178}"
98680fab-4d31-40f5-a729-bc722eeb3d9c,2025-12-20T20:06:18.323Z,INFO,"IncomingMessage:"
528a27b7-a72c-4a73-956d-536b35272183,2025-12-20T20:06:18.324Z,INFO,"{""content"":""[Control Message]\nConfirmation ACK sent."",""chatId"":""5513991174080@c.us"",""author"":""5513991174080@c.us"",""metadata"":{""kind"":""ACK"",""block"":{""hash"":""a9a3ffa2ec719865847d78d87d608e515a606614c785e492d888c816dc69d5bb"",""previousHash"":""81e9d71230b0175f36b2f0b1f20dd68a61da6c13584da98502c45b4e92ced530"",""counter"":6,""commitedMessage"":""68cbee8ee39951d254d3e35903a0f483e1c9a8dfc69d2ddad20809f343c94bca""},""signature"":""ydAtx+5WOkn2rQIKyszaFM4LxJv00E2hzGHf7rLDaoLeOUQTIO5e0eZTiTEPg805rdjR6l0mThJ0AsMTkLA9cg==""},""messageId"":""false_5513991174080@c.us_3EB05D12889C4C080F6CE3"",""timestamp"":1766261178}"
d758445b-9d04-4f08-a971-9cd9eef3741c,2025-12-20T20:06:18.328Z,INFO,"Checking signature in ack."
ad59d952-3fff-465a-84d5-a04c84ac18ed,2025-12-20T20:06:18.329Z,INFO,"Verifying signature."
ae44e1fc-8258-442a-8039-b8b1e95cd0f8,2025-12-20T20:06:18.330Z,INFO,"Finished verifying"
eb5de6a0-1a60-439b-ada6-34a26cc33221,2025-12-20T20:06:26.900Z,INFO,"Message generated. Started calculating metadata."
7be8c6af-bc13-439a-a074-2c7b12423800,2025-12-20T20:06:26.911Z,INFO,"Initiated hashing."
beda29b2-8a10-4f34-8b29-bd54bf81c76a,2025-12-20T20:06:26.912Z,INFO,"Finished hashing."
29b7231e-1f99-4591-86b8-90084d1aeba7,2025-12-20T20:06:26.913Z,INFO,"Generating signature."
23df30d4-d616-4eea-ace3-8ffbbb41d9ef,2025-12-20T20:06:26.914Z,INFO,"Signature made."
67c4a85f-79b9-460e-9348-972b01776880,2025-12-20T20:06:26.915Z,INFO,"Signature converted to string."
b2de5958-26f8-4c08-9fa2-1a33e011ff27,2025-12-20T20:06:26.924Z,INFO,"mvhq"
c6972ee9-30c7-4e99-8606-486529927cac,2025-12-20T20:06:26.924Z,INFO,"Sending message:"
4f5aa015-2cc0-4bd8-bda1-cb348b2db1d7,2025-12-20T20:06:26.959Z,INFO,"New message arrived: "
99d8236c-3e04-4d2c-af07-f69c29b72846,2025-12-20T20:06:26.960Z,INFO,"{""content"":""mvhq"",""chatId"":""5513991174080@c.us"",""author"":""4915757901339@c.us"",""metadata"":{""kind"":""AUDITABLE"",""block"":{""hash"":""3ffb02bcdb85e1c227a236892a07e0a34fbd23d97b961f3d62a63833d30c3d5e"",""previousHash"":""a9a3ffa2ec719865847d78d87d608e515a606614c785e492d888c816dc69d5bb"",""counter"":7,""commitedMessage"":""34bbd6fd6917f7bd4c7376fbf35b31d0be61b632e2bcdd38f3a870f5ea5564ad""},""signature"":""sGWqNmRMsql3yPBze5odCyGK4gZo2tEEUZozkQjIYBO0P+8R3f3bEQQ1L3YqwqAfJaRVfIh/Px8b2eyKmq1kdQ==""},""messageId"":""true_5513991174080@c.us_3EB08500F2B8AA478E9975"",""timestamp"":1766261185}"
75fc3b1b-9114-425b-a534-cc0d37d2ce15,2025-12-20T20:06:26.974Z,INFO,"IncomingMessage:"
dbc25d4f-9fa3-4ef0-90dd-858f1aa10c8f,2025-12-20T20:06:26.975Z,INFO,"{""content"":""mvhq"",""chatId"":""5513991174080@c.us"",""author"":""4915757901339@c.us"",""metadata"":{""kind"":""AUDITABLE"",""block"":{""hash"":""3ffb02bcdb85e1c227a236892a07e0a34fbd23d97b961f3d62a63833d30c3d5e"",""previousHash"":""a9a3ffa2ec719865847d78d87d608e515a606614c785e492d888c816dc69d5bb"",""counter"":7,""commitedMessage"":""34bbd6fd6917f7bd4c7376fbf35b31d0be61b632e2bcdd38f3a870f5ea5564ad""},""signature"":""sGWqNmRMsql3yPBze5odCyGK4gZo2tEEUZozkQjIYBO0P+8R3f3bEQQ1L3YqwqAfJaRVfIh/Px8b2eyKmq1kdQ==""},""messageId"":""true_5513991174080@c.us_3EB08500F2B8AA478E9975"",""timestamp"":1766261185}"
3e1cc842-a4c3-48b9-9590-3717869144ec,2025-12-20T20:06:27.444Z,INFO,"Message sent."
582de28a-876d-4309-8407-d256f7eb543d,2025-12-20T20:06:27.445Z,INFO,"{""ack"":1,""from"":""4915757901339@c.us"",""id"":""true_5513991174080@c.us_3EB08500F2B8AA478E9975"",""sendMsgResult"":{""count"":null,""messageSendResult"":""OK"",""t"":1766261187},""to"":""5513991174080@c.us""}"
1dc932be-141e-4fae-885f-f11f7646a536,2025-12-20T20:06:28.035Z,INFO,"New message arrived: "
6e1cc5f3-537b-43f9-b121-6409908990da,2025-12-20T20:06:28.036Z,INFO,"{""content"":""[Control Message]\nConfirmation ACK sent."",""chatId"":""5513991174080@c.us"",""author"":""5513991174080@c.us"",""metadata"":{""kind"":""ACK"",""block"":{""hash"":""3ffb02bcdb85e1c227a236892a07e0a34fbd23d97b961f3d62a63833d30c3d5e"",""previousHash"":""a9a3ffa2ec719865847d78d87d608e515a606614c785e492d888c816dc69d5bb"",""counter"":7,""commitedMessage"":""34bbd6fd6917f7bd4c7376fbf35b31d0be61b632e2bcdd38f3a870f5ea5564ad""},""signature"":""HwndFEDe2FzD9RgB9tDaRn4Y88IOpvLkMDR+rrETlctMoCYBdhUZKkZ0Vv3QlCiD44y9yhxb058gBO6B6495CA==""},""messageId"":""false_5513991174080@c.us_3EB09759BC3AA780E3E13D"",""timestamp"":1766261187}"
e15e89f1-3fca-473b-afc0-cfb77322ec8f,2025-12-20T20:06:28.132Z,INFO,"IncomingMessage:"
34ccbdff-1653-4a4a-8ee8-356988464fff,2025-12-20T20:06:28.133Z,INFO,"{""content"":""[Control Message]\nConfirmation ACK sent."",""chatId"":""5513991174080@c.us"",""author"":""5513991174080@c.us"",""metadata"":{""kind"":""ACK"",""block"":{""hash"":""3ffb02bcdb85e1c227a236892a07e0a34fbd23d97b961f3d62a63833d30c3d5e"",""previousHash"":""a9a3ffa2ec719865847d78d87d608e515a606614c785e492d888c816dc69d5bb"",""counter"":7,""commitedMessage"":""34bbd6fd6917f7bd4c7376fbf35b31d0be61b632e2bcdd38f3a870f5ea5564ad""},""signature"":""HwndFEDe2FzD9RgB9tDaRn4Y88IOpvLkMDR+rrETlctMoCYBdhUZKkZ0Vv3QlCiD44y9yhxb058gBO6B6495CA==""},""messageId"":""false_5513991174080@c.us_3EB09759BC3AA780E3E13D"",""timestamp"":1766261187}"
aa9eff52-c504-4744-a098-a87c9e52132f,2025-12-20T20:06:28.135Z,INFO,"Checking signature in ack."
6a643299-783c-4414-b862-800fd3042a14,2025-12-20T20:06:28.136Z,INFO,"Verifying signature."
cc8f4703-1c17-4fc0-8727-9fece155ccad,2025-12-20T20:06:28.137Z,INFO,"Finished verifying"
89c5446e-da24-45e8-829b-142e211e9cd5,2025-12-20T20:36:02.164Z,INFO,"Message generated. Started calculating metadata."
b6f402c9-ff65-4cba-92f0-9704cd36186b,2025-12-20T20:36:02.191Z,INFO,"Initiated hashing."
4f56d54f-8bda-46b6-a538-0280d15109ea,2025-12-20T20:36:02.192Z,INFO,"Finished hashing."
83272058-4a14-4bfe-af26-f1303c3a8afc,2025-12-20T20:36:02.192Z,INFO,"Generating signature."
b328abc9-f1c5-4488-b30b-6d0eb42ffaba,2025-12-20T20:36:02.193Z,INFO,"Signature made."
f18c6a25-dd99-46da-b013-d3f414f494cc,2025-12-20T20:36:02.193Z,INFO,"Signature converted to string."
8cc39985-2849-4ccc-a186-ffbb1e123633,2025-12-20T20:36:02.202Z,INFO,"k56D"
97898f29-962e-41af-ad57-7e1a4bea3ff7,2025-12-20T20:36:02.202Z,INFO,"Sending message:"
146d6aa8-d6a3-4892-b2d0-629a91e86037,2025-12-20T20:36:02.315Z,INFO,"New message arrived: "
6b0c014c-295e-4b5b-97da-80f581960abd,2025-12-20T20:36:02.315Z,INFO,"{""content"":""k56D"",""chatId"":""5513991174080@c.us"",""author"":""4915757901339@c.us"",""metadata"":{""kind"":""AUDITABLE"",""block"":{""hash"":""c63fb9a2f3cbe7821724228f72df5381a16b5e42e9d3c6b72e826334a0fb44f6"",""previousHash"":""3ffb02bcdb85e1c227a236892a07e0a34fbd23d97b961f3d62a63833d30c3d5e"",""counter"":8,""commitedMessage"":""1286d7947e96c31a1c89889d5cb7773c07eb01a8075f03eb10c6cc92927e6cd3""},""signature"":""jA9eIGUqK/FcFoSQJlnB7gYk1mrhrqZwAWzW8NUuCiAzS/nyl+zVhRGaz/rGvvXkyhuGo9KeLZ0Y+UrTSoR3Sg==""},""messageId"":""true_5513991174080@c.us_3EB0B3DB97C59A7561467A"",""timestamp"":1766262961}"
8ab80299-164d-4f3d-beea-cffdcb0cd0da,2025-12-20T20:36:02.329Z,INFO,"IncomingMessage:"
8e32a038-cf1e-43e3-8a11-623104dc7a41,2025-12-20T20:36:02.329Z,INFO,"{""content"":""k56D"",""chatId"":""5513991174080@c.us"",""author"":""4915757901339@c.us"",""metadata"":{""kind"":""AUDITABLE"",""block"":{""hash"":""c63fb9a2f3cbe7821724228f72df5381a16b5e42e9d3c6b72e826334a0fb44f6"",""previousHash"":""3ffb02bcdb85e1c227a236892a07e0a34fbd23d97b961f3d62a63833d30c3d5e"",""counter"":8,""commitedMessage"":""1286d7947e96c31a1c89889d5cb7773c07eb01a8075f03eb10c6cc92927e6cd3""},""signature"":""jA9eIGUqK/FcFoSQJlnB7gYk1mrhrqZwAWzW8NUuCiAzS/nyl+zVhRGaz/rGvvXkyhuGo9KeLZ0Y+UrTSoR3Sg==""},""messageId"":""true_5513991174080@c.us_3EB0B3DB97C59A7561467A"",""timestamp"":1766262961}"
4ab76951-74eb-40a1-b206-be0a4ebf9306,2025-12-20T20:36:03.321Z,INFO,"{""ack"":1,""from"":""4915757901339@c.us"",""id"":""true_5513991174080@c.us_3EB0B3DB97C59A7561467A"",""sendMsgResult"":{""count"":null,""messageSendResult"":""OK"",""t"":1766262962},""to"":""5513991174080@c.us""}"
70dd9935-ac99-4b1a-86e6-a16cf129c38f,2025-12-20T20:36:03.321Z,INFO,"Message sent."
b14807d1-f43d-451e-969a-0c87f3d4bcfd,2025-12-20T20:36:05.552Z,INFO,"{""content"":""[Control Message]\nConfirmation ACK sent."",""chatId"":""5513991174080@c.us"",""author"":""5513991174080@c.us"",""metadata"":{""kind"":""ACK"",""block"":{""hash"":""c63fb9a2f3cbe7821724228f72df5381a16b5e42e9d3c6b72e826334a0fb44f6"",""previousHash"":""3ffb02bcdb85e1c227a236892a07e0a34fbd23d97b961f3d62a63833d30c3d5e"",""counter"":8,""commitedMessage"":""1286d7947e96c31a1c89889d5cb7773c07eb01a8075f03eb10c6cc92927e6cd3""},""signature"":""9dZXevlhU9cmt7lmwd/i7PmNZ7w8bcQ48rc0GyD463YCDkatdLgWCkgpZRRsaj3ELYLEyJgO2zsNbyyUB0lD7Q==""},""messageId"":""false_5513991174080@c.us_3EB01282D9695B990B26C3"",""timestamp"":1766262965}"
c6a677d0-cb88-4f59-8c06-45f9eeb1f41a,2025-12-20T20:36:05.552Z,INFO,"New message arrived: "
d71c2c95-2da7-4f0e-a73d-6f15f2686a37,2025-12-20T20:36:05.651Z,INFO,"IncomingMessage:"
ee58f9bf-f920-4ac2-bfe9-ecc8d70f819d,2025-12-20T20:36:05.651Z,INFO,"{""content"":""[Control Message]\nConfirmation ACK sent."",""chatId"":""5513991174080@c.us"",""author"":""5513991174080@c.us"",""metadata"":{""kind"":""ACK"",""block"":{""hash"":""c63fb9a2f3cbe7821724228f72df5381a16b5e42e9d3c6b72e826334a0fb44f6"",""previousHash"":""3ffb02bcdb85e1c227a236892a07e0a34fbd23d97b961f3d62a63833d30c3d5e"",""counter"":8,""commitedMessage"":""1286d7947e96c31a1c89889d5cb7773c07eb01a8075f03eb10c6cc92927e6cd3""},""signature"":""9dZXevlhU9cmt7lmwd/i7PmNZ7w8bcQ48rc0GyD463YCDkatdLgWCkgpZRRsaj3ELYLEyJgO2zsNbyyUB0lD7Q==""},""messageId"":""false_5513991174080@c.us_3EB01282D9695B990B26C3"",""timestamp"":1766262965}"
b8e7ff33-75fa-4e28-921a-85af12efdbe3,2025-12-20T20:36:05.653Z,INFO,"Checking signature in ack."
11deb674-7d46-4331-900c-d5c980b5f9cc,2025-12-20T20:36:05.655Z,INFO,"Verifying signature."
acf695ed-4cf0-4852-a402-a78c794c7c3c,2025-12-20T20:36:05.656Z,INFO,"Finished verifying"
9b381ca0-7a51-4c2a-b638-92acae210d65,2025-12-20T20:36:12.161Z,INFO,"Message generated. Started calculating metadata."
f925721e-ded9-4b6e-b61b-62d1117ca288,2025-12-20T20:36:12.186Z,INFO,"Initiated hashing."
18ae4866-f5f6-4b34-aeaa-93048c2dd1b7,2025-12-20T20:36:12.188Z,INFO,"Generating signature."
93d46bd7-8246-4f1e-8b8e-6683b7480d5f,2025-12-20T20:36:12.188Z,INFO,"Finished hashing."
a6a9a314-cc1f-48e2-8899-3ccd340731c6,2025-12-20T20:36:12.189Z,INFO,"Signature made."
e16d10a7-e056-4b09-8eda-384bbce37105,2025-12-20T20:36:12.189Z,INFO,"Signature converted to string."
3a620ec9-069f-4d9a-91b7-8d72a09f363d,2025-12-20T20:36:12.198Z,INFO,"Sending message:"
2e6f1000-ce3f-4d94-ad13-58b16ccb3100,2025-12-20T20:36:12.199Z,INFO,"J8WX"
0fbf8581-89d2-46ca-8dbe-5578782c3423,2025-12-20T20:36:12.232Z,INFO,"{""content"":""J8WX"",""chatId"":""5513991174080@c.us"",""author"":""4915757901339@c.us"",""metadata"":{""kind"":""AUDITABLE"",""block"":{""hash"":""8fd0e5ef7a446ffbc488a3a0d2c56403b3670c0fcc452f54dbb33affe0ff3070"",""previousHash"":""c63fb9a2f3cbe7821724228f72df5381a16b5e42e9d3c6b72e826334a0fb44f6"",""counter"":9,""commitedMessage"":""bdeace8880f79b84d76830c7b28816f4e8299eb8935399aff66208dbe2c1b855""},""signature"":""Mw4HA2DxFTasPRE/6TLeqHhWEJHartF7LyuPm74j2wt8mzLmUMPSr76rQwgFRm87C38vxg77KWnEZEdwu6odZg==""},""messageId"":""true_5513991174080@c.us_3EB02EABA1611854776686"",""timestamp"":1766262971}"
33d7b020-80e0-4374-83d6-be4236492069,2025-12-20T20:36:12.232Z,INFO,"New message arrived: "
a206dd89-6702-4bd0-bfb3-9ed678a94128,2025-12-20T20:36:12.250Z,INFO,"IncomingMessage:"
3c615676-f8c8-41c2-a392-285e285eb591,2025-12-20T20:36:12.251Z,INFO,"{""content"":""J8WX"",""chatId"":""5513991174080@c.us"",""author"":""4915757901339@c.us"",""metadata"":{""kind"":""AUDITABLE"",""block"":{""hash"":""8fd0e5ef7a446ffbc488a3a0d2c56403b3670c0fcc452f54dbb33affe0ff3070"",""previousHash"":""c63fb9a2f3cbe7821724228f72df5381a16b5e42e9d3c6b72e826334a0fb44f6"",""counter"":9,""commitedMessage"":""bdeace8880f79b84d76830c7b28816f4e8299eb8935399aff66208dbe2c1b855""},""signature"":""Mw4HA2DxFTasPRE/6TLeqHhWEJHartF7LyuPm74j2wt8mzLmUMPSr76rQwgFRm87C38vxg77KWnEZEdwu6odZg==""},""messageId"":""true_5513991174080@c.us_3EB02EABA1611854776686"",""timestamp"":1766262971}"
72a3dbda-8f0b-46aa-aecb-bebc4b92091c,2025-12-20T20:36:12.868Z,INFO,"{""ack"":1,""from"":""4915757901339@c.us"",""id"":""true_5513991174080@c.us_3EB02EABA1611854776686"",""sendMsgResult"":{""count"":null,""messageSendResult"":""OK"",""t"":1766262972},""to"":""5513991174080@c.us""}"
7dde574d-c883-4b7d-87dc-2ca02c8388fd,2025-12-20T20:36:12.868Z,INFO,"Message sent."
2f498d38-7d09-4793-8d76-465575aa18a6,2025-12-20T20:36:13.348Z,INFO,"New message arrived: "
77ecb88c-8313-4451-905f-8e43158a49c2,2025-12-20T20:36:13.348Z,INFO,"{""content"":""[Control Message]\nConfirmation ACK sent."",""chatId"":""5513991174080@c.us"",""author"":""5513991174080@c.us"",""metadata"":{""kind"":""ACK"",""block"":{""hash"":""8fd0e5ef7a446ffbc488a3a0d2c56403b3670c0fcc452f54dbb33affe0ff3070"",""previousHash"":""c63fb9a2f3cbe7821724228f72df5381a16b5e42e9d3c6b72e826334a0fb44f6"",""counter"":9,""commitedMessage"":""bdeace8880f79b84d76830c7b28816f4e8299eb8935399aff66208dbe2c1b855""},""signature"":""CgM11nT+KHC9oTiIioobyduvVw1Gf+oV/m0LxonSp/y4cZT5jvmv1UppTo/B6muHgjX6pDSYDKyBy405JS+odQ==""},""messageId"":""false_5513991174080@c.us_3EB056BAD924042462E691"",""timestamp"":1766262973}"
f7efcd39-884a-4aff-9025-2d92a6426991,2025-12-20T20:36:13.407Z,INFO,"IncomingMessage:"
395ac33a-aff6-49ec-b83a-019593e0b0e0,2025-12-20T20:36:13.408Z,INFO,"{""content"":""[Control Message]\nConfirmation ACK sent."",""chatId"":""5513991174080@c.us"",""author"":""5513991174080@c.us"",""metadata"":{""kind"":""ACK"",""block"":{""hash"":""8fd0e5ef7a446ffbc488a3a0d2c56403b3670c0fcc452f54dbb33affe0ff3070"",""previousHash"":""c63fb9a2f3cbe7821724228f72df5381a16b5e42e9d3c6b72e826334a0fb44f6"",""counter"":9,""commitedMessage"":""bdeace8880f79b84d76830c7b28816f4e8299eb8935399aff66208dbe2c1b855""},""signature"":""CgM11nT+KHC9oTiIioobyduvVw1Gf+oV/m0LxonSp/y4cZT5jvmv1UppTo/B6muHgjX6pDSYDKyBy405JS+odQ==""},""messageId"":""false_5513991174080@c.us_3EB056BAD924042462E691"",""timestamp"":1766262973}"
c54ff644-ce2f-47bf-a00f-0601d4bcabb8,2025-12-20T20:36:13.413Z,INFO,"Checking signature in ack."
d218bfd2-41ca-4668-b8e5-bf2175f67d64,2025-12-20T20:36:13.414Z,INFO,"Verifying signature."
c50e551b-da57-47c0-be4d-721b506c579b,2025-12-20T20:36:13.415Z,INFO,"Finished verifying"
e287fdc6-c243-4d77-820f-3f372aa22997,2025-12-20T20:36:22.166Z,INFO,"Message generated. Started calculating metadata."
31d67fd1-8252-4c39-ab25-3aeb81683d5d,2025-12-20T20:36:22.183Z,INFO,"Initiated hashing."
509bb326-98a6-4bf6-af30-59bab3ea54d7,2025-12-20T20:36:22.185Z,INFO,"Finished hashing."
47ad9095-d938-4bab-87d7-c16496f9a0eb,2025-12-20T20:36:22.186Z,INFO,"Generating signature."
d536983a-d876-4bcf-93f0-cfa6fc1058ff,2025-12-20T20:36:22.189Z,INFO,"Signature made."
e6cc2898-9b64-484e-8217-288dc38b262f,2025-12-20T20:36:22.190Z,INFO,"Signature converted to string."
70dad57e-ce7d-468d-b195-4018d473d282,2025-12-20T20:36:22.199Z,INFO,"fzU4"
c999c13b-132b-4794-be55-393965b4c75f,2025-12-20T20:36:22.199Z,INFO,"Sending message:"
9177bcb2-d559-43fb-bd2c-15ce1f8a3709,2025-12-20T20:36:22.325Z,INFO,"New message arrived: "
c3a84bd6-3bec-42a0-8009-bdc7ddbc5e59,2025-12-20T20:36:22.325Z,INFO,"{""content"":""fzU4"",""chatId"":""5513991174080@c.us"",""author"":""4915757901339@c.us"",""metadata"":{""kind"":""AUDITABLE"",""block"":{""hash"":""fc6384f7634b9c0ef8b61614400915b75da99d167d6b50567c399363b78887e4"",""previousHash"":""8fd0e5ef7a446ffbc488a3a0d2c56403b3670c0fcc452f54dbb33affe0ff3070"",""counter"":10,""commitedMessage"":""4e133da008ab18dc5d0441d4a8558528d71a75c46f917f93ec4d2cbce7212120""},""signature"":""vXap2FdEcsxxmrDlWXv7zSfF/kIHY1tCtA8BZv0PGSN3NeWmhruGTRcJs3cFxDObzFv1JmKIDwholf1EKqAj1g==""},""messageId"":""true_5513991174080@c.us_3EB06EAAF6B0D3D69E9604"",""timestamp"":1766262981}"
77ec51a8-29f5-4170-b6a4-dd664939baf3,2025-12-20T20:36:22.339Z,INFO,"IncomingMessage:"
68996936-00d0-4f1b-8022-5717b2212750,2025-12-20T20:36:22.340Z,INFO,"{""content"":""fzU4"",""chatId"":""5513991174080@c.us"",""author"":""4915757901339@c.us"",""metadata"":{""kind"":""AUDITABLE"",""block"":{""hash"":""fc6384f7634b9c0ef8b61614400915b75da99d167d6b50567c399363b78887e4"",""previousHash"":""8fd0e5ef7a446ffbc488a3a0d2c56403b3670c0fcc452f54dbb33affe0ff3070"",""counter"":10,""commitedMessage"":""4e133da008ab18dc5d0441d4a8558528d71a75c46f917f93ec4d2cbce7212120""},""signature"":""vXap2FdEcsxxmrDlWXv7zSfF/kIHY1tCtA8BZv0PGSN3NeWmhruGTRcJs3cFxDObzFv1JmKIDwholf1EKqAj1g==""},""messageId"":""true_5513991174080@c.us_3EB06EAAF6B0D3D69E9604"",""timestamp"":1766262981}"
eec7e15f-2539-433b-b42e-0adf02b4f556,2025-12-20T20:36:22.989Z,INFO,"Message sent."
d8bc84d9-173f-4220-89c5-e528113f5cb8,2025-12-20T20:36:22.990Z,INFO,"{""ack"":1,""from"":""4915757901339@c.us"",""id"":""true_5513991174080@c.us_3EB06EAAF6B0D3D69E9604"",""sendMsgResult"":{""count"":null,""messageSendResult"":""OK"",""t"":1766262982},""to"":""5513991174080@c.us""}"
e7de692c-d2f8-4ca5-a5c2-6c178f0a41b6,2025-12-20T20:36:23.443Z,INFO,"New message arrived: "
47b4592f-0400-488d-ab15-893c1984f773,2025-12-20T20:36:23.444Z,INFO,"{""content"":""[Control Message]\nConfirmation ACK sent."",""chatId"":""5513991174080@c.us"",""author"":""5513991174080@c.us"",""metadata"":{""kind"":""ACK"",""block"":{""hash"":""fc6384f7634b9c0ef8b61614400915b75da99d167d6b50567c399363b78887e4"",""previousHash"":""8fd0e5ef7a446ffbc488a3a0d2c56403b3670c0fcc452f54dbb33affe0ff3070"",""counter"":10,""commitedMessage"":""4e133da008ab18dc5d0441d4a8558528d71a75c46f917f93ec4d2cbce7212120""},""signature"":""iQQ2VSPSXIHBJMYcpiyfD7TXRQ9wk0YO5LtZb+HUklEZRoArX9xHmhzXyINuoB/mS9fj2uylPIqlhRsHDdB9ZQ==""},""messageId"":""false_5513991174080@c.us_3EB06C962EBBC4FC7BA35B"",""timestamp"":1766262983}"
73030295-0348-45aa-b014-9088f0e28880,2025-12-20T20:36:23.543Z,INFO,"IncomingMessage:"
630c5a99-5e16-405a-999c-1997ca413767,2025-12-20T20:36:23.544Z,INFO,"{""content"":""[Control Message]\nConfirmation ACK sent."",""chatId"":""5513991174080@c.us"",""author"":""5513991174080@c.us"",""metadata"":{""kind"":""ACK"",""block"":{""hash"":""fc6384f7634b9c0ef8b61614400915b75da99d167d6b50567c399363b78887e4"",""previousHash"":""8fd0e5ef7a446ffbc488a3a0d2c56403b3670c0fcc452f54dbb33affe0ff3070"",""counter"":10,""commitedMessage"":""4e133da008ab18dc5d0441d4a8558528d71a75c46f917f93ec4d2cbce7212120""},""signature"":""iQQ2VSPSXIHBJMYcpiyfD7TXRQ9wk0YO5LtZb+HUklEZRoArX9xHmhzXyINuoB/mS9fj2uylPIqlhRsHDdB9ZQ==""},""messageId"":""false_5513991174080@c.us_3EB06C962EBBC4FC7BA35B"",""timestamp"":1766262983}"
eeeeb33a-4a85-45b0-8ef5-b87f62731b46,2025-12-20T20:36:23.545Z,INFO,"Checking signature in ack."
69c7e7e0-514c-4a62-9a7c-02895e93332c,2025-12-20T20:36:23.546Z,INFO,"Verifying signature."
5541a532-b93c-483f-ac5d-24ebab20326a,2025-12-20T20:36:23.547Z,INFO,"Finished verifying"
8040b27f-c150-47de-90fd-a4c9510308bd,2025-12-20T20:36:32.161Z,INFO,"Message generated. Started calculating metadata."
b47c5af6-cc39-494f-86d0-c84a1950d57e,2025-12-20T20:36:32.171Z,INFO,"Initiated hashing."
837cf82e-45c3-4afb-9f91-9399203fa246,2025-12-20T20:36:32.172Z,INFO,"Finished hashing."
c2d3b547-f2d3-40db-9aad-737c36d4ee0a,2025-12-20T20:36:32.172Z,INFO,"Generating signature."
a8602b49-1581-4fcd-a3e6-4c6fdc859baf,2025-12-20T20:36:32.173Z,INFO,"Signature made."
fd4913a1-b6a4-4261-8274-b6d6c9e98cfe,2025-12-20T20:36:32.174Z,INFO,"Signature converted to string."
3bff3ee5-60a9-497b-8154-520f3b686b94,2025-12-20T20:36:32.181Z,INFO,"Sending message:"
1700265b-e8a2-4695-aa4d-f0d0b997d055,2025-12-20T20:36:32.182Z,INFO,"lxMX"
5b63d274-d975-469f-8b62-104b5e9a3390,2025-12-20T20:36:32.232Z,INFO,"New message arrived: "
fee20afe-46ee-4c53-901d-9d6b360415c4,2025-12-20T20:36:32.233Z,INFO,"{""content"":""lxMX"",""chatId"":""5513991174080@c.us"",""author"":""4915757901339@c.us"",""metadata"":{""kind"":""AUDITABLE"",""block"":{""hash"":""1a6dea7b7d6755a0caa06ee12184c4603d9d5ce6f20714868f821aad4392e7d8"",""previousHash"":""fc6384f7634b9c0ef8b61614400915b75da99d167d6b50567c399363b78887e4"",""counter"":11,""commitedMessage"":""32608f124f80b2d4352cca28874e51db6d873647d6ccf036c33301d330d5c1cc""},""signature"":""40flVIId0VC5E1Xz37U/b/X26EQTqncoKB0kvOhLLooDYxGUrHSVyv1kg4JicG1tcj0XVinU4uegOjwe99yuQQ==""},""messageId"":""true_5513991174080@c.us_3EB0731095DC3A7985BC5F"",""timestamp"":1766262991}"
21401a2e-53a9-48cd-be5c-d8e04305de86,2025-12-20T20:36:32.260Z,INFO,"IncomingMessage:"
db229017-f143-4720-9857-14a9db86c7e0,2025-12-20T20:36:32.261Z,INFO,"{""content"":""lxMX"",""chatId"":""5513991174080@c.us"",""author"":""4915757901339@c.us"",""metadata"":{""kind"":""AUDITABLE"",""block"":{""hash"":""1a6dea7b7d6755a0caa06ee12184c4603d9d5ce6f20714868f821aad4392e7d8"",""previousHash"":""fc6384f7634b9c0ef8b61614400915b75da99d167d6b50567c399363b78887e4"",""counter"":11,""commitedMessage"":""32608f124f80b2d4352cca28874e51db6d873647d6ccf036c33301d330d5c1cc""},""signature"":""40flVIId0VC5E1Xz37U/b/X26EQTqncoKB0kvOhLLooDYxGUrHSVyv1kg4JicG1tcj0XVinU4uegOjwe99yuQQ==""},""messageId"":""true_5513991174080@c.us_3EB0731095DC3A7985BC5F"",""timestamp"":1766262991}"
af9a9eba-c04e-4e31-9f44-13a0b6daa0f7,2025-12-20T20:36:32.873Z,INFO,"Message sent."
61d4c65c-bfca-4dd9-b714-82f8ad5754c0,2025-12-20T20:36:32.874Z,INFO,"{""ack"":1,""from"":""4915757901339@c.us"",""id"":""true_5513991174080@c.us_3EB0731095DC3A7985BC5F"",""sendMsgResult"":{""count"":null,""messageSendResult"":""OK"",""t"":1766262992},""to"":""5513991174080@c.us""}"
4def68e8-7631-46d0-ab9e-829fb37e8ade,2025-12-20T20:36:33.440Z,INFO,"{""content"":""[Control Message]\nConfirmation ACK sent."",""chatId"":""5513991174080@c.us"",""author"":""5513991174080@c.us"",""metadata"":{""kind"":""ACK"",""block"":{""hash"":""1a6dea7b7d6755a0caa06ee12184c4603d9d5ce6f20714868f821aad4392e7d8"",""previousHash"":""fc6384f7634b9c0ef8b61614400915b75da99d167d6b50567c399363b78887e4"",""counter"":11,""commitedMessage"":""32608f124f80b2d4352cca28874e51db6d873647d6ccf036c33301d330d5c1cc""},""signature"":""3Kd531VH1IWCnbGES4x2XnaVw5WG0yLniqBxwsgoWAfQ/8hPrCfZ6+0SubEZTGQB6WgEaqgmbj8TMlKqQ09CRA==""},""messageId"":""false_5513991174080@c.us_3EB0028EAD6B94636ED71E"",""timestamp"":1766262993}"
a230720e-2bcd-40d7-b6e7-52a32b4eb63e,2025-12-20T20:36:33.440Z,INFO,"New message arrived: "
53dbc928-0d3f-42f6-b4ac-9f536ac488d9,2025-12-20T20:36:33.587Z,INFO,"IncomingMessage:"
7974d017-38c9-469b-9a50-b2ee0ba021ee,2025-12-20T20:36:33.587Z,INFO,"{""content"":""[Control Message]\nConfirmation ACK sent."",""chatId"":""5513991174080@c.us"",""author"":""5513991174080@c.us"",""metadata"":{""kind"":""ACK"",""block"":{""hash"":""1a6dea7b7d6755a0caa06ee12184c4603d9d5ce6f20714868f821aad4392e7d8"",""previousHash"":""fc6384f7634b9c0ef8b61614400915b75da99d167d6b50567c399363b78887e4"",""counter"":11,""commitedMessage"":""32608f124f80b2d4352cca28874e51db6d873647d6ccf036c33301d330d5c1cc""},""signature"":""3Kd531VH1IWCnbGES4x2XnaVw5WG0yLniqBxwsgoWAfQ/8hPrCfZ6+0SubEZTGQB6WgEaqgmbj8TMlKqQ09CRA==""},""messageId"":""false_5513991174080@c.us_3EB0028EAD6B94636ED71E"",""timestamp"":1766262993}"
1f77fdc9-e3dc-4fcf-a7fd-97370b7b194e,2025-12-20T20:36:33.591Z,INFO,"Checking signature in ack."
9c009a90-dded-4a45-ae6e-6d2176112fb3,2025-12-20T20:36:33.592Z,INFO,"Verifying signature."
fbf6079d-7655-4400-9bf1-61d36688a058,2025-12-20T20:36:33.592Z,INFO,"Finished verifying"
6fda30b9-540c-4b15-9fc7-36566d2fc7b9,2025-12-20T20:36:42.165Z,INFO,"Message generated. Started calculating metadata."
3a116c15-c076-4ba1-9026-d5a7ad290f8b,2025-12-20T20:36:42.174Z,INFO,"Initiated hashing."
0b5c3548-d5df-4c66-845e-a58d02da5a33,2025-12-20T20:36:42.175Z,INFO,"Finished hashing."
42690da5-adf4-4669-942a-4ee5690e2cc3,2025-12-20T20:36:42.176Z,INFO,"Generating signature."
27716e47-8dec-4466-b395-7c65feb98cce,2025-12-20T20:36:42.177Z,INFO,"Signature made."
76446783-e5b0-4464-8412-9ec8ea17da4c,2025-12-20T20:36:42.179Z,INFO,"Signature converted to string."
90113ce4-aae3-43cb-9035-bf103e916ff1,2025-12-20T20:36:42.186Z,INFO,"Sending message:"
167cd9a9-a642-455c-99e1-a8a91d2ee956,2025-12-20T20:36:42.187Z,INFO,"a2d1"
5da98ce5-fdcc-4a14-823b-c2cc79cb850a,2025-12-20T20:36:42.226Z,INFO,"New message arrived: "
65555e36-3083-4c10-898a-b3af211a653e,2025-12-20T20:36:42.227Z,INFO,"{""content"":""a2d1"",""chatId"":""5513991174080@c.us"",""author"":""4915757901339@c.us"",""metadata"":{""kind"":""AUDITABLE"",""block"":{""hash"":""e4e33e4b4e7ef0fda3cd37db4b627be672e75df4ca5dff1ec92d79b2d77bc9ac"",""previousHash"":""1a6dea7b7d6755a0caa06ee12184c4603d9d5ce6f20714868f821aad4392e7d8"",""counter"":12,""commitedMessage"":""ccbd4144bdea8838e00bccedebcaae54fcaef4b77b68403dcb9dd5f6b0d3aecc""},""signature"":""UmTPwusK1k4RhZjclezfGpRCP5Au0tuxRBSeDKw6+Qh8SUoPRANHfHYqraOD92ojWZL0Km2HuHE2p484odB+Fg==""},""messageId"":""true_5513991174080@c.us_3EB0A37C786E47C9BCF2FD"",""timestamp"":1766263001}"
8a1a4555-7e79-4879-a295-c8b979a24379,2025-12-20T20:36:42.253Z,INFO,"IncomingMessage:"
f1e8f789-ffa4-4a47-8426-8bcb2d6c5393,2025-12-20T20:36:42.254Z,INFO,"{""content"":""a2d1"",""chatId"":""5513991174080@c.us"",""author"":""4915757901339@c.us"",""metadata"":{""kind"":""AUDITABLE"",""block"":{""hash"":""e4e33e4b4e7ef0fda3cd37db4b627be672e75df4ca5dff1ec92d79b2d77bc9ac"",""previousHash"":""1a6dea7b7d6755a0caa06ee12184c4603d9d5ce6f20714868f821aad4392e7d8"",""counter"":12,""commitedMessage"":""ccbd4144bdea8838e00bccedebcaae54fcaef4b77b68403dcb9dd5f6b0d3aecc""},""signature"":""UmTPwusK1k4RhZjclezfGpRCP5Au0tuxRBSeDKw6+Qh8SUoPRANHfHYqraOD92ojWZL0Km2HuHE2p484odB+Fg==""},""messageId"":""true_5513991174080@c.us_3EB0A37C786E47C9BCF2FD"",""timestamp"":1766263001}"
f51b68ab-c35a-45d3-9ffd-1e44d33503c0,2025-12-20T20:36:42.855Z,INFO,"Message sent."
f4919d95-b343-41b2-853e-759038583def,2025-12-20T20:36:42.856Z,INFO,"{""ack"":1,""from"":""4915757901339@c.us"",""id"":""true_5513991174080@c.us_3EB0A37C786E47C9BCF2FD"",""sendMsgResult"":{""count"":null,""messageSendResult"":""OK"",""t"":1766263002},""to"":""5513991174080@c.us""}"
745d417a-7f01-49a5-b9e7-f484d839cff1,2025-12-20T20:36:43.559Z,INFO,"New message arrived: "
4aed432b-bad3-410f-9400-572270eec97e,2025-12-20T20:36:43.560Z,INFO,"{""content"":""[Control Message]\nConfirmation ACK sent."",""chatId"":""5513991174080@c.us"",""author"":""5513991174080@c.us"",""metadata"":{""kind"":""ACK"",""block"":{""hash"":""e4e33e4b4e7ef0fda3cd37db4b627be672e75df4ca5dff1ec92d79b2d77bc9ac"",""previousHash"":""1a6dea7b7d6755a0caa06ee12184c4603d9d5ce6f20714868f821aad4392e7d8"",""counter"":12,""commitedMessage"":""ccbd4144bdea8838e00bccedebcaae54fcaef4b77b68403dcb9dd5f6b0d3aecc""},""signature"":""SkWW3KycTH7iMuPMKhG6J+nBNivZtIbK+SkRDMosfLvTcTEuLN1j3jSesSSqRMGPz1o0uT4JKugopKkX2VuMOw==""},""messageId"":""false_5513991174080@c.us_3EB066D03499F0F8A893BC"",""timestamp"":1766263003}"
db57ae62-dad2-452e-ad2d-c6a3a5c790fb,2025-12-20T20:36:43.672Z,INFO,"IncomingMessage:"
6099a456-bd39-42e8-bb5c-4b17eceab0fe,2025-12-20T20:36:43.673Z,INFO,"{""content"":""[Control Message]\nConfirmation ACK sent."",""chatId"":""5513991174080@c.us"",""author"":""5513991174080@c.us"",""metadata"":{""kind"":""ACK"",""block"":{""hash"":""e4e33e4b4e7ef0fda3cd37db4b627be672e75df4ca5dff1ec92d79b2d77bc9ac"",""previousHash"":""1a6dea7b7d6755a0caa06ee12184c4603d9d5ce6f20714868f821aad4392e7d8"",""counter"":12,""commitedMessage"":""ccbd4144bdea8838e00bccedebcaae54fcaef4b77b68403dcb9dd5f6b0d3aecc""},""signature"":""SkWW3KycTH7iMuPMKhG6J+nBNivZtIbK+SkRDMosfLvTcTEuLN1j3jSesSSqRMGPz1o0uT4JKugopKkX2VuMOw==""},""messageId"":""false_5513991174080@c.us_3EB066D03499F0F8A893BC"",""timestamp"":1766263003}"
b47375cb-0272-48d7-823b-b3385788a234,2025-12-20T20:36:43.676Z,INFO,"Checking signature in ack."
89ffa6ae-8409-4daa-9342-5296b9b295e7,2025-12-20T20:36:43.677Z,INFO,"Verifying signature."
ec8e1b10-5547-4a0e-a2f3-b86a77d2ff44,2025-12-20T20:36:43.678Z,INFO,"Finished verifying"
38f41d09-79c2-42bc-9d68-e8a0a0047d7d,2025-12-20T20:36:52.161Z,INFO,"Message generated. Started calculating metadata."
080f54b3-e363-4b53-8177-0175d052621e,2025-12-20T20:36:52.171Z,INFO,"Initiated hashing."
790a391e-58a8-4c1f-99c7-a8ac8466fb47,2025-12-20T20:36:52.172Z,INFO,"Finished hashing."
611dd3f6-2539-490e-808b-d707da3f9756,2025-12-20T20:36:52.173Z,INFO,"Generating signature."
c0f6050f-142b-44b2-b589-efb2ca674655,2025-12-20T20:36:52.173Z,INFO,"Signature made."
39039be2-8d80-4aa0-b989-f39fb4f9d20d,2025-12-20T20:36:52.174Z,INFO,"Signature converted to string."
0d6ef14d-3633-43da-89a0-c27d96e0e89a,2025-12-20T20:36:52.181Z,INFO,"Sending message:"
20dad37a-1117-4196-ab01-429a7369c637,2025-12-20T20:36:52.182Z,INFO,"grbP"
ba5b53b1-9165-4848-b080-8fc2d1140437,2025-12-20T20:36:52.233Z,INFO,"New message arrived: "
f3a4e4a2-0d9f-4496-9e3f-35c4e7eb123e,2025-12-20T20:36:52.233Z,INFO,"{""content"":""grbP"",""chatId"":""5513991174080@c.us"",""author"":""4915757901339@c.us"",""metadata"":{""kind"":""AUDITABLE"",""block"":{""hash"":""fb7d42a3cfaaf9aa37ff7f32f824e355972aadf7fe02057e4dafe20957d7ca0e"",""previousHash"":""e4e33e4b4e7ef0fda3cd37db4b627be672e75df4ca5dff1ec92d79b2d77bc9ac"",""counter"":13,""commitedMessage"":""941ae5dc6595dc056ab67c642a4ebfc62ab5c926c6448b63f27c42c8590b9a10""},""signature"":""FPSnKI5x07Kl7luUmRuUh8Hn3E3ayPQyMbN0oDg7FEud9avptrxj52K4gNQ1MZ9ShyFbhWa37BO8cVx7xeZ8AA==""},""messageId"":""true_5513991174080@c.us_3EB0F5DF31775A1FCA68A0"",""timestamp"":1766263011}"
1fdff4c5-e6cd-4ce4-a4ce-1724de761d03,2025-12-20T20:36:52.251Z,INFO,"IncomingMessage:"
78f8e6cb-bb3d-47c3-bc4e-80fee93c6491,2025-12-20T20:36:52.251Z,INFO,"{""content"":""grbP"",""chatId"":""5513991174080@c.us"",""author"":""4915757901339@c.us"",""metadata"":{""kind"":""AUDITABLE"",""block"":{""hash"":""fb7d42a3cfaaf9aa37ff7f32f824e355972aadf7fe02057e4dafe20957d7ca0e"",""previousHash"":""e4e33e4b4e7ef0fda3cd37db4b627be672e75df4ca5dff1ec92d79b2d77bc9ac"",""counter"":13,""commitedMessage"":""941ae5dc6595dc056ab67c642a4ebfc62ab5c926c6448b63f27c42c8590b9a10""},""signature"":""FPSnKI5x07Kl7luUmRuUh8Hn3E3ayPQyMbN0oDg7FEud9avptrxj52K4gNQ1MZ9ShyFbhWa37BO8cVx7xeZ8AA==""},""messageId"":""true_5513991174080@c.us_3EB0F5DF31775A1FCA68A0"",""timestamp"":1766263011}"
2a5898d4-7762-4935-8e11-500be11034f7,2025-12-20T20:36:52.846Z,INFO,"{""ack"":1,""from"":""4915757901339@c.us"",""id"":""true_5513991174080@c.us_3EB0F5DF31775A1FCA68A0"",""sendMsgResult"":{""count"":null,""messageSendResult"":""OK"",""t"":1766263012},""to"":""5513991174080@c.us""}"
55bac71d-4107-4cb8-afbf-2f79153071d2,2025-12-20T20:36:52.846Z,INFO,"Message sent."
06df9652-160b-42a3-8017-b0a97d71e00c,2025-12-20T20:36:53.732Z,INFO,"{""content"":""[Control Message]\nConfirmation ACK sent."",""chatId"":""5513991174080@c.us"",""author"":""5513991174080@c.us"",""metadata"":{""kind"":""ACK"",""block"":{""hash"":""fb7d42a3cfaaf9aa37ff7f32f824e355972aadf7fe02057e4dafe20957d7ca0e"",""previousHash"":""e4e33e4b4e7ef0fda3cd37db4b627be672e75df4ca5dff1ec92d79b2d77bc9ac"",""counter"":13,""commitedMessage"":""941ae5dc6595dc056ab67c642a4ebfc62ab5c926c6448b63f27c42c8590b9a10""},""signature"":""OPPBfzYeesyF/TqUizCZz8j6QEgL7kgs8JuaRPiYoCdtQRnfsdgKn6p4CW+Fd67NMEKKMfvIBO9xETI5ecihLQ==""},""messageId"":""false_5513991174080@c.us_3EB0BC435E35908445DE4A"",""timestamp"":1766263013}"
86f07a14-3bb9-46fa-a99b-607e1abc7b40,2025-12-20T20:36:53.732Z,INFO,"New message arrived: "
03695374-9809-4000-abea-399983f39c69,2025-12-20T20:36:53.811Z,INFO,"IncomingMessage:"
29ae5b4d-f67a-4bcb-a855-2bff24644c7e,2025-12-20T20:36:53.811Z,INFO,"{""content"":""[Control Message]\nConfirmation ACK sent."",""chatId"":""5513991174080@c.us"",""author"":""5513991174080@c.us"",""metadata"":{""kind"":""ACK"",""block"":{""hash"":""fb7d42a3cfaaf9aa37ff7f32f824e355972aadf7fe02057e4dafe20957d7ca0e"",""previousHash"":""e4e33e4b4e7ef0fda3cd37db4b627be672e75df4ca5dff1ec92d79b2d77bc9ac"",""counter"":13,""commitedMessage"":""941ae5dc6595dc056ab67c642a4ebfc62ab5c926c6448b63f27c42c8590b9a10""},""signature"":""OPPBfzYeesyF/TqUizCZz8j6QEgL7kgs8JuaRPiYoCdtQRnfsdgKn6p4CW+Fd67NMEKKMfvIBO9xETI5ecihLQ==""},""messageId"":""false_5513991174080@c.us_3EB0BC435E35908445DE4A"",""timestamp"":1766263013}"
eeed576e-8a75-44c3-9f75-470a9023fe1d,2025-12-20T20:36:53.814Z,INFO,"Checking signature in ack."
1b37066a-b95a-4021-894a-ba28c5ff31eb,2025-12-20T20:36:53.815Z,INFO,"Verifying signature."
ae65a0e4-c014-4223-9987-23ace39eb8de,2025-12-20T20:36:53.816Z,INFO,"Finished verifying"
e8bf9865-67af-42ec-9751-4e40e461b59e,2025-12-20T20:37:02.161Z,INFO,"Message generated. Started calculating metadata."
f043621d-3d40-439f-8392-fa9434104617,2025-12-20T20:37:02.168Z,INFO,"Initiated hashing."
aac0c971-3450-4076-b2ba-7bff3dd973a0,2025-12-20T20:37:02.169Z,INFO,"Finished hashing."
e20f3b77-cfbc-4cb3-a37d-4e78fbdea76d,2025-12-20T20:37:02.170Z,INFO,"Generating signature."
d2c55314-657e-4b9f-9d64-7f1e322dafd4,2025-12-20T20:37:02.171Z,INFO,"Signature made."
7167547b-52f0-44d1-ae98-d1b6efc9d289,2025-12-20T20:37:02.172Z,INFO,"Signature converted to string."
19da060b-c96f-4413-b08c-9c6663c97fbe,2025-12-20T20:37:02.178Z,INFO,"Sending message:"
b9f33d3f-712d-4242-b864-4f0ebdf97f2f,2025-12-20T20:37:02.178Z,INFO,"Xp6x"
3d6d8cbd-9801-4feb-9234-a55873b57fe2,2025-12-20T20:37:02.228Z,INFO,"New message arrived: "
33979068-b87d-4a98-b8f6-20b41d2b765d,2025-12-20T20:37:02.229Z,INFO,"{""content"":""Xp6x"",""chatId"":""5513991174080@c.us"",""author"":""4915757901339@c.us"",""metadata"":{""kind"":""AUDITABLE"",""block"":{""hash"":""a37d9fb30f0584ccaaaed995d04d579a4c6f5d0ad336d1937513aa5fa9749373"",""previousHash"":""fb7d42a3cfaaf9aa37ff7f32f824e355972aadf7fe02057e4dafe20957d7ca0e"",""counter"":14,""commitedMessage"":""16589f2fd3d38477553e5db5d8be2ec30614973b23fa3aff30c608703f5ba965""},""signature"":""74ON6ej+iQ8RkWPReFD3dXet/7swVZo9/UQhQfU07CE6OIUTTpT7VFOQLaGwRGSuCAjsNII+T44PrNQ9xHJAfA==""},""messageId"":""true_5513991174080@c.us_3EB0AB481EF759DBE245D7"",""timestamp"":1766263021}"
af4a2c79-165a-4d54-8988-30ca40ae320c,2025-12-20T20:37:02.248Z,INFO,"IncomingMessage:"
78de7ead-eafd-46e8-b47c-8732855392c3,2025-12-20T20:37:02.249Z,INFO,"{""content"":""Xp6x"",""chatId"":""5513991174080@c.us"",""author"":""4915757901339@c.us"",""metadata"":{""kind"":""AUDITABLE"",""block"":{""hash"":""a37d9fb30f0584ccaaaed995d04d579a4c6f5d0ad336d1937513aa5fa9749373"",""previousHash"":""fb7d42a3cfaaf9aa37ff7f32f824e355972aadf7fe02057e4dafe20957d7ca0e"",""counter"":14,""commitedMessage"":""16589f2fd3d38477553e5db5d8be2ec30614973b23fa3aff30c608703f5ba965""},""signature"":""74ON6ej+iQ8RkWPReFD3dXet/7swVZo9/UQhQfU07CE6OIUTTpT7VFOQLaGwRGSuCAjsNII+T44PrNQ9xHJAfA==""},""messageId"":""true_5513991174080@c.us_3EB0AB481EF759DBE245D7"",""timestamp"":1766263021}"
6d41b2c3-3feb-4ad8-9d07-b86c059ae016,2025-12-20T20:37:02.801Z,INFO,"Message sent."
4b2406ce-7510-4953-ba9a-899ab753b05c,2025-12-20T20:37:02.804Z,INFO,"{""ack"":1,""from"":""4915757901339@c.us"",""id"":""true_5513991174080@c.us_3EB0AB481EF759DBE245D7"",""sendMsgResult"":{""count"":null,""messageSendResult"":""OK"",""t"":1766263022},""to"":""5513991174080@c.us""}"
1ca1ab5c-4cdb-4e8d-9120-39e21d5277b2,2025-12-20T20:37:03.612Z,INFO,"New message arrived: "
a3e6e19d-0296-44be-beef-dfa326c111f1,2025-12-20T20:37:03.613Z,INFO,"{""content"":""[Control Message]\nConfirmation ACK sent."",""chatId"":""5513991174080@c.us"",""author"":""5513991174080@c.us"",""metadata"":{""kind"":""ACK"",""block"":{""hash"":""a37d9fb30f0584ccaaaed995d04d579a4c6f5d0ad336d1937513aa5fa9749373"",""previousHash"":""fb7d42a3cfaaf9aa37ff7f32f824e355972aadf7fe02057e4dafe20957d7ca0e"",""counter"":14,""commitedMessage"":""16589f2fd3d38477553e5db5d8be2ec30614973b23fa3aff30c608703f5ba965""},""signature"":""p1VUbRpJoIsXyF/IX4frlRBd+hXnO4DKMb+bBohsmPe1ABcHHIY2N5C3cDQSmaaZsPvhjJ/2PSPItygC4FZbZA==""},""messageId"":""false_5513991174080@c.us_3EB0190014E6EFC2121436"",""timestamp"":1766263023}"
b46a5003-8240-4982-a6f9-376490d43f34,2025-12-20T20:37:03.711Z,INFO,"IncomingMessage:"
fb490ae8-9677-4eac-a05d-405785527247,2025-12-20T20:37:03.712Z,INFO,"{""content"":""[Control Message]\nConfirmation ACK sent."",""chatId"":""5513991174080@c.us"",""author"":""5513991174080@c.us"",""metadata"":{""kind"":""ACK"",""block"":{""hash"":""a37d9fb30f0584ccaaaed995d04d579a4c6f5d0ad336d1937513aa5fa9749373"",""previousHash"":""fb7d42a3cfaaf9aa37ff7f32f824e355972aadf7fe02057e4dafe20957d7ca0e"",""counter"":14,""commitedMessage"":""16589f2fd3d38477553e5db5d8be2ec30614973b23fa3aff30c608703f5ba965""},""signature"":""p1VUbRpJoIsXyF/IX4frlRBd+hXnO4DKMb+bBohsmPe1ABcHHIY2N5C3cDQSmaaZsPvhjJ/2PSPItygC4FZbZA==""},""messageId"":""false_5513991174080@c.us_3EB0190014E6EFC2121436"",""timestamp"":1766263023}"
2302d84c-df44-4ed5-9f21-a384f6f0d7e1,2025-12-20T20:37:03.719Z,INFO,"Checking signature in ack."
5aaf32ae-41e9-4e89-b8b4-44a1cb6f9e6f,2025-12-20T20:37:03.720Z,INFO,"Verifying signature."
e9598704-07e4-49c9-9de9-6e92b31fba3f,2025-12-20T20:37:03.723Z,INFO,"Finished verifying"
8f476456-de61-4801-b0c4-1d0ccbc42a00,2025-12-20T20:37:12.165Z,INFO,"Message generated. Started calculating metadata."
eb51e2cf-f949-4935-b375-9b41fcab9ffe,2025-12-20T20:37:12.179Z,INFO,"Initiated hashing."
f66d75ec-0689-40f3-8cca-3901c31eb73e,2025-12-20T20:37:12.180Z,INFO,"Finished hashing."
21130440-b8d1-4ce7-b56c-2111275a608c,2025-12-20T20:37:12.181Z,INFO,"Generating signature."
bffcae28-c843-4040-93a2-4de75a8a8083,2025-12-20T20:37:12.183Z,INFO,"Signature made."
a616cec3-007d-4afb-95f2-5062f4db4372,2025-12-20T20:37:12.184Z,INFO,"Signature converted to string."
915db16c-cb77-485e-ba4b-06e42a351f65,2025-12-20T20:37:12.192Z,INFO,"Sending message:"
ee9dfcfb-0ab4-40e5-bcd6-948358280313,2025-12-20T20:37:12.192Z,INFO,"DXJK"
243692bc-9183-462d-b41c-57f5838c9467,2025-12-20T20:37:12.238Z,INFO,"New message arrived: "
fa705a8d-91af-4fb9-bd72-052ea23d3eb2,2025-12-20T20:37:12.239Z,INFO,"{""content"":""DXJK"",""chatId"":""5513991174080@c.us"",""author"":""4915757901339@c.us"",""metadata"":{""kind"":""AUDITABLE"",""block"":{""hash"":""c7179239d94bfddafe71d75d05e75ac86d981d50daf8ddfec17aeae8aabdc3c6"",""previousHash"":""a37d9fb30f0584ccaaaed995d04d579a4c6f5d0ad336d1937513aa5fa9749373"",""counter"":15,""commitedMessage"":""d7ac63655a70f92219a171a369f309dc72173332b3d4b98ed74685b96f4e6212""},""signature"":""HZjBBGNp9r41hspA12vrVR+MwehMxLn9DCvVh5e+zVf+TVeWcuJYpLkVKx/OHWxUfCmFkQdZzKhlZvwSqo7P7A==""},""messageId"":""true_5513991174080@c.us_3EB05958B9F346ED61EE92"",""timestamp"":1766263031}"
2a3eb9e4-2726-4e2c-8170-fdbf632b87b0,2025-12-20T20:37:12.263Z,INFO,"IncomingMessage:"
27f75177-a2f9-46c2-8d82-512edd0a5d02,2025-12-20T20:37:12.264Z,INFO,"{""content"":""DXJK"",""chatId"":""5513991174080@c.us"",""author"":""4915757901339@c.us"",""metadata"":{""kind"":""AUDITABLE"",""block"":{""hash"":""c7179239d94bfddafe71d75d05e75ac86d981d50daf8ddfec17aeae8aabdc3c6"",""previousHash"":""a37d9fb30f0584ccaaaed995d04d579a4c6f5d0ad336d1937513aa5fa9749373"",""counter"":15,""commitedMessage"":""d7ac63655a70f92219a171a369f309dc72173332b3d4b98ed74685b96f4e6212""},""signature"":""HZjBBGNp9r41hspA12vrVR+MwehMxLn9DCvVh5e+zVf+TVeWcuJYpLkVKx/OHWxUfCmFkQdZzKhlZvwSqo7P7A==""},""messageId"":""true_5513991174080@c.us_3EB05958B9F346ED61EE92"",""timestamp"":1766263031}"
b360dd29-4dbc-4516-a8df-3ef5a76d6fb0,2025-12-20T20:37:12.803Z,INFO,"Message sent."
da7638fb-6800-424c-ae72-97d842176ebd,2025-12-20T20:37:12.804Z,INFO,"{""ack"":1,""from"":""4915757901339@c.us"",""id"":""true_5513991174080@c.us_3EB05958B9F346ED61EE92"",""sendMsgResult"":{""count"":null,""messageSendResult"":""OK"",""t"":1766263032},""to"":""5513991174080@c.us""}"
7a3557d0-eb25-4649-9290-6eb4467b0267,2025-12-20T20:37:13.677Z,INFO,"New message arrived: "
dee7c8ec-f7ff-44d7-abd3-98abf21f00fb,2025-12-20T20:37:13.678Z,INFO,"{""content"":""[Control Message]\nConfirmation ACK sent."",""chatId"":""5513991174080@c.us"",""author"":""5513991174080@c.us"",""metadata"":{""kind"":""ACK"",""block"":{""hash"":""c7179239d94bfddafe71d75d05e75ac86d981d50daf8ddfec17aeae8aabdc3c6"",""previousHash"":""a37d9fb30f0584ccaaaed995d04d579a4c6f5d0ad336d1937513aa5fa9749373"",""counter"":15,""commitedMessage"":""d7ac63655a70f92219a171a369f309dc72173332b3d4b98ed74685b96f4e6212""},""signature"":""1Mq7gXmrOGT1ispOmjY0h3wDGS4gU+mBdpnxFHF8YRJ5Lx1EjyKn76sSPcskflfG41Vj5SiaJyP8fhAIOHmcaQ==""},""messageId"":""false_5513991174080@c.us_3EB092E464C8D5B1691E89"",""timestamp"":1766263033}"
487a4e63-19e2-49ea-8c0a-3defff04ddf5,2025-12-20T20:37:14.372Z,INFO,"IncomingMessage:"
b09a0f1f-e895-4afc-bcd5-ace0ba4a7ea0,2025-12-20T20:37:14.373Z,INFO,"{""content"":""[Control Message]\nConfirmation ACK sent."",""chatId"":""5513991174080@c.us"",""author"":""5513991174080@c.us"",""metadata"":{""kind"":""ACK"",""block"":{""hash"":""c7179239d94bfddafe71d75d05e75ac86d981d50daf8ddfec17aeae8aabdc3c6"",""previousHash"":""a37d9fb30f0584ccaaaed995d04d579a4c6f5d0ad336d1937513aa5fa9749373"",""counter"":15,""commitedMessage"":""d7ac63655a70f92219a171a369f309dc72173332b3d4b98ed74685b96f4e6212""},""signature"":""1Mq7gXmrOGT1ispOmjY0h3wDGS4gU+mBdpnxFHF8YRJ5Lx1EjyKn76sSPcskflfG41Vj5SiaJyP8fhAIOHmcaQ==""},""messageId"":""false_5513991174080@c.us_3EB092E464C8D5B1691E89"",""timestamp"":1766263033}"
ad8bc7ce-0840-4184-ad17-a1e0683e17cb,2025-12-20T20:37:14.375Z,INFO,"Checking signature in ack."
51200b79-72ff-482f-9a8e-1cf36c4479bd,2025-12-20T20:37:14.376Z,INFO,"Verifying signature."
e84df571-5e9e-4917-bbe1-f4968e70e181,2025-12-20T20:37:14.377Z,INFO,"Finished verifying"
2c1a190d-bec5-4a1c-8e41-8154ab83c5fa,2025-12-20T20:37:22.164Z,INFO,"Message generated. Started calculating metadata."
019b082a-0bb7-43c3-8c8f-9b2dc01b251f,2025-12-20T20:37:22.173Z,INFO,"Initiated hashing."
ecf22fa4-7980-4235-8c0b-9abeaf53319c,2025-12-20T20:37:22.174Z,INFO,"Finished hashing."
994c779b-6721-4b87-8bcb-34dde73ee7e4,2025-12-20T20:37:22.175Z,INFO,"Generating signature."
1f80ea48-a89a-42c3-aaab-57e224efce57,2025-12-20T20:37:22.176Z,INFO,"Signature made."
30539a4a-05b2-47f2-94ab-31fbf281c017,2025-12-20T20:37:22.176Z,INFO,"Signature converted to string."
3359e999-1038-4b28-bcc9-761fa63cddd4,2025-12-20T20:37:22.184Z,INFO,"Sending message:"
543df795-1561-43b6-83bd-6ce1cc30949b,2025-12-20T20:37:22.184Z,INFO,"TX0u"
0718fff3-ffee-4e8c-9d47-67613b6d0a14,2025-12-20T20:37:22.215Z,INFO,"New message arrived: "
3ae6af2f-41d1-46a8-ba6d-79445af1dddc,2025-12-20T20:37:22.215Z,INFO,"{""content"":""TX0u"",""chatId"":""5513991174080@c.us"",""author"":""4915757901339@c.us"",""metadata"":{""kind"":""AUDITABLE"",""block"":{""hash"":""bc21f5bff04c84db35a32e290e8fd90cc6ff5c095d9341e290b307b6befb2988"",""previousHash"":""c7179239d94bfddafe71d75d05e75ac86d981d50daf8ddfec17aeae8aabdc3c6"",""counter"":16,""commitedMessage"":""918ac280f756004832413d2ace00436ea38859b026507423349d57e6c7f9de9e""},""signature"":""qQ5RbUsJsKRRTdg3HZHDivHJ4qFdJM+QfdKm4Rwrfjnlvvh00nzHcbNXMJrcy98Ayi6ZZK9Hqs+53GxDkZznwg==""},""messageId"":""true_5513991174080@c.us_3EB0D48CCEE9CCF503646B"",""timestamp"":1766263041}"
4264f2c8-d3d6-4821-b497-884699d52888,2025-12-20T20:37:22.233Z,INFO,"IncomingMessage:"
b9b68bde-34d0-4af8-b06e-7196e93553bb,2025-12-20T20:37:22.233Z,INFO,"{""content"":""TX0u"",""chatId"":""5513991174080@c.us"",""author"":""4915757901339@c.us"",""metadata"":{""kind"":""AUDITABLE"",""block"":{""hash"":""bc21f5bff04c84db35a32e290e8fd90cc6ff5c095d9341e290b307b6befb2988"",""previousHash"":""c7179239d94bfddafe71d75d05e75ac86d981d50daf8ddfec17aeae8aabdc3c6"",""counter"":16,""commitedMessage"":""918ac280f756004832413d2ace00436ea38859b026507423349d57e6c7f9de9e""},""signature"":""qQ5RbUsJsKRRTdg3HZHDivHJ4qFdJM+QfdKm4Rwrfjnlvvh00nzHcbNXMJrcy98Ayi6ZZK9Hqs+53GxDkZznwg==""},""messageId"":""true_5513991174080@c.us_3EB0D48CCEE9CCF503646B"",""timestamp"":1766263041}"
e3d2cb5f-29e0-4d73-b0a9-34d43492cad1,2025-12-20T20:37:22.878Z,INFO,"Message sent."
5225221c-a049-4517-9fe8-7b6dff772081,2025-12-20T20:37:22.879Z,INFO,"{""ack"":1,""from"":""4915757901339@c.us"",""id"":""true_5513991174080@c.us_3EB0D48CCEE9CCF503646B"",""sendMsgResult"":{""count"":null,""messageSendResult"":""OK"",""t"":1766263042},""to"":""5513991174080@c.us""}"
98438fac-36df-4d72-8f4e-17c3d81d3dc4,2025-12-20T20:37:23.603Z,INFO,"New message arrived: "
fbda19a0-8bb8-4012-b819-1b91ac7cc9f6,2025-12-20T20:37:23.603Z,INFO,"{""content"":""[Control Message]\nConfirmation ACK sent."",""chatId"":""5513991174080@c.us"",""author"":""5513991174080@c.us"",""metadata"":{""kind"":""ACK"",""block"":{""hash"":""bc21f5bff04c84db35a32e290e8fd90cc6ff5c095d9341e290b307b6befb2988"",""previousHash"":""c7179239d94bfddafe71d75d05e75ac86d981d50daf8ddfec17aeae8aabdc3c6"",""counter"":16,""commitedMessage"":""918ac280f756004832413d2ace00436ea38859b026507423349d57e6c7f9de9e""},""signature"":""OFZVA5/SvrcGl9fuWnHMjisTakaQStoKEU0Fut8MAShyFCypThSbKixjLtbyn4pjdZwmrtgrEzowd00GHC6TWA==""},""messageId"":""false_5513991174080@c.us_3EB0BABE8D63F9D13239B9"",""timestamp"":1766263043}"
14b813e3-424f-4747-a253-b25d9a853635,2025-12-20T20:37:24.290Z,INFO,"{""content"":""[Control Message]\nConfirmation ACK sent."",""chatId"":""5513991174080@c.us"",""author"":""5513991174080@c.us"",""metadata"":{""kind"":""ACK"",""block"":{""hash"":""bc21f5bff04c84db35a32e290e8fd90cc6ff5c095d9341e290b307b6befb2988"",""previousHash"":""c7179239d94bfddafe71d75d05e75ac86d981d50daf8ddfec17aeae8aabdc3c6"",""counter"":16,""commitedMessage"":""918ac280f756004832413d2ace00436ea38859b026507423349d57e6c7f9de9e""},""signature"":""OFZVA5/SvrcGl9fuWnHMjisTakaQStoKEU0Fut8MAShyFCypThSbKixjLtbyn4pjdZwmrtgrEzowd00GHC6TWA==""},""messageId"":""false_5513991174080@c.us_3EB0BABE8D63F9D13239B9"",""timestamp"":1766263043}"
e3514202-0f6d-4a4c-bb06-832693ba1715,2025-12-20T20:37:24.290Z,INFO,"IncomingMessage:"
8ac4ac98-bbcd-4e63-b2d8-20323c967855,2025-12-20T20:37:24.292Z,INFO,"Checking signature in ack."
7b9ffb0d-9696-435a-b620-0585e2bee52e,2025-12-20T20:37:24.294Z,INFO,"Verifying signature."
2d211896-ae6e-461a-ba54-33eb35dfaae4,2025-12-20T20:37:24.295Z,INFO,"Finished verifying"
25cde088-9d5a-4db8-b620-945523b976a2,2025-12-20T20:37:32.165Z,INFO,"Message generated. Started calculating metadata."
4067ec68-b3dd-45f0-929a-26a363948bfb,2025-12-20T20:37:32.174Z,INFO,"Initiated hashing."
eb1e3e34-1b1f-44e6-b419-db40ec3e32c1,2025-12-20T20:37:32.175Z,INFO,"Finished hashing."
60002f15-8b7f-4cc4-a731-4990f679ccd7,2025-12-20T20:37:32.176Z,INFO,"Generating signature."
174d5f4b-a63d-4ee3-b885-0851df0f9769,2025-12-20T20:37:32.177Z,INFO,"Signature converted to string."
c5800a2b-d8d5-4181-ac76-d88d4bf8a040,2025-12-20T20:37:32.177Z,INFO,"Signature made."
10e0e118-fe7a-486a-ab95-f3fb1d5c2aab,2025-12-20T20:37:32.183Z,INFO,"Sending message:"
96d3cc6b-27cb-4804-bbb4-81110e9ae99d,2025-12-20T20:37:32.184Z,INFO,"sm7G"
d3cfe3d5-70db-4637-8413-f6a5d1267581,2025-12-20T20:37:32.250Z,INFO,"New message arrived: "
b189f559-c571-44b9-a264-7deda627b08e,2025-12-20T20:37:32.251Z,INFO,"{""content"":""sm7G"",""chatId"":""5513991174080@c.us"",""author"":""4915757901339@c.us"",""metadata"":{""kind"":""AUDITABLE"",""block"":{""hash"":""20b13fdb6614a3ced0ab9ac97660dbafd470da55684cbfc71fd11b4b4f9cf48e"",""previousHash"":""bc21f5bff04c84db35a32e290e8fd90cc6ff5c095d9341e290b307b6befb2988"",""counter"":17,""commitedMessage"":""d44f159b50ef6dfec8dddefe7b850ee664e5f14408758f4cbaca8d62a511bda4""},""signature"":""81d1H1N0l6RXo+FGKjgTRk6fOKdApXDTxq2fofKmCPO0dXrwvLbChvANSYffI0Y1+UPIrN4eYM+QO/OT4kosVw==""},""messageId"":""true_5513991174080@c.us_3EB0C609F2683EB7E0855B"",""timestamp"":1766263051}"
1d00c582-445c-4311-b4af-dbf389786a86,2025-12-20T20:37:32.290Z,INFO,"{""content"":""sm7G"",""chatId"":""5513991174080@c.us"",""author"":""4915757901339@c.us"",""metadata"":{""kind"":""AUDITABLE"",""block"":{""hash"":""20b13fdb6614a3ced0ab9ac97660dbafd470da55684cbfc71fd11b4b4f9cf48e"",""previousHash"":""bc21f5bff04c84db35a32e290e8fd90cc6ff5c095d9341e290b307b6befb2988"",""counter"":17,""commitedMessage"":""d44f159b50ef6dfec8dddefe7b850ee664e5f14408758f4cbaca8d62a511bda4""},""signature"":""81d1H1N0l6RXo+FGKjgTRk6fOKdApXDTxq2fofKmCPO0dXrwvLbChvANSYffI0Y1+UPIrN4eYM+QO/OT4kosVw==""},""messageId"":""true_5513991174080@c.us_3EB0C609F2683EB7E0855B"",""timestamp"":1766263051}"
436fab3d-12e7-4b51-bc06-324a08fdef4f,2025-12-20T20:37:32.290Z,INFO,"IncomingMessage:"
0a712e17-a1dd-4bc1-bf2c-23b323f1ed7b,2025-12-20T20:37:32.922Z,INFO,"{""ack"":1,""from"":""4915757901339@c.us"",""id"":""true_5513991174080@c.us_3EB0C609F2683EB7E0855B"",""sendMsgResult"":{""count"":null,""messageSendResult"":""OK"",""t"":1766263052},""to"":""5513991174080@c.us""}"
43396b38-a116-4303-8efc-d006d08e9dd7,2025-12-20T20:37:32.922Z,INFO,"Message sent."
44a7da7a-b973-4193-8451-175ff27fbecb,2025-12-20T20:37:33.670Z,INFO,"New message arrived: "
e4e6c532-7b0d-4927-a126-8d3e0fe0e43f,2025-12-20T20:37:33.670Z,INFO,"{""content"":""[Control Message]\nConfirmation ACK sent."",""chatId"":""5513991174080@c.us"",""author"":""5513991174080@c.us"",""metadata"":{""kind"":""ACK"",""block"":{""hash"":""20b13fdb6614a3ced0ab9ac97660dbafd470da55684cbfc71fd11b4b4f9cf48e"",""previousHash"":""bc21f5bff04c84db35a32e290e8fd90cc6ff5c095d9341e290b307b6befb2988"",""counter"":17,""commitedMessage"":""d44f159b50ef6dfec8dddefe7b850ee664e5f14408758f4cbaca8d62a511bda4""},""signature"":""ev6G1FqyPqiiUTZKSR3HSPazzgaT1Ykejueda918tUS5uuKiGIcfGoeuRa+483FrJpt97eAwSDla0sxwfL7fag==""},""messageId"":""false_5513991174080@c.us_3EB063B32082FD594F5F9C"",""timestamp"":1766263053}"
8a7e834b-176d-4555-bbd8-c07b4d5d842f,2025-12-20T20:37:34.276Z,INFO,"IncomingMessage:"
d46ee90f-95ec-4c84-a28c-db968d6f8b3e,2025-12-20T20:37:34.277Z,INFO,"{""content"":""[Control Message]\nConfirmation ACK sent."",""chatId"":""5513991174080@c.us"",""author"":""5513991174080@c.us"",""metadata"":{""kind"":""ACK"",""block"":{""hash"":""20b13fdb6614a3ced0ab9ac97660dbafd470da55684cbfc71fd11b4b4f9cf48e"",""previousHash"":""bc21f5bff04c84db35a32e290e8fd90cc6ff5c095d9341e290b307b6befb2988"",""counter"":17,""commitedMessage"":""d44f159b50ef6dfec8dddefe7b850ee664e5f14408758f4cbaca8d62a511bda4""},""signature"":""ev6G1FqyPqiiUTZKSR3HSPazzgaT1Ykejueda918tUS5uuKiGIcfGoeuRa+483FrJpt97eAwSDla0sxwfL7fag==""},""messageId"":""false_5513991174080@c.us_3EB063B32082FD594F5F9C"",""timestamp"":1766263053}"
62b09b51-58a0-4e62-ba53-88b11253521a,2025-12-20T20:37:34.279Z,INFO,"Checking signature in ack."
f00c6605-a8eb-4bf4-958f-53f0311b2734,2025-12-20T20:37:34.281Z,INFO,"Verifying signature."
c8bbd701-81c0-4f13-acb4-45c70e2dd4b6,2025-12-20T20:37:34.282Z,INFO,"Finished verifying"
746f03ad-6360-4833-a10d-67acdc4eb842,2025-12-20T20:37:42.165Z,INFO,"Message generated. Started calculating metadata."
052c1b3a-8e9f-4ee5-909d-ae3a34a9dc90,2025-12-20T20:37:42.174Z,INFO,"Initiated hashing."
3de442bb-c9e4-4d15-8e29-c87e9ab15c57,2025-12-20T20:37:42.175Z,INFO,"Generating signature."
4183eef7-4f7d-496c-841e-eed5d6664eb0,2025-12-20T20:37:42.175Z,INFO,"Finished hashing."
a480ca89-e1c4-423d-9355-3aefa5b9f5c9,2025-12-20T20:37:42.176Z,INFO,"Signature converted to string."
f866f1df-c9e8-4672-ac0c-06f2a451b405,2025-12-20T20:37:42.176Z,INFO,"Signature made."
c78cdc77-004a-470a-98a7-a97c00e0eb96,2025-12-20T20:37:42.184Z,INFO,"Sending message:"
ee8742d3-913f-48b8-9368-eb6a3a985a70,2025-12-20T20:37:42.185Z,INFO,"QjUQ"
bc79ad4b-bce9-46ab-8028-5f4b98eb4da4,2025-12-20T20:37:42.230Z,INFO,"New message arrived: "
d623166d-d20f-4a31-955a-b09dee846481,2025-12-20T20:37:42.230Z,INFO,"{""content"":""QjUQ"",""chatId"":""5513991174080@c.us"",""author"":""4915757901339@c.us"",""metadata"":{""kind"":""AUDITABLE"",""block"":{""hash"":""548eb29fba69d0cff63f57192e884a92d1d843988856e672f3ab79a9f877fad7"",""previousHash"":""20b13fdb6614a3ced0ab9ac97660dbafd470da55684cbfc71fd11b4b4f9cf48e"",""counter"":18,""commitedMessage"":""cfd34282284e2e266528735b421c91e1aebd508e8fb386439011e0ca070ddd10""},""signature"":""oQIueDGlZnDMZ+piPnM1VNbHFZH4nNlaFvYGR1bjHvSz7ofpDJvH5D+xyPpWs4rcOBMIkQi9InMVfZBKwhu6Lg==""},""messageId"":""true_5513991174080@c.us_3EB03DA6776A06558436B5"",""timestamp"":1766263061}"
7062283e-90aa-4e3d-8fbd-8953baf438dd,2025-12-20T20:37:42.249Z,INFO,"IncomingMessage:"
8d6c4088-402f-4bcb-ae6a-e5005588e8f5,2025-12-20T20:37:42.250Z,INFO,"{""content"":""QjUQ"",""chatId"":""5513991174080@c.us"",""author"":""4915757901339@c.us"",""metadata"":{""kind"":""AUDITABLE"",""block"":{""hash"":""548eb29fba69d0cff63f57192e884a92d1d843988856e672f3ab79a9f877fad7"",""previousHash"":""20b13fdb6614a3ced0ab9ac97660dbafd470da55684cbfc71fd11b4b4f9cf48e"",""counter"":18,""commitedMessage"":""cfd34282284e2e266528735b421c91e1aebd508e8fb386439011e0ca070ddd10""},""signature"":""oQIueDGlZnDMZ+piPnM1VNbHFZH4nNlaFvYGR1bjHvSz7ofpDJvH5D+xyPpWs4rcOBMIkQi9InMVfZBKwhu6Lg==""},""messageId"":""true_5513991174080@c.us_3EB03DA6776A06558436B5"",""timestamp"":1766263061}"
2bf7347c-bb22-4054-9ed9-0ebae91915c8,2025-12-20T20:37:42.894Z,INFO,"Message sent."
ae276fcd-2b7c-4e5a-98cd-0dba61cfd281,2025-12-20T20:37:42.894Z,INFO,"{""ack"":1,""from"":""4915757901339@c.us"",""id"":""true_5513991174080@c.us_3EB03DA6776A06558436B5"",""sendMsgResult"":{""count"":null,""messageSendResult"":""OK"",""t"":1766263062},""to"":""5513991174080@c.us""}"
0d4d9cfe-1e3c-419d-9152-41c906e2873a,2025-12-20T20:37:43.600Z,INFO,"{""content"":""[Control Message]\nConfirmation ACK sent."",""chatId"":""5513991174080@c.us"",""author"":""5513991174080@c.us"",""metadata"":{""kind"":""ACK"",""block"":{""hash"":""548eb29fba69d0cff63f57192e884a92d1d843988856e672f3ab79a9f877fad7"",""previousHash"":""20b13fdb6614a3ced0ab9ac97660dbafd470da55684cbfc71fd11b4b4f9cf48e"",""counter"":18,""commitedMessage"":""cfd34282284e2e266528735b421c91e1aebd508e8fb386439011e0ca070ddd10""},""signature"":""o8wvLZPFBTYlBEHfiEppT/dQOmtbxjTn6S+3KvO7j0DMEVmDDBz2A9AkaaNSlPEHriL/mOA1FkD760xdUsTmEg==""},""messageId"":""false_5513991174080@c.us_3EB0443E463EE67325856B"",""timestamp"":1766263063}"
a4971888-051d-4bd7-aff5-d7b1f7c0afc6,2025-12-20T20:37:43.600Z,INFO,"New message arrived: "
3f52c321-494e-4e5f-a311-e62176a3063b,2025-12-20T20:37:44.279Z,INFO,"{""content"":""[Control Message]\nConfirmation ACK sent."",""chatId"":""5513991174080@c.us"",""author"":""5513991174080@c.us"",""metadata"":{""kind"":""ACK"",""block"":{""hash"":""548eb29fba69d0cff63f57192e884a92d1d843988856e672f3ab79a9f877fad7"",""previousHash"":""20b13fdb6614a3ced0ab9ac97660dbafd470da55684cbfc71fd11b4b4f9cf48e"",""counter"":18,""commitedMessage"":""cfd34282284e2e266528735b421c91e1aebd508e8fb386439011e0ca070ddd10""},""signature"":""o8wvLZPFBTYlBEHfiEppT/dQOmtbxjTn6S+3KvO7j0DMEVmDDBz2A9AkaaNSlPEHriL/mOA1FkD760xdUsTmEg==""},""messageId"":""false_5513991174080@c.us_3EB0443E463EE67325856B"",""timestamp"":1766263063}"
b8e96c27-885e-4b46-ae03-88480965d436,2025-12-20T20:37:44.279Z,INFO,"IncomingMessage:"
35114c9a-8a1a-4b02-a165-4f171dc8e162,2025-12-20T20:37:44.281Z,INFO,"Checking signature in ack."
ea979054-f4a4-4aa0-bdc6-8ebfce3d4ca9,2025-12-20T20:37:44.282Z,INFO,"Verifying signature."
df2899a4-94d4-43dc-9939-35ae21c1ba7b,2025-12-20T20:37:44.283Z,INFO,"Finished verifying"
222ad198-8da3-472f-9813-12851eb9c918,2025-12-20T20:37:52.164Z,INFO,"Message generated. Started calculating metadata."
385eaa57-7fd8-4294-89d1-d350c96fd2c2,2025-12-20T20:37:52.175Z,INFO,"Finished hashing."
fa0a53f1-3123-42d5-bee7-3f44b557817c,2025-12-20T20:37:52.175Z,INFO,"Initiated hashing."
cfc48be4-0884-4899-bad5-65758c8ca754,2025-12-20T20:37:52.176Z,INFO,"Generating signature."
66031c00-4105-4764-a681-122058aa6719,2025-12-20T20:37:52.177Z,INFO,"Signature made."
e36f7c85-3ca0-4559-8fd4-b284a13c577d,2025-12-20T20:37:52.177Z,INFO,"Signature converted to string."
b9b9e6fd-2ab0-4a7b-9022-b38731883a8d,2025-12-20T20:37:52.182Z,INFO,"Sending message:"
91f1e01f-d432-40bd-847e-3536a7e7d8a3,2025-12-20T20:37:52.183Z,INFO,"pCd9"
23c5a5e6-7b55-4022-b0e6-c0dd40af124f,2025-12-20T20:37:52.234Z,INFO,"New message arrived: "
3739eb94-a6a0-42e7-9ab1-02ff89df4364,2025-12-20T20:37:52.234Z,INFO,"{""content"":""pCd9"",""chatId"":""5513991174080@c.us"",""author"":""4915757901339@c.us"",""metadata"":{""kind"":""AUDITABLE"",""block"":{""hash"":""2460d5a0bad2ffc9eb391fa1fa9998d31add290bdb7886f5ff99b32d5c963042"",""previousHash"":""548eb29fba69d0cff63f57192e884a92d1d843988856e672f3ab79a9f877fad7"",""counter"":19,""commitedMessage"":""baf1d9d9b1524536c1030aa53c64f3c88dbf898c58320aca4f0d00bb5b4b3dd5""},""signature"":""JM/iGODZLknMj88gntUCOA/54CoF0JjXAeuC4zBIHQuH3paAFPW7fPt8UZNXJJ7nSlyDI7p7HqUNhI99LioS5w==""},""messageId"":""true_5513991174080@c.us_3EB08B3A1A649611303C9B"",""timestamp"":1766263071}"
38f3073b-fc7d-4b03-aff3-b961ac2f0e18,2025-12-20T20:37:52.256Z,INFO,"{""content"":""pCd9"",""chatId"":""5513991174080@c.us"",""author"":""4915757901339@c.us"",""metadata"":{""kind"":""AUDITABLE"",""block"":{""hash"":""2460d5a0bad2ffc9eb391fa1fa9998d31add290bdb7886f5ff99b32d5c963042"",""previousHash"":""548eb29fba69d0cff63f57192e884a92d1d843988856e672f3ab79a9f877fad7"",""counter"":19,""commitedMessage"":""baf1d9d9b1524536c1030aa53c64f3c88dbf898c58320aca4f0d00bb5b4b3dd5""},""signature"":""JM/iGODZLknMj88gntUCOA/54CoF0JjXAeuC4zBIHQuH3paAFPW7fPt8UZNXJJ7nSlyDI7p7HqUNhI99LioS5w==""},""messageId"":""true_5513991174080@c.us_3EB08B3A1A649611303C9B"",""timestamp"":1766263071}"
e04dff24-9ac1-4d95-98c4-aa984e38f118,2025-12-20T20:37:52.256Z,INFO,"IncomingMessage:"
75c1d52e-e36f-4687-9598-9cfe906036ee,2025-12-20T20:37:52.881Z,INFO,"Message sent."
535f1573-4f07-4e2f-87a1-61d9f9cabc30,2025-12-20T20:37:52.882Z,INFO,"{""ack"":1,""from"":""4915757901339@c.us"",""id"":""true_5513991174080@c.us_3EB08B3A1A649611303C9B"",""sendMsgResult"":{""count"":null,""messageSendResult"":""OK"",""t"":1766263072},""to"":""5513991174080@c.us""}"
f5f81247-3070-44cb-bdc3-cc354ccfd228,2025-12-20T20:37:53.513Z,INFO,"New message arrived: "
9cc418df-57b4-4605-890e-ce1c94b41af1,2025-12-20T20:37:53.514Z,INFO,"{""content"":""[Control Message]\nConfirmation ACK sent."",""chatId"":""5513991174080@c.us"",""author"":""5513991174080@c.us"",""metadata"":{""kind"":""ACK"",""block"":{""hash"":""2460d5a0bad2ffc9eb391fa1fa9998d31add290bdb7886f5ff99b32d5c963042"",""previousHash"":""548eb29fba69d0cff63f57192e884a92d1d843988856e672f3ab79a9f877fad7"",""counter"":19,""commitedMessage"":""baf1d9d9b1524536c1030aa53c64f3c88dbf898c58320aca4f0d00bb5b4b3dd5""},""signature"":""liSUn7HiyjoM9RW7FmaY6YCHF6cAx52TTnZm5gXjugaPUiFKfneT/dF4AGnpMmQehYeR17Dmj0EReW9eeUwVtg==""},""messageId"":""false_5513991174080@c.us_3EB0966D6A08A4B4D90EF2"",""timestamp"":1766263073}"
7f5ac44e-7519-4d04-a01d-eeb6949902b7,2025-12-20T20:37:54.192Z,INFO,"{""content"":""[Control Message]\nConfirmation ACK sent."",""chatId"":""5513991174080@c.us"",""author"":""5513991174080@c.us"",""metadata"":{""kind"":""ACK"",""block"":{""hash"":""2460d5a0bad2ffc9eb391fa1fa9998d31add290bdb7886f5ff99b32d5c963042"",""previousHash"":""548eb29fba69d0cff63f57192e884a92d1d843988856e672f3ab79a9f877fad7"",""counter"":19,""commitedMessage"":""baf1d9d9b1524536c1030aa53c64f3c88dbf898c58320aca4f0d00bb5b4b3dd5""},""signature"":""liSUn7HiyjoM9RW7FmaY6YCHF6cAx52TTnZm5gXjugaPUiFKfneT/dF4AGnpMmQehYeR17Dmj0EReW9eeUwVtg==""},""messageId"":""false_5513991174080@c.us_3EB0966D6A08A4B4D90EF2"",""timestamp"":1766263073}"
84c149fa-d9b0-4a0c-b0f3-1572d55a5ffc,2025-12-20T20:37:54.192Z,INFO,"IncomingMessage:"
2b0f9907-9b27-4991-9017-30ca8efd875f,2025-12-20T20:37:54.195Z,INFO,"Verifying signature."
b0665706-22cd-414f-9309-47541a9111ff,2025-12-20T20:37:54.195Z,INFO,"Checking signature in ack."
1887e47c-b63e-4055-8cc3-e24c15d652e6,2025-12-20T20:37:54.196Z,INFO,"Finished verifying"
68255254-85ab-4932-8282-1dc08438ec39,2025-12-20T20:38:02.164Z,INFO,"Message generated. Started calculating metadata."
cbcdcd84-3463-4ae6-b183-14818ce90976,2025-12-20T20:38:02.174Z,INFO,"Initiated hashing."
a22da30f-66b9-4ac6-b01e-191b007dd20c,2025-12-20T20:38:02.175Z,INFO,"Finished hashing."
9cdff517-f990-4da7-9d4b-aaaa0055a4d4,2025-12-20T20:38:02.176Z,INFO,"Generating signature."
0a52ac84-bb68-4d08-a068-5fd60654e65c,2025-12-20T20:38:02.177Z,INFO,"Signature made."
21ea8e48-a49a-48ff-a24b-de81d1e61296,2025-12-20T20:38:02.178Z,INFO,"Signature converted to string."
36b1d4d2-5b2c-4fc1-b3e1-7cb6356a0963,2025-12-20T20:38:02.183Z,INFO,"Sending message:"
081761c1-da75-4b2b-a25d-c0a69dd7299b,2025-12-20T20:38:02.184Z,INFO,"2FqJ"
9919c32d-d816-44e8-ba40-33a8cd643632,2025-12-20T20:38:02.251Z,INFO,"New message arrived: "
e03de02f-6808-4013-a213-26ac8c04061b,2025-12-20T20:38:02.251Z,INFO,"{""content"":""2FqJ"",""chatId"":""5513991174080@c.us"",""author"":""4915757901339@c.us"",""metadata"":{""kind"":""AUDITABLE"",""block"":{""hash"":""c22d400df2ae520dbaf1c2effce015cd5abd616035bf4e035a4ecfe74ecf9f6c"",""previousHash"":""2460d5a0bad2ffc9eb391fa1fa9998d31add290bdb7886f5ff99b32d5c963042"",""counter"":20,""commitedMessage"":""abcf55930264b8b5074fa0aee0dea058e1d0b67ffee583b5145bf0aa0d8cc38e""},""signature"":""ve7jCfZx/gtto9tODkN5HUfrA/dBluvwQRls83N6HFhqMJxd77+ClEltSW3he1DjZ2UAxC7tk1HFT1NQezw8rw==""},""messageId"":""true_5513991174080@c.us_3EB03B262FA991432531AD"",""timestamp"":1766263081}"
8d1535e7-b8ff-47b5-81a3-104520f6fa82,2025-12-20T20:38:02.284Z,INFO,"IncomingMessage:"
9288e789-bf4f-45fd-bd89-0338dbbe0ed7,2025-12-20T20:38:02.285Z,INFO,"{""content"":""2FqJ"",""chatId"":""5513991174080@c.us"",""author"":""4915757901339@c.us"",""metadata"":{""kind"":""AUDITABLE"",""block"":{""hash"":""c22d400df2ae520dbaf1c2effce015cd5abd616035bf4e035a4ecfe74ecf9f6c"",""previousHash"":""2460d5a0bad2ffc9eb391fa1fa9998d31add290bdb7886f5ff99b32d5c963042"",""counter"":20,""commitedMessage"":""abcf55930264b8b5074fa0aee0dea058e1d0b67ffee583b5145bf0aa0d8cc38e""},""signature"":""ve7jCfZx/gtto9tODkN5HUfrA/dBluvwQRls83N6HFhqMJxd77+ClEltSW3he1DjZ2UAxC7tk1HFT1NQezw8rw==""},""messageId"":""true_5513991174080@c.us_3EB03B262FA991432531AD"",""timestamp"":1766263081}"
143e161c-4916-4061-8497-cfedf302a0dd,2025-12-20T20:38:02.974Z,INFO,"{""ack"":1,""from"":""4915757901339@c.us"",""id"":""true_5513991174080@c.us_3EB03B262FA991432531AD"",""sendMsgResult"":{""count"":null,""messageSendResult"":""OK"",""t"":1766263082},""to"":""5513991174080@c.us""}"
f434be00-4c96-4330-903a-971d40af6595,2025-12-20T20:38:02.974Z,INFO,"Message sent."
59329223-56e2-4823-b85a-6381414dd065,2025-12-20T20:38:03.598Z,INFO,"{""content"":""[Control Message]\nConfirmation ACK sent."",""chatId"":""5513991174080@c.us"",""author"":""5513991174080@c.us"",""metadata"":{""kind"":""ACK"",""block"":{""hash"":""c22d400df2ae520dbaf1c2effce015cd5abd616035bf4e035a4ecfe74ecf9f6c"",""previousHash"":""2460d5a0bad2ffc9eb391fa1fa9998d31add290bdb7886f5ff99b32d5c963042"",""counter"":20,""commitedMessage"":""abcf55930264b8b5074fa0aee0dea058e1d0b67ffee583b5145bf0aa0d8cc38e""},""signature"":""BaflC3IOzHc0sbe4JDDzdz7zp8pe1IRFfs8BuCGCpMJmEIFohso8nvLTHnwPAB+Cs0EXwAihrLlCgc3cfvgU6A==""},""messageId"":""false_5513991174080@c.us_3EB02627FD91F1F61F05B6"",""timestamp"":1766263083}"
c9d228aa-fd34-4148-aa9a-97ff2a7f15a5,2025-12-20T20:38:03.598Z,INFO,"New message arrived: "
2ef1318c-9edc-4d10-a5a7-0fc3be54ccc1,2025-12-20T20:38:04.275Z,INFO,"IncomingMessage:"
f7eae138-ea9e-45f4-a5f5-01b453b7a3f0,2025-12-20T20:38:04.275Z,INFO,"{""content"":""[Control Message]\nConfirmation ACK sent."",""chatId"":""5513991174080@c.us"",""author"":""5513991174080@c.us"",""metadata"":{""kind"":""ACK"",""block"":{""hash"":""c22d400df2ae520dbaf1c2effce015cd5abd616035bf4e035a4ecfe74ecf9f6c"",""previousHash"":""2460d5a0bad2ffc9eb391fa1fa9998d31add290bdb7886f5ff99b32d5c963042"",""counter"":20,""commitedMessage"":""abcf55930264b8b5074fa0aee0dea058e1d0b67ffee583b5145bf0aa0d8cc38e""},""signature"":""BaflC3IOzHc0sbe4JDDzdz7zp8pe1IRFfs8BuCGCpMJmEIFohso8nvLTHnwPAB+Cs0EXwAihrLlCgc3cfvgU6A==""},""messageId"":""false_5513991174080@c.us_3EB02627FD91F1F61F05B6"",""timestamp"":1766263083}"
362aca55-3492-4a84-bfac-00ec22779e44,2025-12-20T20:38:04.278Z,INFO,"Verifying signature."
888429ab-f194-4162-bd22-460e74527193,2025-12-20T20:38:04.278Z,INFO,"Checking signature in ack."
c635811c-d558-4d34-88d1-8e60315036f5,2025-12-20T20:38:04.280Z,INFO,"Finished verifying"
485dfbf0-279d-4ed5-b085-c1a0c882c0b5,2025-12-20T20:38:12.160Z,INFO,"Message generated. Started calculating metadata."
4bca192b-fa9f-406d-8465-51ae19213dab,2025-12-20T20:38:12.170Z,INFO,"Initiated hashing."
0c81fd04-8455-4fd7-a8f3-78352f2f0eb7,2025-12-20T20:38:12.172Z,INFO,"Generating signature."
12166ddc-5c9d-4c32-96b0-f3110fb58a14,2025-12-20T20:38:12.172Z,INFO,"Finished hashing."
dae5d1a6-888a-4ba7-8854-680fb58e8759,2025-12-20T20:38:12.173Z,INFO,"Signature made."
0ef95b7d-9769-44ec-9a51-b7fee491a147,2025-12-20T20:38:12.174Z,INFO,"Signature converted to string."
3eaa5824-416d-49c2-a076-47e4c2a5ac83,2025-12-20T20:38:12.181Z,INFO,"Sending message:"
cd9f9d0d-caef-4638-97cd-1a63bcd58008,2025-12-20T20:38:12.182Z,INFO,"sBfl"
a6753a9b-2414-4541-8640-e97a61e61bfa,2025-12-20T20:38:12.226Z,INFO,"New message arrived: "
e2575e24-9732-445a-8692-eb78c6aaf551,2025-12-20T20:38:12.226Z,INFO,"{""content"":""sBfl"",""chatId"":""5513991174080@c.us"",""author"":""4915757901339@c.us"",""metadata"":{""kind"":""AUDITABLE"",""block"":{""hash"":""fd909a51643a0e094a0a8fd15e3387236542c0debbb50d8599b76ec11c6fdcf1"",""previousHash"":""c22d400df2ae520dbaf1c2effce015cd5abd616035bf4e035a4ecfe74ecf9f6c"",""counter"":21,""commitedMessage"":""7a4f7c992dd0d283ba2fae1a07bc906c44282309a6c0b96e44787f35cb26d2e2""},""signature"":""npCjI+v6HuyUkyKLcoAOWNNB6Nz5WBjN0CkBjzSljdNWlSe76EwqrqG/OuM2C4cbWe4e6aMtJbhp+WxDWRCR+A==""},""messageId"":""true_5513991174080@c.us_3EB0675965AB221EF9837D"",""timestamp"":1766263091}"
097eff99-bafb-4376-8faf-489d13793f71,2025-12-20T20:38:12.278Z,INFO,"{""content"":""sBfl"",""chatId"":""5513991174080@c.us"",""author"":""4915757901339@c.us"",""metadata"":{""kind"":""AUDITABLE"",""block"":{""hash"":""fd909a51643a0e094a0a8fd15e3387236542c0debbb50d8599b76ec11c6fdcf1"",""previousHash"":""c22d400df2ae520dbaf1c2effce015cd5abd616035bf4e035a4ecfe74ecf9f6c"",""counter"":21,""commitedMessage"":""7a4f7c992dd0d283ba2fae1a07bc906c44282309a6c0b96e44787f35cb26d2e2""},""signature"":""npCjI+v6HuyUkyKLcoAOWNNB6Nz5WBjN0CkBjzSljdNWlSe76EwqrqG/OuM2C4cbWe4e6aMtJbhp+WxDWRCR+A==""},""messageId"":""true_5513991174080@c.us_3EB0675965AB221EF9837D"",""timestamp"":1766263091}"
532b7177-2324-4257-8d48-fc7321728ce2,2025-12-20T20:38:12.278Z,INFO,"IncomingMessage:"
060ce76a-3a62-41a6-ac1b-d73cd0ad8841,2025-12-20T20:38:12.900Z,INFO,"Message sent."
7cb5942b-3e88-4307-abd5-4356e32c4186,2025-12-20T20:38:12.901Z,INFO,"{""ack"":1,""from"":""4915757901339@c.us"",""id"":""true_5513991174080@c.us_3EB0675965AB221EF9837D"",""sendMsgResult"":{""count"":null,""messageSendResult"":""OK"",""t"":1766263092},""to"":""5513991174080@c.us""}"
a25720b7-ddfa-4034-ad2a-d74ea0e3cd4a,2025-12-20T20:38:13.986Z,INFO,"New message arrived: "
c07e26a0-310f-4fb5-a4ca-1c0d40982a42,2025-12-20T20:38:13.986Z,INFO,"{""content"":""[Control Message]\nConfirmation ACK sent."",""chatId"":""5513991174080@c.us"",""author"":""5513991174080@c.us"",""metadata"":{""kind"":""ACK"",""block"":{""hash"":""fd909a51643a0e094a0a8fd15e3387236542c0debbb50d8599b76ec11c6fdcf1"",""previousHash"":""c22d400df2ae520dbaf1c2effce015cd5abd616035bf4e035a4ecfe74ecf9f6c"",""counter"":21,""commitedMessage"":""7a4f7c992dd0d283ba2fae1a07bc906c44282309a6c0b96e44787f35cb26d2e2""},""signature"":""NqBvxDFI0fb79YbVHPYxgSmzNUF+0xQ0rmQLJ57sf4MKFzCKysw/KIf0xekD4Lv+NHEXWQXw1BGhhezJG7tEYw==""},""messageId"":""false_5513991174080@c.us_3EB0CF748119277A778558"",""timestamp"":1766263093}"
6008ac5b-6fbf-4e13-9dc0-bbdbc64b8c40,2025-12-20T20:38:14.695Z,INFO,"IncomingMessage:"
f5b6ebdd-c749-4038-9499-f06bd425f8de,2025-12-20T20:38:14.696Z,INFO,"{""content"":""[Control Message]\nConfirmation ACK sent."",""chatId"":""5513991174080@c.us"",""author"":""5513991174080@c.us"",""metadata"":{""kind"":""ACK"",""block"":{""hash"":""fd909a51643a0e094a0a8fd15e3387236542c0debbb50d8599b76ec11c6fdcf1"",""previousHash"":""c22d400df2ae520dbaf1c2effce015cd5abd616035bf4e035a4ecfe74ecf9f6c"",""counter"":21,""commitedMessage"":""7a4f7c992dd0d283ba2fae1a07bc906c44282309a6c0b96e44787f35cb26d2e2""},""signature"":""NqBvxDFI0fb79YbVHPYxgSmzNUF+0xQ0rmQLJ57sf4MKFzCKysw/KIf0xekD4Lv+NHEXWQXw1BGhhezJG7tEYw==""},""messageId"":""false_5513991174080@c.us_3EB0CF748119277A778558"",""timestamp"":1766263093}"
10d8e83a-b1a7-402a-a5e6-dc73f5c1e82c,2025-12-20T20:38:14.698Z,INFO,"Checking signature in ack."
294ab110-67fb-45f8-bc75-0f5a0756ff5f,2025-12-20T20:38:14.699Z,INFO,"Verifying signature."
b3f0269c-4bf5-44eb-8a8f-51aa4b90fcc0,2025-12-20T20:38:14.701Z,INFO,"Finished verifying"
1f47df99-4369-48dc-aef8-c320ff02022e,2025-12-20T20:38:22.164Z,INFO,"Message generated. Started calculating metadata."
1f65c96f-785a-4e76-921d-1dd16e71531c,2025-12-20T20:38:22.173Z,INFO,"Initiated hashing."
22d0d3d9-edcd-41f7-b5a4-88b0b706c09d,2025-12-20T20:38:22.174Z,INFO,"Finished hashing."
9498c264-bd32-42f3-9d33-cfc94b5c6465,2025-12-20T20:38:22.175Z,INFO,"Generating signature."
b1b95426-5618-4708-b31e-5e569cb0dcab,2025-12-20T20:38:22.176Z,INFO,"Signature made."
27e8b819-35d4-4972-8904-0e5c65c931c9,2025-12-20T20:38:22.177Z,INFO,"Signature converted to string."
f3f376df-b2f3-4eed-a258-10a829fd536b,2025-12-20T20:38:22.184Z,INFO,"Sending message:"
9b5899ac-b964-4c4c-8383-48a71be502f3,2025-12-20T20:38:22.185Z,INFO,"G7C3"
b70dee17-6e7f-4d60-b72e-0abc1010bffd,2025-12-20T20:38:22.229Z,INFO,"New message arrived: "
52eee7e4-7dfc-4d1b-8b9a-b8a81e81108e,2025-12-20T20:38:22.230Z,INFO,"{""content"":""G7C3"",""chatId"":""5513991174080@c.us"",""author"":""4915757901339@c.us"",""metadata"":{""kind"":""AUDITABLE"",""block"":{""hash"":""577521ecbbb08649ed10369782793877c0e998b48eda05bebc31544037224539"",""previousHash"":""fd909a51643a0e094a0a8fd15e3387236542c0debbb50d8599b76ec11c6fdcf1"",""counter"":22,""commitedMessage"":""628d32581641065ec238b186399f9334696d18349ebc4de952ba187107b1f000""},""signature"":""hAjaFCTI8dabxgbQN84XU5xlwsI5IXlYvh2l7uLC1Vl9mhqUG6/7GL1Gdv7W6D6OlwAU3Zk5wELilzEzrNlOjw==""},""messageId"":""true_5513991174080@c.us_3EB032C9158E60A0DFA084"",""timestamp"":1766263101}"
7248b6a7-cba7-458a-b65e-ff759ce3607e,2025-12-20T20:38:22.243Z,INFO,"{""content"":""G7C3"",""chatId"":""5513991174080@c.us"",""author"":""4915757901339@c.us"",""metadata"":{""kind"":""AUDITABLE"",""block"":{""hash"":""577521ecbbb08649ed10369782793877c0e998b48eda05bebc31544037224539"",""previousHash"":""fd909a51643a0e094a0a8fd15e3387236542c0debbb50d8599b76ec11c6fdcf1"",""counter"":22,""commitedMessage"":""628d32581641065ec238b186399f9334696d18349ebc4de952ba187107b1f000""},""signature"":""hAjaFCTI8dabxgbQN84XU5xlwsI5IXlYvh2l7uLC1Vl9mhqUG6/7GL1Gdv7W6D6OlwAU3Zk5wELilzEzrNlOjw==""},""messageId"":""true_5513991174080@c.us_3EB032C9158E60A0DFA084"",""timestamp"":1766263101}"
a4a46c26-5c4c-4e86-99aa-c8f6d9e0b6bb,2025-12-20T20:38:22.243Z,INFO,"IncomingMessage:"
57432920-9ee7-47a6-bd0e-d68868f0bab7,2025-12-20T20:38:23.512Z,INFO,"{""ack"":1,""from"":""4915757901339@c.us"",""id"":""true_5513991174080@c.us_3EB032C9158E60A0DFA084"",""sendMsgResult"":{""count"":null,""messageSendResult"":""OK"",""t"":1766263102},""to"":""5513991174080@c.us""}"
d852a4e3-9efe-45fa-b87f-1f01188ddefe,2025-12-20T20:38:23.512Z,INFO,"Message sent."
1d81677f-7c66-475b-bb88-e776e8c1f53c,2025-12-20T20:38:24.735Z,INFO,"New message arrived: "
43472546-92b0-4e97-802a-0867d5262350,2025-12-20T20:38:24.735Z,INFO,"{""content"":""[Control Message]\nConfirmation ACK sent."",""chatId"":""5513991174080@c.us"",""author"":""5513991174080@c.us"",""metadata"":{""kind"":""ACK"",""block"":{""hash"":""577521ecbbb08649ed10369782793877c0e998b48eda05bebc31544037224539"",""previousHash"":""fd909a51643a0e094a0a8fd15e3387236542c0debbb50d8599b76ec11c6fdcf1"",""counter"":22,""commitedMessage"":""628d32581641065ec238b186399f9334696d18349ebc4de952ba187107b1f000""},""signature"":""PE/Ro9QxWkEK/TWFv5/NxQXa83zcFzSXjMlWWkOesKLeeYXTb+bUx9q+7tWiN7ulcOdRsKZYcxGcUrNFa2SDOg==""},""messageId"":""false_5513991174080@c.us_3EB0E886B454D5E24D278E"",""timestamp"":1766263104}"
7046b383-745b-4560-943d-dc603897e75a,2025-12-20T20:38:25.404Z,INFO,"{""content"":""[Control Message]\nConfirmation ACK sent."",""chatId"":""5513991174080@c.us"",""author"":""5513991174080@c.us"",""metadata"":{""kind"":""ACK"",""block"":{""hash"":""577521ecbbb08649ed10369782793877c0e998b48eda05bebc31544037224539"",""previousHash"":""fd909a51643a0e094a0a8fd15e3387236542c0debbb50d8599b76ec11c6fdcf1"",""counter"":22,""commitedMessage"":""628d32581641065ec238b186399f9334696d18349ebc4de952ba187107b1f000""},""signature"":""PE/Ro9QxWkEK/TWFv5/NxQXa83zcFzSXjMlWWkOesKLeeYXTb+bUx9q+7tWiN7ulcOdRsKZYcxGcUrNFa2SDOg==""},""messageId"":""false_5513991174080@c.us_3EB0E886B454D5E24D278E"",""timestamp"":1766263104}"
70b9f14d-cba8-49df-b577-c956cf480f5c,2025-12-20T20:38:25.404Z,INFO,"IncomingMessage:"
5c998ef8-1284-47de-849d-6d13f46a4a0a,2025-12-20T20:38:25.408Z,INFO,"Checking signature in ack."
b0b9c513-59d7-4759-83cf-788370a5e8fd,2025-12-20T20:38:25.409Z,INFO,"Verifying signature."
1abc51e9-2a15-4581-b0a1-93524090642f,2025-12-20T20:38:25.410Z,INFO,"Finished verifying"
139b63d7-6ce6-4a03-840d-e7847a35ec99,2025-12-20T20:38:32.164Z,INFO,"Message generated. Started calculating metadata."
d90b2d3f-621d-4738-a49d-a94f585d9f0f,2025-12-20T20:38:32.174Z,INFO,"Initiated hashing."
e29f7e6f-9739-40b0-874e-fe0dca9c3073,2025-12-20T20:38:32.175Z,INFO,"Finished hashing."
05acb165-fd4c-4cef-b599-480690a28cae,2025-12-20T20:38:32.176Z,INFO,"Generating signature."
6db0094c-6cd3-4065-a898-e9242b1b67d7,2025-12-20T20:38:32.177Z,INFO,"Signature made."
c0819e56-deea-4e05-abcc-871029cf2b7b,2025-12-20T20:38:32.179Z,INFO,"Signature converted to string."
543ded1b-7417-4d3f-902d-4c3e2da0d4c5,2025-12-20T20:38:32.190Z,INFO,"Sending message:"
807b5268-4585-47bb-883e-dc414cb76156,2025-12-20T20:38:32.190Z,INFO,"cHis"
5b78d4c5-b4db-49bb-ad89-fa376c965e06,2025-12-20T20:38:32.229Z,INFO,"New message arrived: "
df03410b-89a1-4f9d-b93c-97771e3a392a,2025-12-20T20:38:32.229Z,INFO,"{""content"":""cHis"",""chatId"":""5513991174080@c.us"",""author"":""4915757901339@c.us"",""metadata"":{""kind"":""AUDITABLE"",""block"":{""hash"":""5f92c886b1a8bb8ef471765b910e1746c07e0dba468ad058a7489372d7c3e1a9"",""previousHash"":""577521ecbbb08649ed10369782793877c0e998b48eda05bebc31544037224539"",""counter"":23,""commitedMessage"":""95de2891e61987acf332fb3292703507871ccb6409913d4ff0efc8b89893b170""},""signature"":""gOjswi/OyKTJtriJS1x8Coe7VL0mukkZN9zPiYHxSOA0jUHJm/Efs8m7W661Gdig4rKjC7vYnPMCmUWTO80mXA==""},""messageId"":""true_5513991174080@c.us_3EB0841083CFF4ECE8AE78"",""timestamp"":1766263111}"
ca7481ac-2ed4-44b7-9a9b-727e6ca8a026,2025-12-20T20:38:32.246Z,INFO,"IncomingMessage:"
d20b3e5a-1f59-413b-ac3b-d48dfc8dfc41,2025-12-20T20:38:32.246Z,INFO,"{""content"":""cHis"",""chatId"":""5513991174080@c.us"",""author"":""4915757901339@c.us"",""metadata"":{""kind"":""AUDITABLE"",""block"":{""hash"":""5f92c886b1a8bb8ef471765b910e1746c07e0dba468ad058a7489372d7c3e1a9"",""previousHash"":""577521ecbbb08649ed10369782793877c0e998b48eda05bebc31544037224539"",""counter"":23,""commitedMessage"":""95de2891e61987acf332fb3292703507871ccb6409913d4ff0efc8b89893b170""},""signature"":""gOjswi/OyKTJtriJS1x8Coe7VL0mukkZN9zPiYHxSOA0jUHJm/Efs8m7W661Gdig4rKjC7vYnPMCmUWTO80mXA==""},""messageId"":""true_5513991174080@c.us_3EB0841083CFF4ECE8AE78"",""timestamp"":1766263111}"
26b54e94-6fe0-40b0-8b9b-79756d1a77d9,2025-12-20T20:38:32.944Z,INFO,"Message sent."
facfa0b9-ad1c-4c21-aa40-243b339355a4,2025-12-20T20:38:32.944Z,INFO,"{""ack"":1,""from"":""4915757901339@c.us"",""id"":""true_5513991174080@c.us_3EB0841083CFF4ECE8AE78"",""sendMsgResult"":{""count"":null,""messageSendResult"":""OK"",""t"":1766263112},""to"":""5513991174080@c.us""}"
66914fc6-1060-466e-a59c-dd68ec7fd232,2025-12-20T20:38:33.967Z,INFO,"New message arrived: "
d35dba8e-2e47-4de1-a408-95e229a44a60,2025-12-20T20:38:33.967Z,INFO,"{""content"":""[Control Message]\nConfirmation ACK sent."",""chatId"":""5513991174080@c.us"",""author"":""5513991174080@c.us"",""metadata"":{""kind"":""ACK"",""block"":{""hash"":""5f92c886b1a8bb8ef471765b910e1746c07e0dba468ad058a7489372d7c3e1a9"",""previousHash"":""577521ecbbb08649ed10369782793877c0e998b48eda05bebc31544037224539"",""counter"":23,""commitedMessage"":""95de2891e61987acf332fb3292703507871ccb6409913d4ff0efc8b89893b170""},""signature"":""o1dUBtQwtPfta6sVTrR1S0LqxJzJAYbyEK/YrgrDW92XM0EH02z1ND+KKD6004Ko9Hd0szW/eJcuxZTmxenFCg==""},""messageId"":""false_5513991174080@c.us_3EB04FE27BBC008F007229"",""timestamp"":1766263113}"
bc2a1f07-26fb-46e1-9daa-c3b5fac103f1,2025-12-20T20:38:34.612Z,INFO,"IncomingMessage:"
8b8410f0-1dc6-4add-9320-219f70e0ab8c,2025-12-20T20:38:34.613Z,INFO,"{""content"":""[Control Message]\nConfirmation ACK sent."",""chatId"":""5513991174080@c.us"",""author"":""5513991174080@c.us"",""metadata"":{""kind"":""ACK"",""block"":{""hash"":""5f92c886b1a8bb8ef471765b910e1746c07e0dba468ad058a7489372d7c3e1a9"",""previousHash"":""577521ecbbb08649ed10369782793877c0e998b48eda05bebc31544037224539"",""counter"":23,""commitedMessage"":""95de2891e61987acf332fb3292703507871ccb6409913d4ff0efc8b89893b170""},""signature"":""o1dUBtQwtPfta6sVTrR1S0LqxJzJAYbyEK/YrgrDW92XM0EH02z1ND+KKD6004Ko9Hd0szW/eJcuxZTmxenFCg==""},""messageId"":""false_5513991174080@c.us_3EB04FE27BBC008F007229"",""timestamp"":1766263113}"
f40bece9-04fe-4b23-865e-4be7e1c8be3b,2025-12-20T20:38:34.617Z,INFO,"Checking signature in ack."
6f054139-5e34-486e-a9e6-ae632ce2448b,2025-12-20T20:38:34.618Z,INFO,"Verifying signature."
54d8a09f-2537-46bd-af0c-1cbb7ca7db22,2025-12-20T20:38:34.619Z,INFO,"Finished verifying"
1875a1d4-c5fb-4a45-aabe-7cbd56944448,2025-12-20T20:38:42.164Z,INFO,"Message generated. Started calculating metadata."
a9349606-a064-45e0-be10-90f6cb080394,2025-12-20T20:38:42.172Z,INFO,"Initiated hashing."
88c83293-bdf2-4247-a043-b9969a321233,2025-12-20T20:38:42.173Z,INFO,"Finished hashing."
e5113fab-c22b-474b-bd73-5e1f8ddce662,2025-12-20T20:38:42.174Z,INFO,"Generating signature."
727bd33f-232a-476d-a981-2e24fd78ddf1,2025-12-20T20:38:42.175Z,INFO,"Signature made."
20bae8c1-2860-4cfc-9e76-ad8ce5d5dd5d,2025-12-20T20:38:42.176Z,INFO,"Signature converted to string."
3b823bbb-635d-42d2-a090-4426a6eb2fae,2025-12-20T20:38:42.183Z,INFO,"Sending message:"
21541b5c-47b7-4fd6-82fe-4a31525e27a1,2025-12-20T20:38:42.184Z,INFO,"R6VP"
6b53ddda-63e2-4244-b1a0-5668b085e8c2,2025-12-20T20:38:42.215Z,INFO,"New message arrived: "
35cb2a4f-fe90-41be-9b0b-a26a04a5d71f,2025-12-20T20:38:42.216Z,INFO,"{""content"":""R6VP"",""chatId"":""5513991174080@c.us"",""author"":""4915757901339@c.us"",""metadata"":{""kind"":""AUDITABLE"",""block"":{""hash"":""11b5341066b77e6e97ba5e7c601df5ab99e350f5bc1cf9d3d0c160134c3fbac7"",""previousHash"":""5f92c886b1a8bb8ef471765b910e1746c07e0dba468ad058a7489372d7c3e1a9"",""counter"":24,""commitedMessage"":""8f320354abe9ea63a8c44e87e94e8a3a7850dfddf03131da24993eb915c3890d""},""signature"":""N7NITHkYf12kS7ZnVHPXpNjXozZYy8uvnwPgkOxc0LNCeQrV4WizCaJyj2xbDmzFkziaQpwOdBiC1BpIf+F/jg==""},""messageId"":""true_5513991174080@c.us_3EB0E215D0D3BF5E594491"",""timestamp"":1766263121}"
05591cd0-5c58-4773-bf5d-fc920b26f3b8,2025-12-20T20:38:42.234Z,INFO,"{""content"":""R6VP"",""chatId"":""5513991174080@c.us"",""author"":""4915757901339@c.us"",""metadata"":{""kind"":""AUDITABLE"",""block"":{""hash"":""11b5341066b77e6e97ba5e7c601df5ab99e350f5bc1cf9d3d0c160134c3fbac7"",""previousHash"":""5f92c886b1a8bb8ef471765b910e1746c07e0dba468ad058a7489372d7c3e1a9"",""counter"":24,""commitedMessage"":""8f320354abe9ea63a8c44e87e94e8a3a7850dfddf03131da24993eb915c3890d""},""signature"":""N7NITHkYf12kS7ZnVHPXpNjXozZYy8uvnwPgkOxc0LNCeQrV4WizCaJyj2xbDmzFkziaQpwOdBiC1BpIf+F/jg==""},""messageId"":""true_5513991174080@c.us_3EB0E215D0D3BF5E594491"",""timestamp"":1766263121}"
0da6a66e-13f6-4373-b679-9001f8ca9d8f,2025-12-20T20:38:42.234Z,INFO,"IncomingMessage:"
908e7090-9ed3-421f-a4fd-4387784d260d,2025-12-20T20:38:42.886Z,INFO,"{""ack"":1,""from"":""4915757901339@c.us"",""id"":""true_5513991174080@c.us_3EB0E215D0D3BF5E594491"",""sendMsgResult"":{""count"":null,""messageSendResult"":""OK"",""t"":1766263122},""to"":""5513991174080@c.us""}"
9b29c4fa-b200-4e2c-ac72-6da99ebd9971,2025-12-20T20:38:42.886Z,INFO,"Message sent."
20a9ce35-acfa-4b69-bf45-2166e0b6047e,2025-12-20T20:38:45.566Z,INFO,"{""content"":""[Control Message]\nConfirmation ACK sent."",""chatId"":""5513991174080@c.us"",""author"":""5513991174080@c.us"",""metadata"":{""kind"":""ACK"",""block"":{""hash"":""11b5341066b77e6e97ba5e7c601df5ab99e350f5bc1cf9d3d0c160134c3fbac7"",""previousHash"":""5f92c886b1a8bb8ef471765b910e1746c07e0dba468ad058a7489372d7c3e1a9"",""counter"":24,""commitedMessage"":""8f320354abe9ea63a8c44e87e94e8a3a7850dfddf03131da24993eb915c3890d""},""signature"":""Lzwp5ZlODGRTul/Gz8/IuPNK3YuSn/Z2WDwkJXBS1OGxi+teeZAkTUNXToGEJ6A4iUlf51+PI9+b7CdXAJwvKQ==""},""messageId"":""false_5513991174080@c.us_3EB07F9C8F88185F6FB18D"",""timestamp"":1766263123}"
5234f3c5-13e1-47dd-9037-e55ea4e2b755,2025-12-20T20:38:45.566Z,INFO,"New message arrived: "
016aebc6-78c8-46e1-8432-15f0fc8d6edf,2025-12-20T20:38:46.209Z,INFO,"IncomingMessage:"
732a4626-5dc8-44ee-a2ec-faebd5a99f8a,2025-12-20T20:38:46.209Z,INFO,"{""content"":""[Control Message]\nConfirmation ACK sent."",""chatId"":""5513991174080@c.us"",""author"":""5513991174080@c.us"",""metadata"":{""kind"":""ACK"",""block"":{""hash"":""11b5341066b77e6e97ba5e7c601df5ab99e350f5bc1cf9d3d0c160134c3fbac7"",""previousHash"":""5f92c886b1a8bb8ef471765b910e1746c07e0dba468ad058a7489372d7c3e1a9"",""counter"":24,""commitedMessage"":""8f320354abe9ea63a8c44e87e94e8a3a7850dfddf03131da24993eb915c3890d""},""signature"":""Lzwp5ZlODGRTul/Gz8/IuPNK3YuSn/Z2WDwkJXBS1OGxi+teeZAkTUNXToGEJ6A4iUlf51+PI9+b7CdXAJwvKQ==""},""messageId"":""false_5513991174080@c.us_3EB07F9C8F88185F6FB18D"",""timestamp"":1766263123}"
36acbc07-0f61-461d-90ce-e7711ad9cde6,2025-12-20T20:38:46.213Z,INFO,"Checking signature in ack."
5dc22687-e5de-4f84-8b10-a460c005e06a,2025-12-20T20:38:46.214Z,INFO,"Verifying signature."
972cdaba-7b99-4ced-9e2b-2cc0bbe2a1e7,2025-12-20T20:38:46.215Z,INFO,"Finished verifying"
c705d975-8e72-4d16-b3ed-8e1861feaf1e,2025-12-20T20:38:52.164Z,INFO,"Message generated. Started calculating metadata."
d5e3fbd7-2e96-4591-ae5a-2c3e36bbb76e,2025-12-20T20:38:52.173Z,INFO,"Initiated hashing."
05af1ad7-e73b-49f5-93fc-80842417c5f4,2025-12-20T20:38:52.174Z,INFO,"Finished hashing."
566eae56-b9ac-4063-8835-aff23f25a30a,2025-12-20T20:38:52.175Z,INFO,"Generating signature."
560ec222-c139-4083-86b1-11de9f754ba8,2025-12-20T20:38:52.176Z,INFO,"Signature made."
2ed646da-9da8-496e-a245-cabef2ba2c6c,2025-12-20T20:38:52.177Z,INFO,"Signature converted to string."
9285d5cf-4608-486d-99b4-29912144ea67,2025-12-20T20:38:52.185Z,INFO,"Sending message:"
5026ea45-0572-409d-8a27-97179798b14b,2025-12-20T20:38:52.186Z,INFO,"UoBD"
1b5aca2a-7d21-401d-a0b6-b02296429d93,2025-12-20T20:38:52.230Z,INFO,"New message arrived: "
0f93c4e4-88dd-4dc4-8842-c32c47813eb7,2025-12-20T20:38:52.231Z,INFO,"{""content"":""UoBD"",""chatId"":""5513991174080@c.us"",""author"":""4915757901339@c.us"",""metadata"":{""kind"":""AUDITABLE"",""block"":{""hash"":""e99c89ec0da689bd36189e6b3eb065c451337b5e9ea3c086803d69a1978df724"",""previousHash"":""11b5341066b77e6e97ba5e7c601df5ab99e350f5bc1cf9d3d0c160134c3fbac7"",""counter"":25,""commitedMessage"":""58312788e0a7b20d4d96b06cfa5d88a775d8eb8080ad7926e8ca84310286c185""},""signature"":""jk6L6uAs9FMLZqSzdRoilgRoobcDYdIJI1DrqF2vsVhgu4St24NvrxO5QGqWJ1b4nQWkvMbSe4pIr92LYiBMBw==""},""messageId"":""true_5513991174080@c.us_3EB0E1033A4EEF51B569B7"",""timestamp"":1766263131}"
1f75c7c4-f261-430c-ad85-64b8fe1b5d04,2025-12-20T20:38:52.262Z,INFO,"IncomingMessage:"
6ab16104-499c-4f92-9439-63ac50948dbb,2025-12-20T20:38:52.262Z,INFO,"{""content"":""UoBD"",""chatId"":""5513991174080@c.us"",""author"":""4915757901339@c.us"",""metadata"":{""kind"":""AUDITABLE"",""block"":{""hash"":""e99c89ec0da689bd36189e6b3eb065c451337b5e9ea3c086803d69a1978df724"",""previousHash"":""11b5341066b77e6e97ba5e7c601df5ab99e350f5bc1cf9d3d0c160134c3fbac7"",""counter"":25,""commitedMessage"":""58312788e0a7b20d4d96b06cfa5d88a775d8eb8080ad7926e8ca84310286c185""},""signature"":""jk6L6uAs9FMLZqSzdRoilgRoobcDYdIJI1DrqF2vsVhgu4St24NvrxO5QGqWJ1b4nQWkvMbSe4pIr92LYiBMBw==""},""messageId"":""true_5513991174080@c.us_3EB0E1033A4EEF51B569B7"",""timestamp"":1766263131}"
1f1135be-affd-4688-b08c-3243de52b630,2025-12-20T20:38:52.904Z,INFO,"Message sent."
3febeb18-3f31-42c4-a440-9fdae7320a97,2025-12-20T20:38:52.904Z,INFO,"{""ack"":1,""from"":""4915757901339@c.us"",""id"":""true_5513991174080@c.us_3EB0E1033A4EEF51B569B7"",""sendMsgResult"":{""count"":null,""messageSendResult"":""OK"",""t"":1766263132},""to"":""5513991174080@c.us""}"
e8ef2ec7-4a71-4161-a27c-753cf23f36d8,2025-12-20T20:38:53.525Z,INFO,"New message arrived: "
46d8fcd3-4675-434d-87df-a1e5482037d4,2025-12-20T20:38:53.526Z,INFO,"{""content"":""[Control Message]\nConfirmation ACK sent."",""chatId"":""5513991174080@c.us"",""author"":""5513991174080@c.us"",""metadata"":{""kind"":""ACK"",""block"":{""hash"":""e99c89ec0da689bd36189e6b3eb065c451337b5e9ea3c086803d69a1978df724"",""previousHash"":""11b5341066b77e6e97ba5e7c601df5ab99e350f5bc1cf9d3d0c160134c3fbac7"",""counter"":25,""commitedMessage"":""58312788e0a7b20d4d96b06cfa5d88a775d8eb8080ad7926e8ca84310286c185""},""signature"":""c2Qf3rPTaXFlhUMpq9sV5nQk/ey8HzOBKVgk7c/FBQStBVNhBv12gR0s2t6tGvqVUz0kIqIKetesdJ9TM30sqA==""},""messageId"":""false_5513991174080@c.us_3EB08FB3518F3FBCB4AB5C"",""timestamp"":1766263133}"
b28a0988-e09a-45db-9fca-348857d2a9e2,2025-12-20T20:38:54.170Z,INFO,"IncomingMessage:"
7dd33b22-bea2-44c8-aa57-17d2d6b88ef5,2025-12-20T20:38:54.171Z,INFO,"{""content"":""[Control Message]\nConfirmation ACK sent."",""chatId"":""5513991174080@c.us"",""author"":""5513991174080@c.us"",""metadata"":{""kind"":""ACK"",""block"":{""hash"":""e99c89ec0da689bd36189e6b3eb065c451337b5e9ea3c086803d69a1978df724"",""previousHash"":""11b5341066b77e6e97ba5e7c601df5ab99e350f5bc1cf9d3d0c160134c3fbac7"",""counter"":25,""commitedMessage"":""58312788e0a7b20d4d96b06cfa5d88a775d8eb8080ad7926e8ca84310286c185""},""signature"":""c2Qf3rPTaXFlhUMpq9sV5nQk/ey8HzOBKVgk7c/FBQStBVNhBv12gR0s2t6tGvqVUz0kIqIKetesdJ9TM30sqA==""},""messageId"":""false_5513991174080@c.us_3EB08FB3518F3FBCB4AB5C"",""timestamp"":1766263133}"
1f5243c8-6772-472a-8665-0d66b025d40c,2025-12-20T20:38:54.172Z,INFO,"Checking signature in ack."
977a1c5a-add6-4861-98e5-b6816def4cd0,2025-12-20T20:38:54.174Z,INFO,"Verifying signature."
677f3406-6f37-4ee7-a241-3088c747a31e,2025-12-20T20:38:54.175Z,INFO,"Finished verifying"
578a4f46-4302-4978-b967-3ed8248f57b2,2025-12-20T20:39:02.165Z,INFO,"Message generated. Started calculating metadata."
d0b337e7-b37f-4385-a96f-11c630d6664b,2025-12-20T20:39:02.176Z,INFO,"Initiated hashing."
ac815102-ad44-4007-916b-5179dbd84ca9,2025-12-20T20:39:02.177Z,INFO,"Finished hashing."
eefae8c5-297a-49f3-bc49-441e48d9b803,2025-12-20T20:39:02.178Z,INFO,"Generating signature."
4922b330-380a-45fc-aeed-4553356bbd50,2025-12-20T20:39:02.179Z,INFO,"Signature made."
862661a2-fe72-4e86-84e4-0276f2c6af94,2025-12-20T20:39:02.180Z,INFO,"Signature converted to string."
ff318a02-7c12-4558-aaa8-3fcc2a886d10,2025-12-20T20:39:02.185Z,INFO,"Sending message:"
4b77d4ce-788e-4ab5-820a-0f9a1a7f8870,2025-12-20T20:39:02.186Z,INFO,"jR 9"
93464466-1230-4a74-9ae1-fef0bd0745bb,2025-12-20T20:39:02.220Z,INFO,"New message arrived: "
07764f0e-e20d-4106-935f-c747695cbb15,2025-12-20T20:39:02.221Z,INFO,"{""content"":""jR 9"",""chatId"":""5513991174080@c.us"",""author"":""4915757901339@c.us"",""metadata"":{""kind"":""AUDITABLE"",""block"":{""hash"":""bc5e9cf5a9de040dbda8e489136ef5260144a1590c64ee3860c4eaf149bc8277"",""previousHash"":""e99c89ec0da689bd36189e6b3eb065c451337b5e9ea3c086803d69a1978df724"",""counter"":26,""commitedMessage"":""ea7625510d263add43976ada09a4c8122e114fa9ea1ca29e553f91f401aac6f3""},""signature"":""M4gr4Q4wxppjpLNmD9oP2/PbJ/xvlrvXvT9KAvqGWLF1Xd14gFHFr7jkF/i+u1ymUqy+mgojiq28QQQlC35WgA==""},""messageId"":""true_5513991174080@c.us_3EB0CEBCB7946FD9FF49F1"",""timestamp"":1766263141}"
10e9f11a-b10a-4fb4-9d1c-0291ed4452af,2025-12-20T20:39:02.267Z,INFO,"IncomingMessage:"
f66c86f9-6bb5-46f4-a182-da6862e92ab1,2025-12-20T20:39:02.267Z,INFO,"{""content"":""jR 9"",""chatId"":""5513991174080@c.us"",""author"":""4915757901339@c.us"",""metadata"":{""kind"":""AUDITABLE"",""block"":{""hash"":""bc5e9cf5a9de040dbda8e489136ef5260144a1590c64ee3860c4eaf149bc8277"",""previousHash"":""e99c89ec0da689bd36189e6b3eb065c451337b5e9ea3c086803d69a1978df724"",""counter"":26,""commitedMessage"":""ea7625510d263add43976ada09a4c8122e114fa9ea1ca29e553f91f401aac6f3""},""signature"":""M4gr4Q4wxppjpLNmD9oP2/PbJ/xvlrvXvT9KAvqGWLF1Xd14gFHFr7jkF/i+u1ymUqy+mgojiq28QQQlC35WgA==""},""messageId"":""true_5513991174080@c.us_3EB0CEBCB7946FD9FF49F1"",""timestamp"":1766263141}"
b4e94e51-edec-412a-bd41-d128e0a685db,2025-12-20T20:39:03.054Z,INFO,"{""ack"":1,""from"":""4915757901339@c.us"",""id"":""true_5513991174080@c.us_3EB0CEBCB7946FD9FF49F1"",""sendMsgResult"":{""count"":null,""messageSendResult"":""OK"",""t"":1766263142},""to"":""5513991174080@c.us""}"
e68eb2c0-86ef-4708-a2f2-f6126f73ee77,2025-12-20T20:39:03.054Z,INFO,"Message sent."
510725cf-6290-4af3-9476-f5d8fd040c99,2025-12-20T20:39:03.786Z,INFO,"New message arrived: "
bacd174a-89c3-4893-a0b8-aa2f2e3eef1d,2025-12-20T20:39:03.787Z,INFO,"{""content"":""[Control Message]\nConfirmation ACK sent."",""chatId"":""5513991174080@c.us"",""author"":""5513991174080@c.us"",""metadata"":{""kind"":""ACK"",""block"":{""hash"":""bc5e9cf5a9de040dbda8e489136ef5260144a1590c64ee3860c4eaf149bc8277"",""previousHash"":""e99c89ec0da689bd36189e6b3eb065c451337b5e9ea3c086803d69a1978df724"",""counter"":26,""commitedMessage"":""ea7625510d263add43976ada09a4c8122e114fa9ea1ca29e553f91f401aac6f3""},""signature"":""fQcaoZXvpGpn9bdutG6JIoRQiMa5TFDJunf1IFYYmJZJ5c2sxMA2Th2Q/2m0UO27N6F7WoGbNIkPlnVx+ulSYw==""},""messageId"":""false_5513991174080@c.us_3EB0445B66C66B02D83608"",""timestamp"":1766263143}"
2b7d2cb4-7fca-4390-8a18-1bd95f8f5720,2025-12-20T20:39:04.456Z,INFO,"IncomingMessage:"
68a1faaa-becd-4748-8d51-2d218f0ed2fe,2025-12-20T20:39:04.456Z,INFO,"{""content"":""[Control Message]\nConfirmation ACK sent."",""chatId"":""5513991174080@c.us"",""author"":""5513991174080@c.us"",""metadata"":{""kind"":""ACK"",""block"":{""hash"":""bc5e9cf5a9de040dbda8e489136ef5260144a1590c64ee3860c4eaf149bc8277"",""previousHash"":""e99c89ec0da689bd36189e6b3eb065c451337b5e9ea3c086803d69a1978df724"",""counter"":26,""commitedMessage"":""ea7625510d263add43976ada09a4c8122e114fa9ea1ca29e553f91f401aac6f3""},""signature"":""fQcaoZXvpGpn9bdutG6JIoRQiMa5TFDJunf1IFYYmJZJ5c2sxMA2Th2Q/2m0UO27N6F7WoGbNIkPlnVx+ulSYw==""},""messageId"":""false_5513991174080@c.us_3EB0445B66C66B02D83608"",""timestamp"":1766263143}"
be1f20de-7bfa-49ab-b3f9-c1ddaf7241c1,2025-12-20T20:39:04.460Z,INFO,"Checking signature in ack."
0953b807-8d29-4006-8fea-fc2c7d4be571,2025-12-20T20:39:04.461Z,INFO,"Verifying signature."
387348fa-9cb0-44d5-be75-403950da37b2,2025-12-20T20:39:04.462Z,INFO,"Finished verifying"
0cca4cfd-b549-4678-b15e-c69e9e28a564,2025-12-20T20:39:12.161Z,INFO,"Message generated. Started calculating metadata."
3d1725e3-b465-4d68-b6bb-5e850ebfb85d,2025-12-20T20:39:12.170Z,INFO,"Initiated hashing."
012b3fc3-a237-4bbb-ad96-327f6bcdcd35,2025-12-20T20:39:12.171Z,INFO,"Finished hashing."
55e31e40-c552-47d8-b5fe-24afec921b84,2025-12-20T20:39:12.172Z,INFO,"Signature made."
f051c10e-4813-4d22-afb4-80bdb3de11f4,2025-12-20T20:39:12.172Z,INFO,"Generating signature."
ac2d010b-0e46-49e2-8c76-d31ed5514b73,2025-12-20T20:39:12.173Z,INFO,"Signature converted to string."
0ea133d0-1fb6-4b3a-bedc-394905a5739d,2025-12-20T20:39:12.179Z,INFO,"Sending message:"
c13485c1-891d-4940-883a-7eb3bd47a1e7,2025-12-20T20:39:12.180Z,INFO,"bTnW"
00b29545-6f4a-41ab-9c36-e42d883a37c8,2025-12-20T20:39:12.223Z,INFO,"New message arrived: "
69ddaf55-c5b6-4cff-841e-4d47d09e404e,2025-12-20T20:39:12.224Z,INFO,"{""content"":""bTnW"",""chatId"":""5513991174080@c.us"",""author"":""4915757901339@c.us"",""metadata"":{""kind"":""AUDITABLE"",""block"":{""hash"":""ce352ba8a82e83e315b5e00ffe16e54cda801d774bc18a279a7eafe3cf6354ae"",""previousHash"":""bc5e9cf5a9de040dbda8e489136ef5260144a1590c64ee3860c4eaf149bc8277"",""counter"":27,""commitedMessage"":""1efa9b368cf0a721a6b62c86d66a9fa282f720354c1966f66880b68b2d36fbf3""},""signature"":""E42srqeh8R6oI9O7Lo3yTtnunS5rKw9gxad1m7LWipkA+uMfE7uYixwxkvm5chXI+M3xEZaevbYut5ihgSLVvQ==""},""messageId"":""true_5513991174080@c.us_3EB0A25D044C84E4E24D3C"",""timestamp"":1766263151}"
33a2e208-1fe4-4a6a-aea0-6bf537da654a,2025-12-20T20:39:12.237Z,INFO,"IncomingMessage:"
e69ee72c-87ef-4d93-901c-48066af41bd8,2025-12-20T20:39:12.238Z,INFO,"{""content"":""bTnW"",""chatId"":""5513991174080@c.us"",""author"":""4915757901339@c.us"",""metadata"":{""kind"":""AUDITABLE"",""block"":{""hash"":""ce352ba8a82e83e315b5e00ffe16e54cda801d774bc18a279a7eafe3cf6354ae"",""previousHash"":""bc5e9cf5a9de040dbda8e489136ef5260144a1590c64ee3860c4eaf149bc8277"",""counter"":27,""commitedMessage"":""1efa9b368cf0a721a6b62c86d66a9fa282f720354c1966f66880b68b2d36fbf3""},""signature"":""E42srqeh8R6oI9O7Lo3yTtnunS5rKw9gxad1m7LWipkA+uMfE7uYixwxkvm5chXI+M3xEZaevbYut5ihgSLVvQ==""},""messageId"":""true_5513991174080@c.us_3EB0A25D044C84E4E24D3C"",""timestamp"":1766263151}"
641c947d-f985-471e-b638-afb7cba2c213,2025-12-20T20:39:12.882Z,INFO,"{""ack"":1,""from"":""4915757901339@c.us"",""id"":""true_5513991174080@c.us_3EB0A25D044C84E4E24D3C"",""sendMsgResult"":{""count"":null,""messageSendResult"":""OK"",""t"":1766263152},""to"":""5513991174080@c.us""}"
b7fd155c-c1fa-419c-a495-424692614d1d,2025-12-20T20:39:12.882Z,INFO,"Message sent."
02417e73-83d7-4cdd-b38b-f3a995dd8d2d,2025-12-20T20:39:13.639Z,INFO,"New message arrived: "
aec20236-cbb4-460d-9605-cd153a9844f3,2025-12-20T20:39:13.639Z,INFO,"{""content"":""[Control Message]\nConfirmation ACK sent."",""chatId"":""5513991174080@c.us"",""author"":""5513991174080@c.us"",""metadata"":{""kind"":""ACK"",""block"":{""hash"":""ce352ba8a82e83e315b5e00ffe16e54cda801d774bc18a279a7eafe3cf6354ae"",""previousHash"":""bc5e9cf5a9de040dbda8e489136ef5260144a1590c64ee3860c4eaf149bc8277"",""counter"":27,""commitedMessage"":""1efa9b368cf0a721a6b62c86d66a9fa282f720354c1966f66880b68b2d36fbf3""},""signature"":""9b3CHUh68mZsQt+UnCAi4nS2f5EtRiRkHnGZkfkvUxfTIsf2t48Q/IyrsyfWah7V2fsEblJSn1zGKyzp2iZD5w==""},""messageId"":""false_5513991174080@c.us_3EB08EDB4C5214EDD66097"",""timestamp"":1766263153}"
1ad9e8ee-e140-4d12-83ff-16f0a84aa39d,2025-12-20T20:39:14.380Z,INFO,"IncomingMessage:"
244d8ec3-ac4c-44e7-a6c2-39728ceef189,2025-12-20T20:39:14.381Z,INFO,"{""content"":""[Control Message]\nConfirmation ACK sent."",""chatId"":""5513991174080@c.us"",""author"":""5513991174080@c.us"",""metadata"":{""kind"":""ACK"",""block"":{""hash"":""ce352ba8a82e83e315b5e00ffe16e54cda801d774bc18a279a7eafe3cf6354ae"",""previousHash"":""bc5e9cf5a9de040dbda8e489136ef5260144a1590c64ee3860c4eaf149bc8277"",""counter"":27,""commitedMessage"":""1efa9b368cf0a721a6b62c86d66a9fa282f720354c1966f66880b68b2d36fbf3""},""signature"":""9b3CHUh68mZsQt+UnCAi4nS2f5EtRiRkHnGZkfkvUxfTIsf2t48Q/IyrsyfWah7V2fsEblJSn1zGKyzp2iZD5w==""},""messageId"":""false_5513991174080@c.us_3EB08EDB4C5214EDD66097"",""timestamp"":1766263153}"
06bbd5b3-94a7-4346-a0f7-8090fe492b19,2025-12-20T20:39:14.382Z,INFO,"Checking signature in ack."
9435d848-cc8a-4601-96d3-d3d5250ba8c1,2025-12-20T20:39:14.384Z,INFO,"Verifying signature."
5171d87f-ffe2-47fb-850c-859df1ee4301,2025-12-20T20:39:14.385Z,INFO,"Finished verifying"
6e61b2bd-b39e-490a-b62a-8f3d73f2afba,2025-12-20T20:39:22.164Z,INFO,"Message generated. Started calculating metadata."
562b85f9-94bf-4075-8ed6-12f82b0f5cf1,2025-12-20T20:39:22.173Z,INFO,"Initiated hashing."
adf1f1d6-b4a6-4604-86d7-d15e5ee7b1c5,2025-12-20T20:39:22.174Z,INFO,"Finished hashing."
d6340cf5-f8f9-4be4-b515-420f99d7a2cc,2025-12-20T20:39:22.175Z,INFO,"Generating signature."
cec43f05-292d-45ef-beb0-3dafa3c5b65c,2025-12-20T20:39:22.176Z,INFO,"Signature made."
815c9ce6-c4b8-4e37-8e81-97e162d86d1a,2025-12-20T20:39:22.177Z,INFO,"Signature converted to string."
635c84b2-6f2a-45c2-b933-fe6c14150a10,2025-12-20T20:39:22.183Z,INFO,"Sending message:"
a0353d47-2940-4549-ba42-d781df4dcac1,2025-12-20T20:39:22.184Z,INFO,"6OsK"
c764b102-41b9-4778-918d-3fe60acf6f80,2025-12-20T20:39:22.222Z,INFO,"New message arrived: "
87e324a3-ce63-4192-afef-ab2138c03fc1,2025-12-20T20:39:22.223Z,INFO,"{""content"":""6OsK"",""chatId"":""5513991174080@c.us"",""author"":""4915757901339@c.us"",""metadata"":{""kind"":""AUDITABLE"",""block"":{""hash"":""273c64bd166b16adec60bcc4b43bb7dc11ee9c838e9bf6faa854e40f63553ef6"",""previousHash"":""ce352ba8a82e83e315b5e00ffe16e54cda801d774bc18a279a7eafe3cf6354ae"",""counter"":28,""commitedMessage"":""7ac1638f8e15008e148cb26271dd6cc7cf32cb1981e0c08a1d420acc098eea40""},""signature"":""RGtOB1fpIz4vOEjY15vymRMn8Tofs5m0W4ZMmiXdlgXLdvE7pu5w9dzwhTwz1eFgv96/MhCmUzEdW6MBcZHzDg==""},""messageId"":""true_5513991174080@c.us_3EB011BA5F5E78DDA76DCF"",""timestamp"":1766263161}"
830f0fa9-c032-43aa-9b78-2e2838dac89c,2025-12-20T20:39:22.241Z,INFO,"IncomingMessage:"
53fdfc53-1818-4d19-b214-5372e7f1f5e0,2025-12-20T20:39:22.242Z,INFO,"{""content"":""6OsK"",""chatId"":""5513991174080@c.us"",""author"":""4915757901339@c.us"",""metadata"":{""kind"":""AUDITABLE"",""block"":{""hash"":""273c64bd166b16adec60bcc4b43bb7dc11ee9c838e9bf6faa854e40f63553ef6"",""previousHash"":""ce352ba8a82e83e315b5e00ffe16e54cda801d774bc18a279a7eafe3cf6354ae"",""counter"":28,""commitedMessage"":""7ac1638f8e15008e148cb26271dd6cc7cf32cb1981e0c08a1d420acc098eea40""},""signature"":""RGtOB1fpIz4vOEjY15vymRMn8Tofs5m0W4ZMmiXdlgXLdvE7pu5w9dzwhTwz1eFgv96/MhCmUzEdW6MBcZHzDg==""},""messageId"":""true_5513991174080@c.us_3EB011BA5F5E78DDA76DCF"",""timestamp"":1766263161}"
60f704cc-c91f-4fcb-838a-57445e1a2b28,2025-12-20T20:39:22.977Z,INFO,"{""ack"":1,""from"":""4915757901339@c.us"",""id"":""true_5513991174080@c.us_3EB011BA5F5E78DDA76DCF"",""sendMsgResult"":{""count"":null,""messageSendResult"":""OK"",""t"":1766263162},""to"":""5513991174080@c.us""}"
e4f02f1b-4818-45ce-8894-fa1ad40e0eaa,2025-12-20T20:39:22.977Z,INFO,"Message sent."
2e199db6-220c-4ed2-8ac9-c1f2dd896cc0,2025-12-20T20:39:24.025Z,INFO,"New message arrived: "
d6ba03fb-f6e0-46f6-8947-3361dc2d4e14,2025-12-20T20:39:24.025Z,INFO,"{""content"":""[Control Message]\nConfirmation ACK sent."",""chatId"":""5513991174080@c.us"",""author"":""5513991174080@c.us"",""metadata"":{""kind"":""ACK"",""block"":{""hash"":""273c64bd166b16adec60bcc4b43bb7dc11ee9c838e9bf6faa854e40f63553ef6"",""previousHash"":""ce352ba8a82e83e315b5e00ffe16e54cda801d774bc18a279a7eafe3cf6354ae"",""counter"":28,""commitedMessage"":""7ac1638f8e15008e148cb26271dd6cc7cf32cb1981e0c08a1d420acc098eea40""},""signature"":""NDEL050CtGXRx3YSgG59bnsoKladuh5ZUmaupd4UCGVN06MVqwz7QCFHuwqZVH93d7jV+aH/sFvGRw28qNQgLg==""},""messageId"":""false_5513991174080@c.us_3EB04E0CA773902FE32506"",""timestamp"":1766263163}"
622268a6-01d4-4e08-936b-e16ba98f3f50,2025-12-20T20:39:24.717Z,INFO,"{""content"":""[Control Message]\nConfirmation ACK sent."",""chatId"":""5513991174080@c.us"",""author"":""5513991174080@c.us"",""metadata"":{""kind"":""ACK"",""block"":{""hash"":""273c64bd166b16adec60bcc4b43bb7dc11ee9c838e9bf6faa854e40f63553ef6"",""previousHash"":""ce352ba8a82e83e315b5e00ffe16e54cda801d774bc18a279a7eafe3cf6354ae"",""counter"":28,""commitedMessage"":""7ac1638f8e15008e148cb26271dd6cc7cf32cb1981e0c08a1d420acc098eea40""},""signature"":""NDEL050CtGXRx3YSgG59bnsoKladuh5ZUmaupd4UCGVN06MVqwz7QCFHuwqZVH93d7jV+aH/sFvGRw28qNQgLg==""},""messageId"":""false_5513991174080@c.us_3EB04E0CA773902FE32506"",""timestamp"":1766263163}"
99b7f96c-79ce-4faa-b5d5-7cb52381762a,2025-12-20T20:39:24.717Z,INFO,"IncomingMessage:"
369b56cf-9a53-45c5-82a7-ff562f429aaf,2025-12-20T20:39:24.722Z,INFO,"Checking signature in ack."
1e6cdc45-f969-432d-bc89-7c52129d8f62,2025-12-20T20:39:24.723Z,INFO,"Verifying signature."
189f43cd-340b-4948-b466-5fc815a1be8f,2025-12-20T20:39:24.724Z,INFO,"Finished verifying"
adcdf58f-cd48-4811-881d-182015c75fe8,2025-12-20T20:39:32.161Z,INFO,"Message generated. Started calculating metadata."
ece88448-9e06-4e6c-a8c5-831ad88148f8,2025-12-20T20:39:32.177Z,INFO,"Initiated hashing."
7af0a85c-adb1-4efb-b8e0-2a7418e83460,2025-12-20T20:39:32.178Z,INFO,"Finished hashing."
6cd13d79-9450-41b9-8bd0-f22e55fa50d6,2025-12-20T20:39:32.179Z,INFO,"Generating signature."
5c9ccf9c-4f0c-41a0-b946-45bbdfe033b0,2025-12-20T20:39:32.180Z,INFO,"Signature made."
6013ce38-9602-4c7e-82cd-9f1c867ff182,2025-12-20T20:39:32.181Z,INFO,"Signature converted to string."
d479ca19-f85a-49e3-a2b0-3e298256d506,2025-12-20T20:39:32.187Z,INFO,"Sending message:"
d09429f0-bed1-456c-9617-1ca524606706,2025-12-20T20:39:32.188Z,INFO,"oPWa"
e3be1d09-c9de-47f1-bf7f-c7f5def123b6,2025-12-20T20:39:32.228Z,INFO,"New message arrived: "
2b40d35c-3a93-457c-8336-2e45ac301d89,2025-12-20T20:39:32.229Z,INFO,"{""content"":""oPWa"",""chatId"":""5513991174080@c.us"",""author"":""4915757901339@c.us"",""metadata"":{""kind"":""AUDITABLE"",""block"":{""hash"":""76760c4ee792ea52d48b6d7884106542d08fccffd4e583b0e2ed9592ad220518"",""previousHash"":""273c64bd166b16adec60bcc4b43bb7dc11ee9c838e9bf6faa854e40f63553ef6"",""counter"":29,""commitedMessage"":""381ea3ea4d03ccb32e4b63907e51beacdab6e963d4c4aea6718efffb9cac3a91""},""signature"":""lVLFJTtf2s7iNvn21FA7jmFW8yCKhJ+tAk8LQ6EDK+Cn3mwIFdF+SkH4IYHTPMq/6JatUJI8RQaY9cMVz69ELw==""},""messageId"":""true_5513991174080@c.us_3EB0FB40824EB15CE910D2"",""timestamp"":1766263171}"
d991466f-88c9-4462-b6a7-e878b9b6db16,2025-12-20T20:39:32.248Z,INFO,"IncomingMessage:"
07838b5f-58c7-4916-a292-a2071232f994,2025-12-20T20:39:32.249Z,INFO,"{""content"":""oPWa"",""chatId"":""5513991174080@c.us"",""author"":""4915757901339@c.us"",""metadata"":{""kind"":""AUDITABLE"",""block"":{""hash"":""76760c4ee792ea52d48b6d7884106542d08fccffd4e583b0e2ed9592ad220518"",""previousHash"":""273c64bd166b16adec60bcc4b43bb7dc11ee9c838e9bf6faa854e40f63553ef6"",""counter"":29,""commitedMessage"":""381ea3ea4d03ccb32e4b63907e51beacdab6e963d4c4aea6718efffb9cac3a91""},""signature"":""lVLFJTtf2s7iNvn21FA7jmFW8yCKhJ+tAk8LQ6EDK+Cn3mwIFdF+SkH4IYHTPMq/6JatUJI8RQaY9cMVz69ELw==""},""messageId"":""true_5513991174080@c.us_3EB0FB40824EB15CE910D2"",""timestamp"":1766263171}"
c5d722c4-0cd3-4ff4-826f-d019f5011702,2025-12-20T20:39:32.902Z,INFO,"Message sent."
1625f5d2-5f62-4a83-878c-9ebc42d47073,2025-12-20T20:39:32.903Z,INFO,"{""ack"":1,""from"":""4915757901339@c.us"",""id"":""true_5513991174080@c.us_3EB0FB40824EB15CE910D2"",""sendMsgResult"":{""count"":null,""messageSendResult"":""OK"",""t"":1766263172},""to"":""5513991174080@c.us""}"
7d783a21-9707-4a7d-bd71-76e844d97bf9,2025-12-20T20:39:33.668Z,INFO,"New message arrived: "
236b080b-9f14-4aa3-aab9-f7ba12e9e045,2025-12-20T20:39:33.669Z,INFO,"{""content"":""[Control Message]\nConfirmation ACK sent."",""chatId"":""5513991174080@c.us"",""author"":""5513991174080@c.us"",""metadata"":{""kind"":""ACK"",""block"":{""hash"":""76760c4ee792ea52d48b6d7884106542d08fccffd4e583b0e2ed9592ad220518"",""previousHash"":""273c64bd166b16adec60bcc4b43bb7dc11ee9c838e9bf6faa854e40f63553ef6"",""counter"":29,""commitedMessage"":""381ea3ea4d03ccb32e4b63907e51beacdab6e963d4c4aea6718efffb9cac3a91""},""signature"":""TjQY5v4d7F5ClH6lA2I4TQKQjVSwmpI4lOV0V3a+UOQOT6/+ESLkCJDlAHAaPESUxAgZNbL5BnLFiD1xB9mG+w==""},""messageId"":""false_5513991174080@c.us_3EB0E56F531AA335FFE608"",""timestamp"":1766263173}"
90ccfb1e-3171-47d7-bb8d-6c05193942ea,2025-12-20T20:39:34.402Z,INFO,"IncomingMessage:"
f6f080d7-599f-43e8-b24f-23dbd6ff0eb9,2025-12-20T20:39:34.402Z,INFO,"{""content"":""[Control Message]\nConfirmation ACK sent."",""chatId"":""5513991174080@c.us"",""author"":""5513991174080@c.us"",""metadata"":{""kind"":""ACK"",""block"":{""hash"":""76760c4ee792ea52d48b6d7884106542d08fccffd4e583b0e2ed9592ad220518"",""previousHash"":""273c64bd166b16adec60bcc4b43bb7dc11ee9c838e9bf6faa854e40f63553ef6"",""counter"":29,""commitedMessage"":""381ea3ea4d03ccb32e4b63907e51beacdab6e963d4c4aea6718efffb9cac3a91""},""signature"":""TjQY5v4d7F5ClH6lA2I4TQKQjVSwmpI4lOV0V3a+UOQOT6/+ESLkCJDlAHAaPESUxAgZNbL5BnLFiD1xB9mG+w==""},""messageId"":""false_5513991174080@c.us_3EB0E56F531AA335FFE608"",""timestamp"":1766263173}"
f15bec35-ffff-4f7f-b82b-490252213c7a,2025-12-20T20:39:34.407Z,INFO,"Checking signature in ack."
bfbd7c03-362d-41fa-85f2-23b233a57477,2025-12-20T20:39:34.408Z,INFO,"Verifying signature."
eb6edf26-e70f-4512-83df-2a15cb1ccdc6,2025-12-20T20:39:34.410Z,INFO,"Finished verifying"
1536a8d8-602d-4528-8c42-b25ef3604009,2025-12-20T20:39:42.165Z,INFO,"Message generated. Started calculating metadata."
5b00e1d8-29f0-434d-b479-db04487e50fd,2025-12-20T20:39:42.175Z,INFO,"Initiated hashing."
f8ab1a35-3061-4783-a610-1d95cfa9eb07,2025-12-20T20:39:42.176Z,INFO,"Finished hashing."
263fe96a-c576-438d-9db4-a4b62f429057,2025-12-20T20:39:42.177Z,INFO,"Generating signature."
87f28247-34f9-4b32-a6df-15059e960003,2025-12-20T20:39:42.178Z,INFO,"Signature converted to string."
8f23b2e3-dafc-4382-af8e-37fa8f5557e9,2025-12-20T20:39:42.178Z,INFO,"Signature made."
760c7869-f03f-4b94-a2ae-fb2c227b678a,2025-12-20T20:39:42.187Z,INFO,"VjSn"
84a16027-b5b2-43d6-9cd7-e086e747ce62,2025-12-20T20:39:42.187Z,INFO,"Sending message:"
5f5b0d77-f0a2-48ea-b198-b28f2cba844d,2025-12-20T20:39:42.226Z,INFO,"New message arrived: "
7ed4a49e-5424-4916-9b66-502bd883c92e,2025-12-20T20:39:42.227Z,INFO,"{""content"":""VjSn"",""chatId"":""5513991174080@c.us"",""author"":""4915757901339@c.us"",""metadata"":{""kind"":""AUDITABLE"",""block"":{""hash"":""4c80cc030cba3b7f16b216c26e273f698a8ab3722989d121fd98f7e37eb16f12"",""previousHash"":""76760c4ee792ea52d48b6d7884106542d08fccffd4e583b0e2ed9592ad220518"",""counter"":30,""commitedMessage"":""784989812f52239e4adef0dca8672ebfae87c8bf49014275a96a224a485348df""},""signature"":""23s2dcw4dLYQbGj7iL6PaFryMBd4wQFDuECZ4DYYYa9i4iAFXkgYC9DC6HIq6mPsAMi3IV6ZFnS2chblpHO7hA==""},""messageId"":""true_5513991174080@c.us_3EB0A515407E11A4A733A9"",""timestamp"":1766263181}"
52102c4f-a42a-49a0-acd7-5376024232f0,2025-12-20T20:39:42.244Z,INFO,"IncomingMessage:"
474d1175-2f57-4986-96c9-853fa3d41231,2025-12-20T20:39:42.245Z,INFO,"{""content"":""VjSn"",""chatId"":""5513991174080@c.us"",""author"":""4915757901339@c.us"",""metadata"":{""kind"":""AUDITABLE"",""block"":{""hash"":""4c80cc030cba3b7f16b216c26e273f698a8ab3722989d121fd98f7e37eb16f12"",""previousHash"":""76760c4ee792ea52d48b6d7884106542d08fccffd4e583b0e2ed9592ad220518"",""counter"":30,""commitedMessage"":""784989812f52239e4adef0dca8672ebfae87c8bf49014275a96a224a485348df""},""signature"":""23s2dcw4dLYQbGj7iL6PaFryMBd4wQFDuECZ4DYYYa9i4iAFXkgYC9DC6HIq6mPsAMi3IV6ZFnS2chblpHO7hA==""},""messageId"":""true_5513991174080@c.us_3EB0A515407E11A4A733A9"",""timestamp"":1766263181}"
9f20410c-494f-48e2-834b-d3513ee423cf,2025-12-20T20:39:42.951Z,INFO,"Message sent."
73795e53-e9ed-42ea-b3ca-48923c61acc5,2025-12-20T20:39:42.952Z,INFO,"{""ack"":1,""from"":""4915757901339@c.us"",""id"":""true_5513991174080@c.us_3EB0A515407E11A4A733A9"",""sendMsgResult"":{""count"":null,""messageSendResult"":""OK"",""t"":1766263182},""to"":""5513991174080@c.us""}"
0eeb7002-caa3-4723-ba09-ec79dddb1739,2025-12-20T20:39:43.694Z,INFO,"New message arrived: "
10957486-3050-4c16-8f9c-0ff6c2fe8006,2025-12-20T20:39:43.695Z,INFO,"{""content"":""[Control Message]\nConfirmation ACK sent."",""chatId"":""5513991174080@c.us"",""author"":""5513991174080@c.us"",""metadata"":{""kind"":""ACK"",""block"":{""hash"":""4c80cc030cba3b7f16b216c26e273f698a8ab3722989d121fd98f7e37eb16f12"",""previousHash"":""76760c4ee792ea52d48b6d7884106542d08fccffd4e583b0e2ed9592ad220518"",""counter"":30,""commitedMessage"":""784989812f52239e4adef0dca8672ebfae87c8bf49014275a96a224a485348df""},""signature"":""eUaoJ9LMDguNgC1CaV74YjO4ElD939jSzqs9UPcY000h1VGd5218+fCUxnpDUTWAtBEJxUCmjK068MjPiCX7Vw==""},""messageId"":""false_5513991174080@c.us_3EB04FE3EDAB229538CAFE"",""timestamp"":1766263183}"
e9db09a9-6fbd-49b5-a036-0ac217434d5d,2025-12-20T20:39:44.356Z,INFO,"IncomingMessage:"
90cc6776-a557-426b-9b8b-e0e06dd25bc4,2025-12-20T20:39:44.357Z,INFO,"{""content"":""[Control Message]\nConfirmation ACK sent."",""chatId"":""5513991174080@c.us"",""author"":""5513991174080@c.us"",""metadata"":{""kind"":""ACK"",""block"":{""hash"":""4c80cc030cba3b7f16b216c26e273f698a8ab3722989d121fd98f7e37eb16f12"",""previousHash"":""76760c4ee792ea52d48b6d7884106542d08fccffd4e583b0e2ed9592ad220518"",""counter"":30,""commitedMessage"":""784989812f52239e4adef0dca8672ebfae87c8bf49014275a96a224a485348df""},""signature"":""eUaoJ9LMDguNgC1CaV74YjO4ElD939jSzqs9UPcY000h1VGd5218+fCUxnpDUTWAtBEJxUCmjK068MjPiCX7Vw==""},""messageId"":""false_5513991174080@c.us_3EB04FE3EDAB229538CAFE"",""timestamp"":1766263183}"
58b6fe11-6f9d-4dce-9f65-a92106c426f3,2025-12-20T20:39:44.368Z,INFO,"Checking signature in ack."
36c4dd89-e334-456c-82d9-74f231b33c06,2025-12-20T20:39:44.373Z,INFO,"Verifying signature."
99af09e5-e3c5-4a6a-a766-d0e5f7a7f9be,2025-12-20T20:39:44.374Z,INFO,"Finished verifying"
506f2630-62cf-4848-a62c-49b9faf55865,2025-12-20T20:39:52.164Z,INFO,"Message generated. Started calculating metadata."
9a881db3-9603-42af-808c-e62093219fc2,2025-12-20T20:39:52.174Z,INFO,"Initiated hashing."
66e09aba-65bf-4a7b-a41b-9bf45be64a20,2025-12-20T20:39:52.175Z,INFO,"Generating signature."
90144420-8275-4857-9867-18ddf080b9c9,2025-12-20T20:39:52.175Z,INFO,"Finished hashing."
08b612a1-ba8c-4f09-82e3-72d5ef819ad0,2025-12-20T20:39:52.176Z,INFO,"Signature made."
655e0b80-e053-472b-b4ec-926ab6049081,2025-12-20T20:39:52.176Z,INFO,"Signature converted to string."
b4d5fff5-e909-4345-b0c9-63c04e7d09ea,2025-12-20T20:39:52.182Z,INFO,"Sending message:"
5457d22d-6de2-4c1f-b664-f98b317a753a,2025-12-20T20:39:52.183Z,INFO,"tM1p"
c0861f41-13cb-4968-9d84-76cb70679fb7,2025-12-20T20:39:52.234Z,INFO,"New message arrived: "
c51e96ff-1ae0-488c-b431-f1d2e2142df6,2025-12-20T20:39:52.234Z,INFO,"{""content"":""tM1p"",""chatId"":""5513991174080@c.us"",""author"":""4915757901339@c.us"",""metadata"":{""kind"":""AUDITABLE"",""block"":{""hash"":""829a2410997e64ae5ec74fc8d8cedcabd491f364773db46aeab70734bb2e7554"",""previousHash"":""4c80cc030cba3b7f16b216c26e273f698a8ab3722989d121fd98f7e37eb16f12"",""counter"":31,""commitedMessage"":""4983f9ea3de6197defa5cdb7022735d0f51b961a4f34c660f5d62a8b003df1ea""},""signature"":""kPSUFKzuHFljsVcpci8pUFOaGf6r52m+zXucjiincGaCubSsazGpu+L1lUoftSxJcjRosIZyLwlvA6+Tku9zMg==""},""messageId"":""true_5513991174080@c.us_3EB0B95A7FFC7F80A6901E"",""timestamp"":1766263191}"
d4015226-a486-4a19-a61b-8b1d5b2ec715,2025-12-20T20:39:52.250Z,INFO,"IncomingMessage:"
261308b8-ed49-42a0-9451-3444c2f5a7ee,2025-12-20T20:39:52.251Z,INFO,"{""content"":""tM1p"",""chatId"":""5513991174080@c.us"",""author"":""4915757901339@c.us"",""metadata"":{""kind"":""AUDITABLE"",""block"":{""hash"":""829a2410997e64ae5ec74fc8d8cedcabd491f364773db46aeab70734bb2e7554"",""previousHash"":""4c80cc030cba3b7f16b216c26e273f698a8ab3722989d121fd98f7e37eb16f12"",""counter"":31,""commitedMessage"":""4983f9ea3de6197defa5cdb7022735d0f51b961a4f34c660f5d62a8b003df1ea""},""signature"":""kPSUFKzuHFljsVcpci8pUFOaGf6r52m+zXucjiincGaCubSsazGpu+L1lUoftSxJcjRosIZyLwlvA6+Tku9zMg==""},""messageId"":""true_5513991174080@c.us_3EB0B95A7FFC7F80A6901E"",""timestamp"":1766263191}"
07eb3ebc-0ed7-4fb3-ae00-99b2b94b23b4,2025-12-20T20:39:52.946Z,INFO,"Message sent."
bbccea00-6c62-471c-a7eb-ef496a5e1e65,2025-12-20T20:39:52.947Z,INFO,"{""ack"":1,""from"":""4915757901339@c.us"",""id"":""true_5513991174080@c.us_3EB0B95A7FFC7F80A6901E"",""sendMsgResult"":{""count"":null,""messageSendResult"":""OK"",""t"":1766263192},""to"":""5513991174080@c.us""}"
995e9a12-ca83-4ce5-ad3a-9c8cc60ac943,2025-12-20T20:39:53.627Z,INFO,"{""content"":""[Control Message]\nConfirmation ACK sent."",""chatId"":""5513991174080@c.us"",""author"":""5513991174080@c.us"",""metadata"":{""kind"":""ACK"",""block"":{""hash"":""829a2410997e64ae5ec74fc8d8cedcabd491f364773db46aeab70734bb2e7554"",""previousHash"":""4c80cc030cba3b7f16b216c26e273f698a8ab3722989d121fd98f7e37eb16f12"",""counter"":31,""commitedMessage"":""4983f9ea3de6197defa5cdb7022735d0f51b961a4f34c660f5d62a8b003df1ea""},""signature"":""dH11aDUYFWUbtMoQtyTU+P8QdcaHaDDX/BF53Ia+dcUwuZ0yMYDQuorVQNRqYzOK/qezWPb8S3yzlZvQTYpg/Q==""},""messageId"":""false_5513991174080@c.us_3EB0951CA13ADF52FADB47"",""timestamp"":1766263193}"
ab3d3778-345f-4031-a5c5-30ddd58a83cf,2025-12-20T20:39:53.627Z,INFO,"New message arrived: "
dca334ee-80e8-43fa-9ffd-966f5cccf3d9,2025-12-20T20:39:54.423Z,INFO,"IncomingMessage:"
f507c963-b013-4800-a791-8feea847a105,2025-12-20T20:39:54.424Z,INFO,"{""content"":""[Control Message]\nConfirmation ACK sent."",""chatId"":""5513991174080@c.us"",""author"":""5513991174080@c.us"",""metadata"":{""kind"":""ACK"",""block"":{""hash"":""829a2410997e64ae5ec74fc8d8cedcabd491f364773db46aeab70734bb2e7554"",""previousHash"":""4c80cc030cba3b7f16b216c26e273f698a8ab3722989d121fd98f7e37eb16f12"",""counter"":31,""commitedMessage"":""4983f9ea3de6197defa5cdb7022735d0f51b961a4f34c660f5d62a8b003df1ea""},""signature"":""dH11aDUYFWUbtMoQtyTU+P8QdcaHaDDX/BF53Ia+dcUwuZ0yMYDQuorVQNRqYzOK/qezWPb8S3yzlZvQTYpg/Q==""},""messageId"":""false_5513991174080@c.us_3EB0951CA13ADF52FADB47"",""timestamp"":1766263193}"
e6a7b29c-6957-4c2d-b24e-d6f3d8166a46,2025-12-20T20:39:54.426Z,INFO,"Checking signature in ack."
af5acc83-6f0f-4489-a1bb-3a351bc5fdaa,2025-12-20T20:39:54.427Z,INFO,"Verifying signature."
6a8923e8-57fd-4075-b743-4b9b586e1c40,2025-12-20T20:39:54.428Z,INFO,"Finished verifying"
17878c7f-f8ab-4386-828b-844f42c2dbce,2025-12-20T20:40:02.161Z,INFO,"Message generated. Started calculating metadata."
40a24db3-d1aa-4c0b-b664-6392ce293b7c,2025-12-20T20:40:02.169Z,INFO,"Initiated hashing."
dc0dc81f-4a28-483a-84bd-e6e23ffe1022,2025-12-20T20:40:02.170Z,INFO,"Finished hashing."
0d998ff8-5467-4935-a4d8-ac1e5454f510,2025-12-20T20:40:02.171Z,INFO,"Generating signature."
91816c4c-4220-4517-8d5f-be02d239ae2d,2025-12-20T20:40:02.172Z,INFO,"Signature made."
913ca772-d193-4a49-bb6a-0d5fb9910925,2025-12-20T20:40:02.173Z,INFO,"Signature converted to string."
b1820b23-3554-4958-8955-cfd3f870a30d,2025-12-20T20:40:02.179Z,INFO,"z3CO"
e32fc818-e1ed-489e-999f-5d08dea16fdb,2025-12-20T20:40:02.179Z,INFO,"Sending message:"
9c6b2d13-4d89-46e4-96bd-0bad018c26e3,2025-12-20T20:40:02.220Z,INFO,"New message arrived: "
ec4f91ef-ab35-40cb-ab17-8dc885213413,2025-12-20T20:40:02.221Z,INFO,"{""content"":""z3CO"",""chatId"":""5513991174080@c.us"",""author"":""4915757901339@c.us"",""metadata"":{""kind"":""AUDITABLE"",""block"":{""hash"":""0b0dac5a206dbe13b51c4cf76f58681796b98689ccb163e9301db8fd8724b94b"",""previousHash"":""829a2410997e64ae5ec74fc8d8cedcabd491f364773db46aeab70734bb2e7554"",""counter"":32,""commitedMessage"":""c302d3f970830c73c4fb3a4b751f55331055b3deecbc88167aff76092f2892e5""},""signature"":""sBYx1NUgySFfG/ExThLxrEIzKnd+C8uQ/hbKqA39DSdXglkIyBgd+H/pCpEDignfviPQhR8SnyeVHc6aHZ2SCg==""},""messageId"":""true_5513991174080@c.us_3EB05343F82A7C94DA4B35"",""timestamp"":1766263201}"
80644ffa-e9e1-406b-8357-3c16563b4718,2025-12-20T20:40:02.237Z,INFO,"IncomingMessage:"
1f58996f-e733-4b7a-8fb1-f60f607d1e32,2025-12-20T20:40:02.238Z,INFO,"{""content"":""z3CO"",""chatId"":""5513991174080@c.us"",""author"":""4915757901339@c.us"",""metadata"":{""kind"":""AUDITABLE"",""block"":{""hash"":""0b0dac5a206dbe13b51c4cf76f58681796b98689ccb163e9301db8fd8724b94b"",""previousHash"":""829a2410997e64ae5ec74fc8d8cedcabd491f364773db46aeab70734bb2e7554"",""counter"":32,""commitedMessage"":""c302d3f970830c73c4fb3a4b751f55331055b3deecbc88167aff76092f2892e5""},""signature"":""sBYx1NUgySFfG/ExThLxrEIzKnd+C8uQ/hbKqA39DSdXglkIyBgd+H/pCpEDignfviPQhR8SnyeVHc6aHZ2SCg==""},""messageId"":""true_5513991174080@c.us_3EB05343F82A7C94DA4B35"",""timestamp"":1766263201}"
5ce96efb-f3e3-402b-84b8-9f00b90c11ab,2025-12-20T20:40:02.958Z,INFO,"Message sent."
93f78ab9-0d42-4fd1-beb9-0e59ea9f0c5f,2025-12-20T20:40:02.958Z,INFO,"{""ack"":1,""from"":""4915757901339@c.us"",""id"":""true_5513991174080@c.us_3EB05343F82A7C94DA4B35"",""sendMsgResult"":{""count"":null,""messageSendResult"":""OK"",""t"":1766263202},""to"":""5513991174080@c.us""}"
1a6681a8-b696-4129-9c4b-e5c2d57c2542,2025-12-20T20:40:03.607Z,INFO,"New message arrived: "
7ba8594e-b6c6-477a-8806-d322bb429c52,2025-12-20T20:40:03.607Z,INFO,"{""content"":""[Control Message]\nConfirmation ACK sent."",""chatId"":""5513991174080@c.us"",""author"":""5513991174080@c.us"",""metadata"":{""kind"":""ACK"",""block"":{""hash"":""0b0dac5a206dbe13b51c4cf76f58681796b98689ccb163e9301db8fd8724b94b"",""previousHash"":""829a2410997e64ae5ec74fc8d8cedcabd491f364773db46aeab70734bb2e7554"",""counter"":32,""commitedMessage"":""c302d3f970830c73c4fb3a4b751f55331055b3deecbc88167aff76092f2892e5""},""signature"":""gpzSL3U5YrTOMtpzA15rEuG+u+aiVQ8HSQamYB1ifTjNp1ghvKddfDYZICQiuLpQ+f1JNbE1KFTKW+f7j79iOg==""},""messageId"":""false_5513991174080@c.us_3EB097093FC1B174448CD1"",""timestamp"":1766263203}"
d9b088d1-2507-4859-b0f3-e01e5608346b,2025-12-20T20:40:04.325Z,INFO,"IncomingMessage:"
712aecde-f5ab-440f-a16d-7b166fbb43b6,2025-12-20T20:40:04.326Z,INFO,"{""content"":""[Control Message]\nConfirmation ACK sent."",""chatId"":""5513991174080@c.us"",""author"":""5513991174080@c.us"",""metadata"":{""kind"":""ACK"",""block"":{""hash"":""0b0dac5a206dbe13b51c4cf76f58681796b98689ccb163e9301db8fd8724b94b"",""previousHash"":""829a2410997e64ae5ec74fc8d8cedcabd491f364773db46aeab70734bb2e7554"",""counter"":32,""commitedMessage"":""c302d3f970830c73c4fb3a4b751f55331055b3deecbc88167aff76092f2892e5""},""signature"":""gpzSL3U5YrTOMtpzA15rEuG+u+aiVQ8HSQamYB1ifTjNp1ghvKddfDYZICQiuLpQ+f1JNbE1KFTKW+f7j79iOg==""},""messageId"":""false_5513991174080@c.us_3EB097093FC1B174448CD1"",""timestamp"":1766263203}"
d371e678-3892-4fe7-a3f2-48404db111a0,2025-12-20T20:40:04.330Z,INFO,"Checking signature in ack."
21662764-24a5-4010-9d44-3d7f137a910c,2025-12-20T20:40:04.331Z,INFO,"Verifying signature."
4cc4725c-183c-489f-9be6-5ef50da9b3eb,2025-12-20T20:40:04.331Z,INFO,"Finished verifying"
f306168e-092b-43a8-bef7-60e366800462,2025-12-20T20:51:28.137Z,INFO,"Message generated. Started calculating metadata."
c0699c23-4b4e-476a-86e0-bebd288eb629,2025-12-20T20:51:28.163Z,INFO,"Finished hashing."
e8002664-7e39-4414-a705-7528848545c1,2025-12-20T20:51:28.163Z,INFO,"Initiated hashing."
16cb9c01-7971-41a5-8e62-c1bbfddc033c,2025-12-20T20:51:28.164Z,INFO,"Generating signature."
b529df37-17b3-45c3-a313-5e8f1333f8ba,2025-12-20T20:51:28.164Z,INFO,"Signature made."
8919305a-c7c9-4ebc-9bb9-13af7fae9aa1,2025-12-20T20:51:28.165Z,INFO,"Signature converted to string."
43269d98-0d95-4c17-a490-37fc7c27de15,2025-12-20T20:51:28.170Z,INFO,"Sending message:"
394d489f-1a2a-4df6-b3e1-ea282e4321d5,2025-12-20T20:51:28.171Z,INFO,"w0sZ"
07a37b5b-3d17-4fdb-b083-323106a1abd3,2025-12-20T20:51:28.277Z,INFO,"New message arrived: "
5d1bfb82-8bcc-4e65-86b9-e5b2c97ac179,2025-12-20T20:51:28.277Z,INFO,"{""content"":""w0sZ"",""chatId"":""5513991174080@c.us"",""author"":""4915757901339@c.us"",""metadata"":{""kind"":""AUDITABLE"",""block"":{""hash"":""5b901f2c22f40998ed8c82a9e732fc766a473f5514e938439873bc85033ba896"",""previousHash"":""0b0dac5a206dbe13b51c4cf76f58681796b98689ccb163e9301db8fd8724b94b"",""counter"":33,""commitedMessage"":""0fed5a3dc34ae6608051bb4947a7fed40bd86ef72832104564f20d6fac8c05eb""},""signature"":""HvGZgv3OHIHIZuKMlL2n+WQcrSveS2HvDnfqq/uKEBFEea53u4gw18bDsrKMmw74a0ZcJqfVb1kUrHZSVieGow==""},""messageId"":""true_5513991174080@c.us_3EB0AD8B3F3022CE8D26A9"",""timestamp"":1766263888}"
e8945b09-5d84-4f3b-8756-710e83026bc0,2025-12-20T20:51:28.293Z,INFO,"IncomingMessage:"
b6af23e3-c0e2-4b97-b5f7-a2503768f4b2,2025-12-20T20:51:28.298Z,INFO,"{""content"":""w0sZ"",""chatId"":""5513991174080@c.us"",""author"":""4915757901339@c.us"",""metadata"":{""kind"":""AUDITABLE"",""block"":{""hash"":""5b901f2c22f40998ed8c82a9e732fc766a473f5514e938439873bc85033ba896"",""previousHash"":""0b0dac5a206dbe13b51c4cf76f58681796b98689ccb163e9301db8fd8724b94b"",""counter"":33,""commitedMessage"":""0fed5a3dc34ae6608051bb4947a7fed40bd86ef72832104564f20d6fac8c05eb""},""signature"":""HvGZgv3OHIHIZuKMlL2n+WQcrSveS2HvDnfqq/uKEBFEea53u4gw18bDsrKMmw74a0ZcJqfVb1kUrHZSVieGow==""},""messageId"":""true_5513991174080@c.us_3EB0AD8B3F3022CE8D26A9"",""timestamp"":1766263888}"
9233347e-aa16-430b-824e-de7417df142b,2025-12-20T20:51:29.144Z,INFO,"Message sent."
9c3fe74d-7fd6-408d-8118-92107f95ec4d,2025-12-20T20:51:29.144Z,INFO,"{""ack"":1,""from"":""4915757901339@c.us"",""id"":""true_5513991174080@c.us_3EB0AD8B3F3022CE8D26A9"",""sendMsgResult"":{""count"":null,""messageSendResult"":""OK"",""t"":1766263888},""to"":""5513991174080@c.us""}"
1fd288c7-c4d5-402c-b1a1-d0551773ed06,2025-12-20T20:51:30.383Z,INFO,"New message arrived: "
e9abf3a8-3727-4540-8016-472e04a91842,2025-12-20T20:51:30.383Z,INFO,"{""content"":""[Control Message]\nConfirmation ACK sent."",""chatId"":""5513991174080@c.us"",""author"":""5513991174080@c.us"",""metadata"":{""kind"":""ACK"",""block"":{""hash"":""5b901f2c22f40998ed8c82a9e732fc766a473f5514e938439873bc85033ba896"",""previousHash"":""0b0dac5a206dbe13b51c4cf76f58681796b98689ccb163e9301db8fd8724b94b"",""counter"":33,""commitedMessage"":""0fed5a3dc34ae6608051bb4947a7fed40bd86ef72832104564f20d6fac8c05eb""},""signature"":""Dkv1dJtgfK+lCti6D3ptgz12ZuO3IBm0IfhqL8//UvKLcXqZBVDh3zRCxcI10xkYoRodUknXAtW6lMPVaWy2WQ==""},""messageId"":""false_5513991174080@c.us_3EB0BB3A0E61DEFADE7DC3"",""timestamp"":1766263890}"
466c628c-8f79-42cc-b3a1-a5312c67cd76,2025-12-20T20:51:31.095Z,INFO,"IncomingMessage:"
b145ed26-07c6-4a7d-9182-2a95f0d4349b,2025-12-20T20:51:31.096Z,INFO,"{""content"":""[Control Message]\nConfirmation ACK sent."",""chatId"":""5513991174080@c.us"",""author"":""5513991174080@c.us"",""metadata"":{""kind"":""ACK"",""block"":{""hash"":""5b901f2c22f40998ed8c82a9e732fc766a473f5514e938439873bc85033ba896"",""previousHash"":""0b0dac5a206dbe13b51c4cf76f58681796b98689ccb163e9301db8fd8724b94b"",""counter"":33,""commitedMessage"":""0fed5a3dc34ae6608051bb4947a7fed40bd86ef72832104564f20d6fac8c05eb""},""signature"":""Dkv1dJtgfK+lCti6D3ptgz12ZuO3IBm0IfhqL8//UvKLcXqZBVDh3zRCxcI10xkYoRodUknXAtW6lMPVaWy2WQ==""},""messageId"":""false_5513991174080@c.us_3EB0BB3A0E61DEFADE7DC3"",""timestamp"":1766263890}"
69014665-fc68-4d17-acd5-19e5688547a6,2025-12-20T20:51:31.098Z,INFO,"Checking signature in ack."
dfaf0083-1c8e-4cfc-8a8d-18b7e1184575,2025-12-20T20:51:31.099Z,INFO,"Verifying signature."
0748cf40-3650-45a9-a443-62038b7146e6,2025-12-20T20:51:31.101Z,INFO,"Finished verifying"
b82a48c9-9272-4d10-a41a-e38e680d0679,2025-12-20T20:51:38.134Z,INFO,"Message generated. Started calculating metadata."
1154b1c9-d63e-4094-b945-f25bb7c574d3,2025-12-20T20:51:38.147Z,INFO,"Initiated hashing."
62c5de8f-57f3-412c-abdc-9b3abb67fc9b,2025-12-20T20:51:38.148Z,INFO,"Finished hashing."
9e1cdcfc-9fef-43af-8341-7b950e60b3e6,2025-12-20T20:51:38.149Z,INFO,"Signature made."
fe79a8e4-fbf0-4ec1-b995-258bad9f56ce,2025-12-20T20:51:38.149Z,INFO,"Generating signature."
8678f6c7-7b66-4284-8643-94e2267c7ac4,2025-12-20T20:51:38.150Z,INFO,"Signature converted to string."
e93baa3f-7743-40d5-b78c-c96a89d21787,2025-12-20T20:51:38.158Z,INFO,"Sending message:"
f577ba41-7efa-4f1e-a5aa-94cc8b64b38d,2025-12-20T20:51:38.159Z,INFO,"muX3"
1ed794de-947b-4c2f-8ed2-f9e0df19a8f2,2025-12-20T20:51:38.216Z,INFO,"New message arrived: "
3d91100c-7573-420e-9ef4-9268441b0253,2025-12-20T20:51:38.216Z,INFO,"{""content"":""muX3"",""chatId"":""5513991174080@c.us"",""author"":""4915757901339@c.us"",""metadata"":{""kind"":""AUDITABLE"",""block"":{""hash"":""b1e2e1a7a22bb8a5e3f896dead9c778fe1d63f406e7e60bc924a8b2f5cf91275"",""previousHash"":""5b901f2c22f40998ed8c82a9e732fc766a473f5514e938439873bc85033ba896"",""counter"":34,""commitedMessage"":""0f864e23c4f3b13d29e85abd2d8dfc55b29b1227d0fd6b60d8a0771e0c1c8450""},""signature"":""MH0RbiO1j4bftBxegwN4ID7VBAyPkMM86gom5uuUCZkGezuTAl3su07So/auaKNhxAsPTyTsZj/wlb8/MVuE6g==""},""messageId"":""true_5513991174080@c.us_3EB0EA62B7AE41ACC6049D"",""timestamp"":1766263898}"
75b8bbb7-479f-4c7c-b8d8-cf4c014cd95b,2025-12-20T20:51:38.236Z,INFO,"IncomingMessage:"
aface947-6eed-479f-93d0-e2e25f318195,2025-12-20T20:51:38.236Z,INFO,"{""content"":""muX3"",""chatId"":""5513991174080@c.us"",""author"":""4915757901339@c.us"",""metadata"":{""kind"":""AUDITABLE"",""block"":{""hash"":""b1e2e1a7a22bb8a5e3f896dead9c778fe1d63f406e7e60bc924a8b2f5cf91275"",""previousHash"":""5b901f2c22f40998ed8c82a9e732fc766a473f5514e938439873bc85033ba896"",""counter"":34,""commitedMessage"":""0f864e23c4f3b13d29e85abd2d8dfc55b29b1227d0fd6b60d8a0771e0c1c8450""},""signature"":""MH0RbiO1j4bftBxegwN4ID7VBAyPkMM86gom5uuUCZkGezuTAl3su07So/auaKNhxAsPTyTsZj/wlb8/MVuE6g==""},""messageId"":""true_5513991174080@c.us_3EB0EA62B7AE41ACC6049D"",""timestamp"":1766263898}"
362c9e13-bbe1-496c-9a0c-fc2f7268380b,2025-12-20T20:51:38.854Z,INFO,"{""ack"":1,""from"":""4915757901339@c.us"",""id"":""true_5513991174080@c.us_3EB0EA62B7AE41ACC6049D"",""sendMsgResult"":{""count"":null,""messageSendResult"":""OK"",""t"":1766263898},""to"":""5513991174080@c.us""}"
4cd83562-fb27-49fb-b717-aaf272b8f2d5,2025-12-20T20:51:38.854Z,INFO,"Message sent."
94498e4a-f104-4b7f-8b72-9a94bd782ee6,2025-12-20T20:51:39.904Z,INFO,"New message arrived: "
a20c9ea0-23fd-4cf2-86e7-f94c18b9df76,2025-12-20T20:51:39.904Z,INFO,"{""content"":""[Control Message]\nConfirmation ACK sent."",""chatId"":""5513991174080@c.us"",""author"":""5513991174080@c.us"",""metadata"":{""kind"":""ACK"",""block"":{""hash"":""b1e2e1a7a22bb8a5e3f896dead9c778fe1d63f406e7e60bc924a8b2f5cf91275"",""previousHash"":""5b901f2c22f40998ed8c82a9e732fc766a473f5514e938439873bc85033ba896"",""counter"":34,""commitedMessage"":""0f864e23c4f3b13d29e85abd2d8dfc55b29b1227d0fd6b60d8a0771e0c1c8450""},""signature"":""ci6JF17s1xmqetSKok06RNxKznfqkeKRtRuSpThMgscW0mgZZ1Qgx7G7KD7L80HiOxucRk+0qaAy5P65tM8JnA==""},""messageId"":""false_5513991174080@c.us_3EB0D56D71078A11842B20"",""timestamp"":1766263899}"
b8b963ed-351c-4db2-a363-7415916cb994,2025-12-20T20:51:40.612Z,INFO,"IncomingMessage:"
013ce329-6e3a-4596-a5af-8b86d28bd392,2025-12-20T20:51:40.613Z,INFO,"{""content"":""[Control Message]\nConfirmation ACK sent."",""chatId"":""5513991174080@c.us"",""author"":""5513991174080@c.us"",""metadata"":{""kind"":""ACK"",""block"":{""hash"":""b1e2e1a7a22bb8a5e3f896dead9c778fe1d63f406e7e60bc924a8b2f5cf91275"",""previousHash"":""5b901f2c22f40998ed8c82a9e732fc766a473f5514e938439873bc85033ba896"",""counter"":34,""commitedMessage"":""0f864e23c4f3b13d29e85abd2d8dfc55b29b1227d0fd6b60d8a0771e0c1c8450""},""signature"":""ci6JF17s1xmqetSKok06RNxKznfqkeKRtRuSpThMgscW0mgZZ1Qgx7G7KD7L80HiOxucRk+0qaAy5P65tM8JnA==""},""messageId"":""false_5513991174080@c.us_3EB0D56D71078A11842B20"",""timestamp"":1766263899}"
067dd3b7-16e4-40c9-8336-7b3c5cb3505c,2025-12-20T20:51:40.617Z,INFO,"Verifying signature."
5bdc5270-aa19-4f04-9fde-dce94b273b83,2025-12-20T20:51:40.617Z,INFO,"Checking signature in ack."
4168c9ec-9d65-4ed2-9c4a-37ba72a510d7,2025-12-20T20:51:40.618Z,INFO,"Finished verifying"
e7a4453a-6611-4898-8236-f7e9e1b88d6c,2025-12-20T20:51:48.137Z,INFO,"Message generated. Started calculating metadata."
be1a5be3-a4ee-4c64-81be-0dd1cd3c8b52,2025-12-20T20:51:48.145Z,INFO,"Initiated hashing."
bc3130dd-e27c-44c2-9199-66d410d5721a,2025-12-20T20:51:48.146Z,INFO,"Generating signature."
d5f2b53c-887c-4ed7-aad7-4e6899fd8031,2025-12-20T20:51:48.146Z,INFO,"Finished hashing."
03a9a219-6d62-490b-a345-11c0a9a4a415,2025-12-20T20:51:48.147Z,INFO,"Signature made."
e84e82f6-bb50-402e-ad2e-da543ed164ff,2025-12-20T20:51:48.148Z,INFO,"Signature converted to string."
8b292f06-9d3c-4bc6-b50c-17c1f21ae42f,2025-12-20T20:51:48.153Z,INFO,"Sending message:"
1e9dce85-1903-479a-b564-048a7b5fd173,2025-12-20T20:51:48.154Z,INFO,"jX6t"
2ab09b78-190f-4f24-ba5c-5ac66fdb8be4,2025-12-20T20:51:48.196Z,INFO,"New message arrived: "
918798b3-d0a1-49f0-ba24-91d0164c1ebb,2025-12-20T20:51:48.196Z,INFO,"{""content"":""jX6t"",""chatId"":""5513991174080@c.us"",""author"":""4915757901339@c.us"",""metadata"":{""kind"":""AUDITABLE"",""block"":{""hash"":""84ed124d9b4218aadbcc81598b1487b4183f3cbe8c1d9c62d549d0402b497c95"",""previousHash"":""b1e2e1a7a22bb8a5e3f896dead9c778fe1d63f406e7e60bc924a8b2f5cf91275"",""counter"":35,""commitedMessage"":""a563eea78a67bea45ef5103ab841a6e96c5063a1962b3c24e866327ac0bc78f3""},""signature"":""AxkCz7uJZGqXW0wbM5AftwxXflUaUl+mcEtkQs0gic6t58bU/SN2L6YajgF2LFW2LAIzOqhNImHaVSwzWKx11A==""},""messageId"":""true_5513991174080@c.us_3EB0B56C9CFEFDBC74D94A"",""timestamp"":1766263908}"
9ad34e11-3f8a-4944-9649-212d03e70724,2025-12-20T20:51:48.360Z,INFO,"{""content"":""jX6t"",""chatId"":""5513991174080@c.us"",""author"":""4915757901339@c.us"",""metadata"":{""kind"":""AUDITABLE"",""block"":{""hash"":""84ed124d9b4218aadbcc81598b1487b4183f3cbe8c1d9c62d549d0402b497c95"",""previousHash"":""b1e2e1a7a22bb8a5e3f896dead9c778fe1d63f406e7e60bc924a8b2f5cf91275"",""counter"":35,""commitedMessage"":""a563eea78a67bea45ef5103ab841a6e96c5063a1962b3c24e866327ac0bc78f3""},""signature"":""AxkCz7uJZGqXW0wbM5AftwxXflUaUl+mcEtkQs0gic6t58bU/SN2L6YajgF2LFW2LAIzOqhNImHaVSwzWKx11A==""},""messageId"":""true_5513991174080@c.us_3EB0B56C9CFEFDBC74D94A"",""timestamp"":1766263908}"
9e96ca77-5a71-49c7-8d7a-6fd2374eb42d,2025-12-20T20:51:48.360Z,INFO,"IncomingMessage:"
dec72145-e331-4b2e-8ab8-8a938b09c98f,2025-12-20T20:51:48.918Z,INFO,"Message sent."
17862536-2580-4c60-8cfb-5c8c9f6e335b,2025-12-20T20:51:48.919Z,INFO,"{""ack"":1,""from"":""4915757901339@c.us"",""id"":""true_5513991174080@c.us_3EB0B56C9CFEFDBC74D94A"",""sendMsgResult"":{""count"":null,""messageSendResult"":""OK"",""t"":1766263908},""to"":""5513991174080@c.us""}"
288cf42b-462e-44f7-97da-9cabae220bb0,2025-12-20T20:51:49.951Z,INFO,"New message arrived: "
c0b6caa3-e48f-4b9e-a0de-54dc7183f113,2025-12-20T20:51:49.951Z,INFO,"{""content"":""[Control Message]\nConfirmation ACK sent."",""chatId"":""5513991174080@c.us"",""author"":""5513991174080@c.us"",""metadata"":{""kind"":""ACK"",""block"":{""hash"":""84ed124d9b4218aadbcc81598b1487b4183f3cbe8c1d9c62d549d0402b497c95"",""previousHash"":""b1e2e1a7a22bb8a5e3f896dead9c778fe1d63f406e7e60bc924a8b2f5cf91275"",""counter"":35,""commitedMessage"":""a563eea78a67bea45ef5103ab841a6e96c5063a1962b3c24e866327ac0bc78f3""},""signature"":""0nCudb0KxYRqTv1NkXMyIh9w3+GrX7r+jmeQNCWb07U7VOpA0vXbzXjwGDuoAxvgaAcvfBdy1T8Ac7PBNG58LQ==""},""messageId"":""false_5513991174080@c.us_3EB05755914C95FC111374"",""timestamp"":1766263909}"
c7f9ace1-5576-438a-bfd1-9401f797ea29,2025-12-20T20:51:50.597Z,INFO,"IncomingMessage:"
e186fa1a-dde3-49a3-9d9e-ea492e802dc7,2025-12-20T20:51:50.598Z,INFO,"{""content"":""[Control Message]\nConfirmation ACK sent."",""chatId"":""5513991174080@c.us"",""author"":""5513991174080@c.us"",""metadata"":{""kind"":""ACK"",""block"":{""hash"":""84ed124d9b4218aadbcc81598b1487b4183f3cbe8c1d9c62d549d0402b497c95"",""previousHash"":""b1e2e1a7a22bb8a5e3f896dead9c778fe1d63f406e7e60bc924a8b2f5cf91275"",""counter"":35,""commitedMessage"":""a563eea78a67bea45ef5103ab841a6e96c5063a1962b3c24e866327ac0bc78f3""},""signature"":""0nCudb0KxYRqTv1NkXMyIh9w3+GrX7r+jmeQNCWb07U7VOpA0vXbzXjwGDuoAxvgaAcvfBdy1T8Ac7PBNG58LQ==""},""messageId"":""false_5513991174080@c.us_3EB05755914C95FC111374"",""timestamp"":1766263909}"
b57e38e7-7714-4022-ae7e-8115bd3631ea,2025-12-20T20:51:50.602Z,INFO,"Checking signature in ack."
5600b923-f1b1-4c16-8101-ca5a62ca5f81,2025-12-20T20:51:50.603Z,INFO,"Verifying signature."
c7a463d0-e0b4-4762-9135-e8cdcd13252c,2025-12-20T20:51:50.603Z,INFO,"Finished verifying"
0c4f6898-e4f7-4ebc-acab-eb0ff0e1fda0,2025-12-20T20:51:58.136Z,INFO,"Message generated. Started calculating metadata."
6c2f9450-33fd-45ab-8407-3ad513b8175a,2025-12-20T20:51:58.145Z,INFO,"Initiated hashing."
8d5ea381-0439-49b3-ad41-9a5d42147501,2025-12-20T20:51:58.146Z,INFO,"Finished hashing."
bbfd5dd2-17e1-4a78-8bc2-e088c33861fc,2025-12-20T20:51:58.146Z,INFO,"Generating signature."
db97c16d-096b-44d3-a31d-d00946ed16e4,2025-12-20T20:51:58.147Z,INFO,"Signature made."
22261ff2-808e-4f6d-a0ed-534c8c22a482,2025-12-20T20:51:58.148Z,INFO,"Signature converted to string."
a90c6a2a-1967-4423-9141-4c8720657fd9,2025-12-20T20:51:58.158Z,INFO,"b0rX"
ad2d82e6-956f-4294-8ce1-5f6637318021,2025-12-20T20:51:58.158Z,INFO,"Sending message:"
0b4f3023-7ac4-4c54-9efe-e8a59dd9b2b0,2025-12-20T20:51:58.199Z,INFO,"New message arrived: "
804c8353-2cb1-4166-b5ad-536c1d1ca6f8,2025-12-20T20:51:58.199Z,INFO,"{""content"":""b0rX"",""chatId"":""5513991174080@c.us"",""author"":""4915757901339@c.us"",""metadata"":{""kind"":""AUDITABLE"",""block"":{""hash"":""5073675b7a45b7a3633877b470ab3b26da25fe3efa6ba85351aa08a92ef80f09"",""previousHash"":""84ed124d9b4218aadbcc81598b1487b4183f3cbe8c1d9c62d549d0402b497c95"",""counter"":36,""commitedMessage"":""88d8c511f34a5c893038fb3372e8b8078097b1d2bc3b5e57720dd47907517fd6""},""signature"":""r0+maMcE4aZ1E/J6NrOKjt3eiqYxsgRmHjNHopfan9r27wWtnJw8vnxf3AWoJX1/qP9vaSh7NreLQpbT9/2hkA==""},""messageId"":""true_5513991174080@c.us_3EB03A9282F5DD21A1181B"",""timestamp"":1766263918}"
beff51ca-146c-4634-b9cf-6b0752f7f3b3,2025-12-20T20:51:58.215Z,INFO,"IncomingMessage:"
f0ab4c9f-6477-49f2-b4b7-9103ae8b6fae,2025-12-20T20:51:58.216Z,INFO,"{""content"":""b0rX"",""chatId"":""5513991174080@c.us"",""author"":""4915757901339@c.us"",""metadata"":{""kind"":""AUDITABLE"",""block"":{""hash"":""5073675b7a45b7a3633877b470ab3b26da25fe3efa6ba85351aa08a92ef80f09"",""previousHash"":""84ed124d9b4218aadbcc81598b1487b4183f3cbe8c1d9c62d549d0402b497c95"",""counter"":36,""commitedMessage"":""88d8c511f34a5c893038fb3372e8b8078097b1d2bc3b5e57720dd47907517fd6""},""signature"":""r0+maMcE4aZ1E/J6NrOKjt3eiqYxsgRmHjNHopfan9r27wWtnJw8vnxf3AWoJX1/qP9vaSh7NreLQpbT9/2hkA==""},""messageId"":""true_5513991174080@c.us_3EB03A9282F5DD21A1181B"",""timestamp"":1766263918}"
299338f4-984f-49ab-8629-e7b4545bf441,2025-12-20T20:51:58.816Z,INFO,"{""ack"":1,""from"":""4915757901339@c.us"",""id"":""true_5513991174080@c.us_3EB03A9282F5DD21A1181B"",""sendMsgResult"":{""count"":null,""messageSendResult"":""OK"",""t"":1766263918},""to"":""5513991174080@c.us""}"
c33fd9fc-07b3-4de5-93bc-d640892a4247,2025-12-20T20:51:58.816Z,INFO,"Message sent."
676efd9b-08e5-458a-8953-8b16952c45c6,2025-12-20T20:52:02.464Z,INFO,"{""content"":""[Control Message]\nConfirmation ACK sent."",""chatId"":""5513991174080@c.us"",""author"":""5513991174080@c.us"",""metadata"":{""kind"":""ACK"",""block"":{""hash"":""5073675b7a45b7a3633877b470ab3b26da25fe3efa6ba85351aa08a92ef80f09"",""previousHash"":""84ed124d9b4218aadbcc81598b1487b4183f3cbe8c1d9c62d549d0402b497c95"",""counter"":36,""commitedMessage"":""88d8c511f34a5c893038fb3372e8b8078097b1d2bc3b5e57720dd47907517fd6""},""signature"":""nCJVl1QNb6/zBvG2xW+FW9IYO33yJ+Kfai0xDJro/aEOLliiQplQ2UNI25+KjaNYgIXaI703W7BoHqSwE8v0vA==""},""messageId"":""false_5513991174080@c.us_3EB02F860EA48ED5DF161C"",""timestamp"":1766263922}"
ed2617b0-3a59-44ee-a9a1-8a033e97c6c6,2025-12-20T20:52:02.464Z,INFO,"New message arrived: "
45c763c5-9091-4bbf-bedf-3f74306ac72c,2025-12-20T20:52:03.092Z,INFO,"{""content"":""[Control Message]\nConfirmation ACK sent."",""chatId"":""5513991174080@c.us"",""author"":""5513991174080@c.us"",""metadata"":{""kind"":""ACK"",""block"":{""hash"":""5073675b7a45b7a3633877b470ab3b26da25fe3efa6ba85351aa08a92ef80f09"",""previousHash"":""84ed124d9b4218aadbcc81598b1487b4183f3cbe8c1d9c62d549d0402b497c95"",""counter"":36,""commitedMessage"":""88d8c511f34a5c893038fb3372e8b8078097b1d2bc3b5e57720dd47907517fd6""},""signature"":""nCJVl1QNb6/zBvG2xW+FW9IYO33yJ+Kfai0xDJro/aEOLliiQplQ2UNI25+KjaNYgIXaI703W7BoHqSwE8v0vA==""},""messageId"":""false_5513991174080@c.us_3EB02F860EA48ED5DF161C"",""timestamp"":1766263922}"
ff775980-cc92-442e-99af-2a08a16a5a1d,2025-12-20T20:52:03.092Z,INFO,"IncomingMessage:"
aa147e21-c55a-471e-9247-c144ce7142e0,2025-12-20T20:52:03.095Z,INFO,"Checking signature in ack."
c105c20c-6627-4d71-8ea1-f5f7dba42daf,2025-12-20T20:52:03.095Z,INFO,"Verifying signature."
3befa026-4464-40d8-a51b-434a5f8ab1a8,2025-12-20T20:52:03.096Z,INFO,"Finished verifying"
3f9460cb-fdbd-4951-9271-38015e82caca,2025-12-20T20:52:08.133Z,INFO,"Message generated. Started calculating metadata."
08a76ed0-5d60-4e3d-9368-f0817ff4ad9d,2025-12-20T20:52:08.142Z,INFO,"Initiated hashing."
e102f0e1-eb61-44db-b3c6-c8082fbbedf2,2025-12-20T20:52:08.144Z,INFO,"Finished hashing."
3a244edc-bf90-4307-b6a9-0bb09a046056,2025-12-20T20:52:08.145Z,INFO,"Generating signature."
c387a75c-aff0-46c1-8ef7-9c983653abf8,2025-12-20T20:52:08.146Z,INFO,"Signature made."
b7266291-c812-406e-8b4c-bfb4ea0d97c8,2025-12-20T20:52:08.147Z,INFO,"Signature converted to string."
8f7797b3-fea7-4799-9c93-a10b570b531b,2025-12-20T20:52:08.155Z,INFO,"Sending message:"
9196ab6b-4d8f-4489-88e6-7cbb2cd7f069,2025-12-20T20:52:08.155Z,INFO,"gmOB"
68a844fe-c18f-4de6-a311-a1e427107b8e,2025-12-20T20:52:08.200Z,INFO,"{""content"":""gmOB"",""chatId"":""5513991174080@c.us"",""author"":""4915757901339@c.us"",""metadata"":{""kind"":""AUDITABLE"",""block"":{""hash"":""f37682069050976b611ab4350e56d15ede5cf4739a80e27dc31adc250afd637a"",""previousHash"":""5073675b7a45b7a3633877b470ab3b26da25fe3efa6ba85351aa08a92ef80f09"",""counter"":37,""commitedMessage"":""2a81337a9bd4b8d24f5a3ad55f9292b70c027cacd9098b7a373783b4d74a3f1e""},""signature"":""PXTbQvNKepKpxpjPWHvIaYO3+uqcCkCdlb99Jd3JAmYtShKk8wn9LU9jOJ0wNrfzYE1GZSr0ZsirudwOVD9Rfw==""},""messageId"":""true_5513991174080@c.us_3EB00673D093D63BBD656D"",""timestamp"":1766263928}"
d7b1142a-6a52-4954-8720-aafbc0bd9f34,2025-12-20T20:52:08.200Z,INFO,"New message arrived: "
a626e59b-581a-4fe9-bb05-8da93cd8a797,2025-12-20T20:52:08.222Z,INFO,"IncomingMessage:"
6b4b3e3a-67c7-4576-9184-bcebf16fac6e,2025-12-20T20:52:08.223Z,INFO,"{""content"":""gmOB"",""chatId"":""5513991174080@c.us"",""author"":""4915757901339@c.us"",""metadata"":{""kind"":""AUDITABLE"",""block"":{""hash"":""f37682069050976b611ab4350e56d15ede5cf4739a80e27dc31adc250afd637a"",""previousHash"":""5073675b7a45b7a3633877b470ab3b26da25fe3efa6ba85351aa08a92ef80f09"",""counter"":37,""commitedMessage"":""2a81337a9bd4b8d24f5a3ad55f9292b70c027cacd9098b7a373783b4d74a3f1e""},""signature"":""PXTbQvNKepKpxpjPWHvIaYO3+uqcCkCdlb99Jd3JAmYtShKk8wn9LU9jOJ0wNrfzYE1GZSr0ZsirudwOVD9Rfw==""},""messageId"":""true_5513991174080@c.us_3EB00673D093D63BBD656D"",""timestamp"":1766263928}"
18552ee2-703d-491d-ae1e-b38edf8c40e7,2025-12-20T20:52:08.927Z,INFO,"{""ack"":1,""from"":""4915757901339@c.us"",""id"":""true_5513991174080@c.us_3EB00673D093D63BBD656D"",""sendMsgResult"":{""count"":null,""messageSendResult"":""OK"",""t"":1766263928},""to"":""5513991174080@c.us""}"
a554cddf-536f-4207-8a06-8eee1bd318c8,2025-12-20T20:52:08.927Z,INFO,"Message sent."
5b6c314e-4e53-4248-94aa-ece26fee3d66,2025-12-20T20:52:09.938Z,INFO,"{""content"":""[Control Message]\nConfirmation ACK sent."",""chatId"":""5513991174080@c.us"",""author"":""5513991174080@c.us"",""metadata"":{""kind"":""ACK"",""block"":{""hash"":""f37682069050976b611ab4350e56d15ede5cf4739a80e27dc31adc250afd637a"",""previousHash"":""5073675b7a45b7a3633877b470ab3b26da25fe3efa6ba85351aa08a92ef80f09"",""counter"":37,""commitedMessage"":""2a81337a9bd4b8d24f5a3ad55f9292b70c027cacd9098b7a373783b4d74a3f1e""},""signature"":""c0vI5TLcukchjG+mn71e6hbdS38sxESQU+Jv41WSFeCuO+MeVxQ2t836E/jmDneIz/UEpFXgE4j4x7FnJhEFTQ==""},""messageId"":""false_5513991174080@c.us_3EB0E08D479B93CF274773"",""timestamp"":1766263929}"
d80699fb-d06a-4940-bfe7-e30f2a5e1a44,2025-12-20T20:52:09.938Z,INFO,"New message arrived: "
0a895d37-2a37-4f45-98b9-1c3b411e0200,2025-12-20T20:52:10.622Z,INFO,"IncomingMessage:"
999fe354-67e5-4609-906d-8a8df47ecf42,2025-12-20T20:52:10.623Z,INFO,"{""content"":""[Control Message]\nConfirmation ACK sent."",""chatId"":""5513991174080@c.us"",""author"":""5513991174080@c.us"",""metadata"":{""kind"":""ACK"",""block"":{""hash"":""f37682069050976b611ab4350e56d15ede5cf4739a80e27dc31adc250afd637a"",""previousHash"":""5073675b7a45b7a3633877b470ab3b26da25fe3efa6ba85351aa08a92ef80f09"",""counter"":37,""commitedMessage"":""2a81337a9bd4b8d24f5a3ad55f9292b70c027cacd9098b7a373783b4d74a3f1e""},""signature"":""c0vI5TLcukchjG+mn71e6hbdS38sxESQU+Jv41WSFeCuO+MeVxQ2t836E/jmDneIz/UEpFXgE4j4x7FnJhEFTQ==""},""messageId"":""false_5513991174080@c.us_3EB0E08D479B93CF274773"",""timestamp"":1766263929}"
c7386ae3-ad62-412b-bee8-e03988c135d9,2025-12-20T20:52:10.626Z,INFO,"Checking signature in ack."
af01623d-8ee4-40ea-a6b7-88ac530a5355,2025-12-20T20:52:10.627Z,INFO,"Verifying signature."
a044689a-c272-4e5a-88bd-8c062c49f56d,2025-12-20T20:52:10.629Z,INFO,"Finished verifying"
3dab45b3-3123-45c0-ae4a-1e371e5446b3,2025-12-20T20:52:18.137Z,INFO,"Message generated. Started calculating metadata."
439f495e-d406-4fff-bbf8-99d2d1f710ca,2025-12-20T20:52:18.145Z,INFO,"Initiated hashing."
7d1a1172-b867-4b29-aa9d-b25933adda24,2025-12-20T20:52:18.146Z,INFO,"Generating signature."
d52da776-b201-4493-bead-d0ab2f85b12a,2025-12-20T20:52:18.146Z,INFO,"Finished hashing."
21c39b33-0b4d-4fb3-8994-6c5843c1f807,2025-12-20T20:52:18.147Z,INFO,"Signature converted to string."
977f4977-ebc0-4d32-af0d-2acc0656fb36,2025-12-20T20:52:18.147Z,INFO,"Signature made."
8c1384fc-4387-4be0-9b08-92fcbf4890bc,2025-12-20T20:52:18.158Z,INFO,"Sending message:"
178978ef-2d69-4bd7-bd16-d69e101fd206,2025-12-20T20:52:18.159Z,INFO,"sCtl"
00dce16d-f79b-43af-b33a-dd1ff2f5f06b,2025-12-20T20:52:18.200Z,INFO,"New message arrived: "
ec896101-0a1e-4fe6-96a6-4acd383cac58,2025-12-20T20:52:18.200Z,INFO,"{""content"":""sCtl"",""chatId"":""5513991174080@c.us"",""author"":""4915757901339@c.us"",""metadata"":{""kind"":""AUDITABLE"",""block"":{""hash"":""e73260346c73d0a36002f11d83d9f2d52a6be8b3bfc2859c470c30eadb2ad1dc"",""previousHash"":""f37682069050976b611ab4350e56d15ede5cf4739a80e27dc31adc250afd637a"",""counter"":38,""commitedMessage"":""91517f528f2c2dba06070355840e072f4b648f3c2a6373519825853c3f9808c6""},""signature"":""ScUAsv/rRrI9WPQBKAwLbX2DIoU8qoAIs+eTB7EnwiR5nelrcMFMvgtiS+60wgzF6o3+e0xf4Z5AJooZdGdJhA==""},""messageId"":""true_5513991174080@c.us_3EB0135903BA7EA64BA4CE"",""timestamp"":1766263938}"
784bddc6-daab-48df-a7bf-a56911d67077,2025-12-20T20:52:18.214Z,INFO,"IncomingMessage:"
d407e080-bcfa-4ff3-a40c-d6024a78d152,2025-12-20T20:52:18.215Z,INFO,"{""content"":""sCtl"",""chatId"":""5513991174080@c.us"",""author"":""4915757901339@c.us"",""metadata"":{""kind"":""AUDITABLE"",""block"":{""hash"":""e73260346c73d0a36002f11d83d9f2d52a6be8b3bfc2859c470c30eadb2ad1dc"",""previousHash"":""f37682069050976b611ab4350e56d15ede5cf4739a80e27dc31adc250afd637a"",""counter"":38,""commitedMessage"":""91517f528f2c2dba06070355840e072f4b648f3c2a6373519825853c3f9808c6""},""signature"":""ScUAsv/rRrI9WPQBKAwLbX2DIoU8qoAIs+eTB7EnwiR5nelrcMFMvgtiS+60wgzF6o3+e0xf4Z5AJooZdGdJhA==""},""messageId"":""true_5513991174080@c.us_3EB0135903BA7EA64BA4CE"",""timestamp"":1766263938}"
5c273de6-689b-4e6d-b0a0-25c63d9e2efd,2025-12-20T20:52:18.805Z,INFO,"Message sent."
909be9c6-74a6-46c2-b4cb-2c65d142e299,2025-12-20T20:52:18.806Z,INFO,"{""ack"":1,""from"":""4915757901339@c.us"",""id"":""true_5513991174080@c.us_3EB0135903BA7EA64BA4CE"",""sendMsgResult"":{""count"":null,""messageSendResult"":""OK"",""t"":1766263938},""to"":""5513991174080@c.us""}"
7e9ad5b5-0bdc-4686-80a5-0317c9764b74,2025-12-20T20:52:20.007Z,INFO,"New message arrived: "
ffe08da9-f664-43b8-b044-3c1e7bac3cc1,2025-12-20T20:52:20.008Z,INFO,"{""content"":""[Control Message]\nConfirmation ACK sent."",""chatId"":""5513991174080@c.us"",""author"":""5513991174080@c.us"",""metadata"":{""kind"":""ACK"",""block"":{""hash"":""e73260346c73d0a36002f11d83d9f2d52a6be8b3bfc2859c470c30eadb2ad1dc"",""previousHash"":""f37682069050976b611ab4350e56d15ede5cf4739a80e27dc31adc250afd637a"",""counter"":38,""commitedMessage"":""91517f528f2c2dba06070355840e072f4b648f3c2a6373519825853c3f9808c6""},""signature"":""hgEPBv/eU7Xt8O1AdcxHPeejmQnm+E/puSY1eJAFdJVnNRX21D052P9s6NuswQ5/zN+BpUzwUC7zzZygGO68Xw==""},""messageId"":""false_5513991174080@c.us_3EB02A74127C14B0AEB4F2"",""timestamp"":1766263939}"
7505e585-2c88-4268-84e7-46a43b5be312,2025-12-20T20:52:20.672Z,INFO,"{""content"":""[Control Message]\nConfirmation ACK sent."",""chatId"":""5513991174080@c.us"",""author"":""5513991174080@c.us"",""metadata"":{""kind"":""ACK"",""block"":{""hash"":""e73260346c73d0a36002f11d83d9f2d52a6be8b3bfc2859c470c30eadb2ad1dc"",""previousHash"":""f37682069050976b611ab4350e56d15ede5cf4739a80e27dc31adc250afd637a"",""counter"":38,""commitedMessage"":""91517f528f2c2dba06070355840e072f4b648f3c2a6373519825853c3f9808c6""},""signature"":""hgEPBv/eU7Xt8O1AdcxHPeejmQnm+E/puSY1eJAFdJVnNRX21D052P9s6NuswQ5/zN+BpUzwUC7zzZygGO68Xw==""},""messageId"":""false_5513991174080@c.us_3EB02A74127C14B0AEB4F2"",""timestamp"":1766263939}"
d4267ef1-4b08-43cb-ace1-875862586819,2025-12-20T20:52:20.672Z,INFO,"IncomingMessage:"
43048565-98f7-41f2-8c31-d6c17bf3321c,2025-12-20T20:52:20.677Z,INFO,"Checking signature in ack."
c023fe15-2c62-4089-be0b-24b8007fd20d,2025-12-20T20:52:20.677Z,INFO,"Verifying signature."
f0ab8af3-8afd-4e26-8f8f-e3f8b5e107a2,2025-12-20T20:52:20.678Z,INFO,"Finished verifying"
ed4d18cf-be0f-4437-8f24-4c109028609e,2025-12-20T20:52:28.136Z,INFO,"Message generated. Started calculating metadata."
f2b805d1-da88-459e-b31a-3d123d99c94a,2025-12-20T20:52:28.147Z,INFO,"Initiated hashing."
28be5470-1183-40d0-9f43-dc353f46c292,2025-12-20T20:52:28.148Z,INFO,"Finished hashing."
9713448c-7ba9-45c9-a74a-fd0d9a94fb85,2025-12-20T20:52:28.149Z,INFO,"Generating signature."
7bf5c484-1dbb-4975-9264-8cc4bfb4e489,2025-12-20T20:52:28.151Z,INFO,"Signature converted to string."
ff4aabf6-abf9-4011-b910-4c7cfffb35c8,2025-12-20T20:52:28.151Z,INFO,"Signature made."
ad0ae02f-86e2-4206-b123-d1467946510c,2025-12-20T20:52:28.157Z,INFO,"Sending message:"
de1dfbe4-341c-460e-9405-31a3c9574ada,2025-12-20T20:52:28.158Z,INFO,"Zo1j"
801d0d9e-7cbf-43e1-a780-7dbc33ccf29f,2025-12-20T20:52:28.199Z,INFO,"{""content"":""Zo1j"",""chatId"":""5513991174080@c.us"",""author"":""4915757901339@c.us"",""metadata"":{""kind"":""AUDITABLE"",""block"":{""hash"":""ce4fdd1e31c506e314afdd1ad67926d35ef74f122d03456532154c2436d982ce"",""previousHash"":""e73260346c73d0a36002f11d83d9f2d52a6be8b3bfc2859c470c30eadb2ad1dc"",""counter"":39,""commitedMessage"":""f7f3b7e38b7c119bfd5e44f9132d1a2b758be0d4cd309a2c3520ed0348b458fa""},""signature"":""GqZR0bS4wcemcgEZYHb+rrTeZOWmq27UsGw2Xqv7eJfviqLn/mCdDipYfgixDpw63O71XW0xSl3AAcTIROs05g==""},""messageId"":""true_5513991174080@c.us_3EB0F7B663BEFC5955AB33"",""timestamp"":1766263948}"
c99c70b4-3827-4615-a40f-45e6eac8c006,2025-12-20T20:52:28.199Z,INFO,"New message arrived: "
d76ea02a-4a0b-4511-b720-87761e4dfa58,2025-12-20T20:52:28.212Z,INFO,"IncomingMessage:"
90b6fb12-70b7-4050-b82e-ba265176a274,2025-12-20T20:52:28.213Z,INFO,"{""content"":""Zo1j"",""chatId"":""5513991174080@c.us"",""author"":""4915757901339@c.us"",""metadata"":{""kind"":""AUDITABLE"",""block"":{""hash"":""ce4fdd1e31c506e314afdd1ad67926d35ef74f122d03456532154c2436d982ce"",""previousHash"":""e73260346c73d0a36002f11d83d9f2d52a6be8b3bfc2859c470c30eadb2ad1dc"",""counter"":39,""commitedMessage"":""f7f3b7e38b7c119bfd5e44f9132d1a2b758be0d4cd309a2c3520ed0348b458fa""},""signature"":""GqZR0bS4wcemcgEZYHb+rrTeZOWmq27UsGw2Xqv7eJfviqLn/mCdDipYfgixDpw63O71XW0xSl3AAcTIROs05g==""},""messageId"":""true_5513991174080@c.us_3EB0F7B663BEFC5955AB33"",""timestamp"":1766263948}"
164d8620-b5aa-4d9b-a6ec-3f29a60df091,2025-12-20T20:52:28.902Z,INFO,"{""ack"":1,""from"":""4915757901339@c.us"",""id"":""true_5513991174080@c.us_3EB0F7B663BEFC5955AB33"",""sendMsgResult"":{""count"":null,""messageSendResult"":""OK"",""t"":1766263948},""to"":""5513991174080@c.us""}"
76b19237-4ce3-4151-b748-3f3bdc36c822,2025-12-20T20:52:28.902Z,INFO,"Message sent."
86c3c75e-c845-4035-b797-3b06c1947124,2025-12-20T20:52:29.908Z,INFO,"New message arrived: "
c22bd965-1f3f-49c1-92f0-0ce1d57b67e4,2025-12-20T20:52:29.908Z,INFO,"{""content"":""[Control Message]\nConfirmation ACK sent."",""chatId"":""5513991174080@c.us"",""author"":""5513991174080@c.us"",""metadata"":{""kind"":""ACK"",""block"":{""hash"":""ce4fdd1e31c506e314afdd1ad67926d35ef74f122d03456532154c2436d982ce"",""previousHash"":""e73260346c73d0a36002f11d83d9f2d52a6be8b3bfc2859c470c30eadb2ad1dc"",""counter"":39,""commitedMessage"":""f7f3b7e38b7c119bfd5e44f9132d1a2b758be0d4cd309a2c3520ed0348b458fa""},""signature"":""iw1Qj1qhwPgUeDtxoOqtN9DvJNKoldtBbEdMaAVDgLO/6AJRu2nN5Yr+WSp1Zyw/TJbQOykuwXcSCZs6rsFTMw==""},""messageId"":""false_5513991174080@c.us_3EB0820260C664354D476C"",""timestamp"":1766263949}"
d7fde78a-1621-4219-9746-b0c533886fde,2025-12-20T20:52:30.573Z,INFO,"IncomingMessage:"
b5d10358-1c08-4b6b-ad2e-4e18447919e5,2025-12-20T20:52:30.574Z,INFO,"{""content"":""[Control Message]\nConfirmation ACK sent."",""chatId"":""5513991174080@c.us"",""author"":""5513991174080@c.us"",""metadata"":{""kind"":""ACK"",""block"":{""hash"":""ce4fdd1e31c506e314afdd1ad67926d35ef74f122d03456532154c2436d982ce"",""previousHash"":""e73260346c73d0a36002f11d83d9f2d52a6be8b3bfc2859c470c30eadb2ad1dc"",""counter"":39,""commitedMessage"":""f7f3b7e38b7c119bfd5e44f9132d1a2b758be0d4cd309a2c3520ed0348b458fa""},""signature"":""iw1Qj1qhwPgUeDtxoOqtN9DvJNKoldtBbEdMaAVDgLO/6AJRu2nN5Yr+WSp1Zyw/TJbQOykuwXcSCZs6rsFTMw==""},""messageId"":""false_5513991174080@c.us_3EB0820260C664354D476C"",""timestamp"":1766263949}"
a7b6f879-b17a-4862-9e3c-1146f7713c7e,2025-12-20T20:52:30.577Z,INFO,"Checking signature in ack."
11fe5dca-ae5b-4891-8cda-1448343fa605,2025-12-20T20:52:30.578Z,INFO,"Verifying signature."
05318790-7427-456b-84dd-d350ecaaef64,2025-12-20T20:52:30.579Z,INFO,"Finished verifying"
f8cb81e6-586e-4b67-80c4-d05617182885,2025-12-20T20:52:38.133Z,INFO,"Message generated. Started calculating metadata."
dc92a3dd-537b-4865-83cb-31e57d01bd3d,2025-12-20T20:52:38.142Z,INFO,"Initiated hashing."
67110997-bcdb-4665-a897-29cbc540ceed,2025-12-20T20:52:38.143Z,INFO,"Finished hashing."
ac2fd4e5-d9b7-4804-be08-a2e6435a62d9,2025-12-20T20:52:38.144Z,INFO,"Generating signature."
35ae03cf-455a-48e4-b708-494b0fc2eee8,2025-12-20T20:52:38.145Z,INFO,"Signature made."
576c06ce-0a28-4cb4-939d-0a232fc4491c,2025-12-20T20:52:38.146Z,INFO,"Signature converted to string."
34c66e71-b992-41bb-bf8f-000e3336f51e,2025-12-20T20:52:38.157Z,INFO,"Sending message:"
43e6bf30-6323-4906-ac8c-c545a1cb80b0,2025-12-20T20:52:38.157Z,INFO,"oWP8"
40c9b13b-8960-40ee-8a35-621dd3ba7ffc,2025-12-20T20:52:38.197Z,INFO,"New message arrived: "
d186ae45-02cf-460f-8322-1f7f6d9e71af,2025-12-20T20:52:38.197Z,INFO,"{""content"":""oWP8"",""chatId"":""5513991174080@c.us"",""author"":""4915757901339@c.us"",""metadata"":{""kind"":""AUDITABLE"",""block"":{""hash"":""37180ec413b64aa4e909a858bf6f9dd3580415f8ff1a444640f11c31f833172d"",""previousHash"":""ce4fdd1e31c506e314afdd1ad67926d35ef74f122d03456532154c2436d982ce"",""counter"":40,""commitedMessage"":""4845197707fb90b94b38a09227a9332ac801ccc51570940cfa7c2321bfcc9219""},""signature"":""cjD6N1zyXILNtp5DTcaZYMZSXrYblLSb0kCWnI+QpwoyA23Rq3ijQA7hcqjyE5/Jw7b1Go5R4WKU8+QKyZLV+g==""},""messageId"":""true_5513991174080@c.us_3EB0432CA7DE7D372FB0F7"",""timestamp"":1766263958}"
4cdcf130-ac07-48ab-a7b7-f039b2e9696d,2025-12-20T20:52:38.216Z,INFO,"IncomingMessage:"
477c2113-03c4-486f-b053-11809815a7b8,2025-12-20T20:52:38.217Z,INFO,"{""content"":""oWP8"",""chatId"":""5513991174080@c.us"",""author"":""4915757901339@c.us"",""metadata"":{""kind"":""AUDITABLE"",""block"":{""hash"":""37180ec413b64aa4e909a858bf6f9dd3580415f8ff1a444640f11c31f833172d"",""previousHash"":""ce4fdd1e31c506e314afdd1ad67926d35ef74f122d03456532154c2436d982ce"",""counter"":40,""commitedMessage"":""4845197707fb90b94b38a09227a9332ac801ccc51570940cfa7c2321bfcc9219""},""signature"":""cjD6N1zyXILNtp5DTcaZYMZSXrYblLSb0kCWnI+QpwoyA23Rq3ijQA7hcqjyE5/Jw7b1Go5R4WKU8+QKyZLV+g==""},""messageId"":""true_5513991174080@c.us_3EB0432CA7DE7D372FB0F7"",""timestamp"":1766263958}"
02430011-90e8-41be-b13c-980b4e43fa4e,2025-12-20T20:52:38.819Z,INFO,"Message sent."
2d54584b-5d87-42ee-9643-b6a37b89898b,2025-12-20T20:52:38.819Z,INFO,"{""ack"":1,""from"":""4915757901339@c.us"",""id"":""true_5513991174080@c.us_3EB0432CA7DE7D372FB0F7"",""sendMsgResult"":{""count"":null,""messageSendResult"":""OK"",""t"":1766263958},""to"":""5513991174080@c.us""}"
6516acde-67b5-4eb3-b68f-71bdd5d1c8ab,2025-12-20T20:52:39.956Z,INFO,"{""content"":""[Control Message]\nConfirmation ACK sent."",""chatId"":""5513991174080@c.us"",""author"":""5513991174080@c.us"",""metadata"":{""kind"":""ACK"",""block"":{""hash"":""37180ec413b64aa4e909a858bf6f9dd3580415f8ff1a444640f11c31f833172d"",""previousHash"":""ce4fdd1e31c506e314afdd1ad67926d35ef74f122d03456532154c2436d982ce"",""counter"":40,""commitedMessage"":""4845197707fb90b94b38a09227a9332ac801ccc51570940cfa7c2321bfcc9219""},""signature"":""ZtDbDWn5XDo4TekOzC12JdSPfe2dI965uS27Nucu1SK4SJgy6vNwtqTRldyMMTuaIRzNmvLM9fR8dgu5VYBtLg==""},""messageId"":""false_5513991174080@c.us_3EB090210347F1CC1562F8"",""timestamp"":1766263959}"
a236586c-513a-4d11-8692-1fe32034cd28,2025-12-20T20:52:39.956Z,INFO,"New message arrived: "
4670cfea-4716-4c7a-b8f5-7395fb4c6d17,2025-12-20T20:52:40.653Z,INFO,"IncomingMessage:"
61e271dd-5104-4d01-92cd-f6b4aaee1a9c,2025-12-20T20:52:40.654Z,INFO,"{""content"":""[Control Message]\nConfirmation ACK sent."",""chatId"":""5513991174080@c.us"",""author"":""5513991174080@c.us"",""metadata"":{""kind"":""ACK"",""block"":{""hash"":""37180ec413b64aa4e909a858bf6f9dd3580415f8ff1a444640f11c31f833172d"",""previousHash"":""ce4fdd1e31c506e314afdd1ad67926d35ef74f122d03456532154c2436d982ce"",""counter"":40,""commitedMessage"":""4845197707fb90b94b38a09227a9332ac801ccc51570940cfa7c2321bfcc9219""},""signature"":""ZtDbDWn5XDo4TekOzC12JdSPfe2dI965uS27Nucu1SK4SJgy6vNwtqTRldyMMTuaIRzNmvLM9fR8dgu5VYBtLg==""},""messageId"":""false_5513991174080@c.us_3EB090210347F1CC1562F8"",""timestamp"":1766263959}"
92b51b69-7f10-4787-b54e-be6b759e5e00,2025-12-20T20:52:40.658Z,INFO,"Checking signature in ack."
1cce2a7d-5ddd-47af-b88d-320fa219cc9c,2025-12-20T20:52:40.659Z,INFO,"Verifying signature."
4007c002-adb6-4f80-bd87-aaa71bf790d8,2025-12-20T20:52:40.660Z,INFO,"Finished verifying"
35d84886-a3f9-47e6-89b3-143f414c017d,2025-12-20T20:52:48.136Z,INFO,"Message generated. Started calculating metadata."
ef680add-a369-42be-9add-6c860eb0df4b,2025-12-20T20:52:48.147Z,INFO,"Initiated hashing."
e920aa6b-70fc-4223-b251-3358ebe4661c,2025-12-20T20:52:48.148Z,INFO,"Finished hashing."
a535af39-2593-436f-a72f-e4a17dc89a16,2025-12-20T20:52:48.150Z,INFO,"Generating signature."
5604de2e-9fd4-4d84-8dfb-01d91e284e5d,2025-12-20T20:52:48.151Z,INFO,"Signature made."
1793aa71-8f46-4c90-9b6e-7601611309e5,2025-12-20T20:52:48.152Z,INFO,"Signature converted to string."
cbe76e14-b646-4304-bfc9-76ae31880345,2025-12-20T20:52:48.160Z,INFO,"Sending message:"
1fa4c2db-2ffc-44df-addb-fe710ded6239,2025-12-20T20:52:48.161Z,INFO,"XMmC"
2c43a8db-d865-4cd9-8a7f-949ce7641c42,2025-12-20T20:52:48.196Z,INFO,"New message arrived: "
295af737-36df-4b90-bb2c-d4e8d6451512,2025-12-20T20:52:48.197Z,INFO,"{""content"":""XMmC"",""chatId"":""5513991174080@c.us"",""author"":""4915757901339@c.us"",""metadata"":{""kind"":""AUDITABLE"",""block"":{""hash"":""43a3afdbfb6de41a61a15326cc97914a7ec660b4bd4ad59ad2ba8aeecef5f469"",""previousHash"":""37180ec413b64aa4e909a858bf6f9dd3580415f8ff1a444640f11c31f833172d"",""counter"":41,""commitedMessage"":""f49818bb0495c641318d8d2d3acacd51241ea588fc9d973e8b95a7981f69927e""},""signature"":""cK3LM/xP8YvZTIxjHTn9l+o8gqO+JJMh4jAR27enlVrMzn2B7eEZTsUlt9Lz9xHc+ZVC/nUYX+/BLCayxQDolQ==""},""messageId"":""true_5513991174080@c.us_3EB0D0CE548C4BA3BB7277"",""timestamp"":1766263968}"
55eaa6a0-6c97-4294-8e83-00556b8c2769,2025-12-20T20:52:48.215Z,INFO,"IncomingMessage:"
22395500-de82-4c52-86a6-cb5bf8129bfa,2025-12-20T20:52:48.216Z,INFO,"{""content"":""XMmC"",""chatId"":""5513991174080@c.us"",""author"":""4915757901339@c.us"",""metadata"":{""kind"":""AUDITABLE"",""block"":{""hash"":""43a3afdbfb6de41a61a15326cc97914a7ec660b4bd4ad59ad2ba8aeecef5f469"",""previousHash"":""37180ec413b64aa4e909a858bf6f9dd3580415f8ff1a444640f11c31f833172d"",""counter"":41,""commitedMessage"":""f49818bb0495c641318d8d2d3acacd51241ea588fc9d973e8b95a7981f69927e""},""signature"":""cK3LM/xP8YvZTIxjHTn9l+o8gqO+JJMh4jAR27enlVrMzn2B7eEZTsUlt9Lz9xHc+ZVC/nUYX+/BLCayxQDolQ==""},""messageId"":""true_5513991174080@c.us_3EB0D0CE548C4BA3BB7277"",""timestamp"":1766263968}"
0b0537c3-8e2c-4d1c-bc0a-b88c9163608d,2025-12-20T20:52:48.820Z,INFO,"Message sent."
cf68ec46-966c-4d81-98db-0d2ce6349a5a,2025-12-20T20:52:48.821Z,INFO,"{""ack"":1,""from"":""4915757901339@c.us"",""id"":""true_5513991174080@c.us_3EB0D0CE548C4BA3BB7277"",""sendMsgResult"":{""count"":null,""messageSendResult"":""OK"",""t"":1766263968},""to"":""5513991174080@c.us""}"
0af3d680-0b43-4942-92b3-b384c27f4fb1,2025-12-20T20:52:49.754Z,INFO,"New message arrived: "
8f8da04f-7150-42b9-b4a6-a2020239e62b,2025-12-20T20:52:49.755Z,INFO,"{""content"":""[Control Message]\nConfirmation ACK sent."",""chatId"":""5513991174080@c.us"",""author"":""5513991174080@c.us"",""metadata"":{""kind"":""ACK"",""block"":{""hash"":""43a3afdbfb6de41a61a15326cc97914a7ec660b4bd4ad59ad2ba8aeecef5f469"",""previousHash"":""37180ec413b64aa4e909a858bf6f9dd3580415f8ff1a444640f11c31f833172d"",""counter"":41,""commitedMessage"":""f49818bb0495c641318d8d2d3acacd51241ea588fc9d973e8b95a7981f69927e""},""signature"":""9DwbnrEuqTDsM11UjQ7Uztnn1LHknkkAWN5D3gShosmlj0xrK4sUoXnDu3xQwB47BShsLlDVxaEkJallZeTQ9A==""},""messageId"":""false_5513991174080@c.us_3EB0C04A8614A6D56A7B18"",""timestamp"":1766263969}"
985af346-459b-4959-a2fb-1b516825474f,2025-12-20T20:52:50.399Z,INFO,"{""content"":""[Control Message]\nConfirmation ACK sent."",""chatId"":""5513991174080@c.us"",""author"":""5513991174080@c.us"",""metadata"":{""kind"":""ACK"",""block"":{""hash"":""43a3afdbfb6de41a61a15326cc97914a7ec660b4bd4ad59ad2ba8aeecef5f469"",""previousHash"":""37180ec413b64aa4e909a858bf6f9dd3580415f8ff1a444640f11c31f833172d"",""counter"":41,""commitedMessage"":""f49818bb0495c641318d8d2d3acacd51241ea588fc9d973e8b95a7981f69927e""},""signature"":""9DwbnrEuqTDsM11UjQ7Uztnn1LHknkkAWN5D3gShosmlj0xrK4sUoXnDu3xQwB47BShsLlDVxaEkJallZeTQ9A==""},""messageId"":""false_5513991174080@c.us_3EB0C04A8614A6D56A7B18"",""timestamp"":1766263969}"
d2c8b8ad-3566-4b52-a30f-4bf4df320026,2025-12-20T20:52:50.399Z,INFO,"IncomingMessage:"
cd0b76cf-4ef3-42fb-b997-e58369f86c9d,2025-12-20T20:52:50.401Z,INFO,"Checking signature in ack."
3219bc5b-5019-4a27-8e90-fd51c18487f0,2025-12-20T20:52:50.402Z,INFO,"Finished verifying"
e536c1c0-a213-4dd6-950c-47e24b6dc6c7,2025-12-20T20:52:50.402Z,INFO,"Verifying signature."
3836cb6f-01d8-4927-aec0-7504081e516a,2025-12-20T20:52:58.137Z,INFO,"Message generated. Started calculating metadata."
5252de09-f8b8-4adb-bd08-a6fc85647363,2025-12-20T20:52:58.146Z,INFO,"Initiated hashing."
64e9b33f-6e4a-4049-841e-b5895085a6b8,2025-12-20T20:52:58.147Z,INFO,"Finished hashing."
0050d252-bf6c-43b1-9fac-ed80586f0a87,2025-12-20T20:52:58.148Z,INFO,"Generating signature."
04f8010a-aa7c-42e3-a9a0-4bb2fc549c93,2025-12-20T20:52:58.149Z,INFO,"Signature made."
90b6a695-d819-4eab-b342-427d0edc3efe,2025-12-20T20:52:58.150Z,INFO,"Signature converted to string."
0f7b072b-ea60-4b32-8547-64c994ea8da3,2025-12-20T20:52:58.159Z,INFO,"Sending message:"
669614f8-22f7-469c-b596-e98336f53f28,2025-12-20T20:52:58.160Z,INFO,"VdFz"
09c51515-9cf4-4d99-be5c-dca4603c27a0,2025-12-20T20:52:58.203Z,INFO,"{""content"":""VdFz"",""chatId"":""5513991174080@c.us"",""author"":""4915757901339@c.us"",""metadata"":{""kind"":""AUDITABLE"",""block"":{""hash"":""c3504e4878563161adb0396c8c5a59e18a4ab0e454b8f44235348c2056c78c3a"",""previousHash"":""43a3afdbfb6de41a61a15326cc97914a7ec660b4bd4ad59ad2ba8aeecef5f469"",""counter"":42,""commitedMessage"":""71b12117e605bdc3b8886a4efc0a1588d5e32cd411481f394a7b74ec0efa2cf4""},""signature"":""k5yuzRlPs4C/l7wcEunEl9u7+O9aEunXIxObkAVI4Ok0aSvv9aFDfFG2PIGAsH4kPd3I5zVxXMgUMb1SkFnmiw==""},""messageId"":""true_5513991174080@c.us_3EB0D6E43120E76D714151"",""timestamp"":1766263978}"
3117b18f-b521-4485-be12-b0ceb606b7b8,2025-12-20T20:52:58.203Z,INFO,"New message arrived: "
281dafda-c3e8-416f-8aae-c9b70b4fa76c,2025-12-20T20:52:58.222Z,INFO,"IncomingMessage:"
b8c82847-6ef6-4c08-8b8e-305e0902538e,2025-12-20T20:52:58.223Z,INFO,"{""content"":""VdFz"",""chatId"":""5513991174080@c.us"",""author"":""4915757901339@c.us"",""metadata"":{""kind"":""AUDITABLE"",""block"":{""hash"":""c3504e4878563161adb0396c8c5a59e18a4ab0e454b8f44235348c2056c78c3a"",""previousHash"":""43a3afdbfb6de41a61a15326cc97914a7ec660b4bd4ad59ad2ba8aeecef5f469"",""counter"":42,""commitedMessage"":""71b12117e605bdc3b8886a4efc0a1588d5e32cd411481f394a7b74ec0efa2cf4""},""signature"":""k5yuzRlPs4C/l7wcEunEl9u7+O9aEunXIxObkAVI4Ok0aSvv9aFDfFG2PIGAsH4kPd3I5zVxXMgUMb1SkFnmiw==""},""messageId"":""true_5513991174080@c.us_3EB0D6E43120E76D714151"",""timestamp"":1766263978}"
fff65354-1a6a-40fc-8f48-567fbc9a38cf,2025-12-20T20:52:58.777Z,INFO,"Message sent."
b60bb0f5-4102-4f8f-930c-28f298278a3f,2025-12-20T20:52:58.778Z,INFO,"{""ack"":1,""from"":""4915757901339@c.us"",""id"":""true_5513991174080@c.us_3EB0D6E43120E76D714151"",""sendMsgResult"":{""count"":null,""messageSendResult"":""OK"",""t"":1766263978},""to"":""5513991174080@c.us""}"
5ada3676-1156-4fe2-8dab-7c42a855bd33,2025-12-20T20:52:59.662Z,INFO,"{""content"":""[Control Message]\nConfirmation ACK sent."",""chatId"":""5513991174080@c.us"",""author"":""5513991174080@c.us"",""metadata"":{""kind"":""ACK"",""block"":{""hash"":""c3504e4878563161adb0396c8c5a59e18a4ab0e454b8f44235348c2056c78c3a"",""previousHash"":""43a3afdbfb6de41a61a15326cc97914a7ec660b4bd4ad59ad2ba8aeecef5f469"",""counter"":42,""commitedMessage"":""71b12117e605bdc3b8886a4efc0a1588d5e32cd411481f394a7b74ec0efa2cf4""},""signature"":""jzXdndEhkzm84c+4e/l4AAuefawNODOcqoaBuiXMphJBGw/rNJvGYKA4q0e/gZRe/vlOqALflhkl0+RerIeHeQ==""},""messageId"":""false_5513991174080@c.us_3EB038C56067350F6F4BAB"",""timestamp"":1766263979}"
7ffe420f-c13e-46a9-a74f-feaf73a2b5e9,2025-12-20T20:52:59.662Z,INFO,"New message arrived: "
5f95f350-e57e-458b-82f7-cca59cdcb8f8,2025-12-20T20:53:00.386Z,INFO,"IncomingMessage:"
7b23f548-3e7e-400d-81f0-ae54f3d0e2c3,2025-12-20T20:53:00.386Z,INFO,"{""content"":""[Control Message]\nConfirmation ACK sent."",""chatId"":""5513991174080@c.us"",""author"":""5513991174080@c.us"",""metadata"":{""kind"":""ACK"",""block"":{""hash"":""c3504e4878563161adb0396c8c5a59e18a4ab0e454b8f44235348c2056c78c3a"",""previousHash"":""43a3afdbfb6de41a61a15326cc97914a7ec660b4bd4ad59ad2ba8aeecef5f469"",""counter"":42,""commitedMessage"":""71b12117e605bdc3b8886a4efc0a1588d5e32cd411481f394a7b74ec0efa2cf4""},""signature"":""jzXdndEhkzm84c+4e/l4AAuefawNODOcqoaBuiXMphJBGw/rNJvGYKA4q0e/gZRe/vlOqALflhkl0+RerIeHeQ==""},""messageId"":""false_5513991174080@c.us_3EB038C56067350F6F4BAB"",""timestamp"":1766263979}"
3985470b-21b9-4dee-a0de-6fb826f1f7df,2025-12-20T20:53:00.391Z,INFO,"Checking signature in ack."
5199e8f2-5cd0-4084-a5d0-278a502e2cdd,2025-12-20T20:53:00.393Z,INFO,"Verifying signature."
bf5a1a6b-f3a8-4445-a5b6-32c530fa7b2e,2025-12-20T20:53:00.394Z,INFO,"Finished verifying"
40937e91-2675-41e6-9aba-2b4c203133d9,2025-12-20T20:53:08.137Z,INFO,"Message generated. Started calculating metadata."
b1271300-bc22-4091-b419-d38eae80950f,2025-12-20T20:53:08.148Z,INFO,"Initiated hashing."
b14b4298-b48e-4034-924e-9166ac858e28,2025-12-20T20:53:08.149Z,INFO,"Finished hashing."
8e7e302a-4c75-454f-afbb-2734b85a5797,2025-12-20T20:53:08.150Z,INFO,"Generating signature."
39edeb18-bd00-4cb4-98e3-6bafc2ffc179,2025-12-20T20:53:08.151Z,INFO,"Signature made."
124c71eb-d779-424e-bd17-f0a307688790,2025-12-20T20:53:08.152Z,INFO,"Signature converted to string."
d6399c33-0c15-4f51-8083-0c3f2bf17075,2025-12-20T20:53:08.162Z,INFO,"Sending message:"
4895b26c-cba4-4fb0-9535-6232880eee1b,2025-12-20T20:53:08.163Z,INFO,"nT6K"
3b4e3f53-0746-4f92-ad24-d4bde6eb6775,2025-12-20T20:53:08.227Z,INFO,"New message arrived: "
8c87a43a-4547-4483-9cab-1cbf6764e69b,2025-12-20T20:53:08.228Z,INFO,"{""content"":""nT6K"",""chatId"":""5513991174080@c.us"",""author"":""4915757901339@c.us"",""metadata"":{""kind"":""AUDITABLE"",""block"":{""hash"":""ab1edfe6ba57a3d14a4b6b3ea2f0dbac5f5b2e4654a193c800bf0bbfa7018dfb"",""previousHash"":""c3504e4878563161adb0396c8c5a59e18a4ab0e454b8f44235348c2056c78c3a"",""counter"":43,""commitedMessage"":""9e1e3307f755c2da453c3008918b2f5b55d38b15c04f656c02b211953610f4e6""},""signature"":""I8kqdXLWzqDy1uAAIXdYcvu1g4IXzdrJbfXmMsfSLF2EO+vuIFI77AOVnG5ZnbGGq/fQ/vtGYyCmompgFMkFNw==""},""messageId"":""true_5513991174080@c.us_3EB01330253CA44AEBD833"",""timestamp"":1766263988}"
37d542d2-ae8f-4b97-be9b-f9d0a50354c4,2025-12-20T20:53:08.250Z,INFO,"IncomingMessage:"
c26f9015-6328-43e0-a617-01d1af01060e,2025-12-20T20:53:08.250Z,INFO,"{""content"":""nT6K"",""chatId"":""5513991174080@c.us"",""author"":""4915757901339@c.us"",""metadata"":{""kind"":""AUDITABLE"",""block"":{""hash"":""ab1edfe6ba57a3d14a4b6b3ea2f0dbac5f5b2e4654a193c800bf0bbfa7018dfb"",""previousHash"":""c3504e4878563161adb0396c8c5a59e18a4ab0e454b8f44235348c2056c78c3a"",""counter"":43,""commitedMessage"":""9e1e3307f755c2da453c3008918b2f5b55d38b15c04f656c02b211953610f4e6""},""signature"":""I8kqdXLWzqDy1uAAIXdYcvu1g4IXzdrJbfXmMsfSLF2EO+vuIFI77AOVnG5ZnbGGq/fQ/vtGYyCmompgFMkFNw==""},""messageId"":""true_5513991174080@c.us_3EB01330253CA44AEBD833"",""timestamp"":1766263988}"
2a393858-47b0-405a-aa94-2ec39b963cf0,2025-12-20T20:53:08.968Z,INFO,"Message sent."
99dcf07c-67d3-4de7-893f-58789cf758c7,2025-12-20T20:53:08.968Z,INFO,"{""ack"":1,""from"":""4915757901339@c.us"",""id"":""true_5513991174080@c.us_3EB01330253CA44AEBD833"",""sendMsgResult"":{""count"":null,""messageSendResult"":""OK"",""t"":1766263988},""to"":""5513991174080@c.us""}"
7defa941-31fb-4c28-9cde-e8bf28de2658,2025-12-20T20:53:09.990Z,INFO,"New message arrived: "
d54b1954-74e0-40a7-85d9-abc0a978c21a,2025-12-20T20:53:09.991Z,INFO,"{""content"":""[Control Message]\nConfirmation ACK sent."",""chatId"":""5513991174080@c.us"",""author"":""5513991174080@c.us"",""metadata"":{""kind"":""ACK"",""block"":{""hash"":""ab1edfe6ba57a3d14a4b6b3ea2f0dbac5f5b2e4654a193c800bf0bbfa7018dfb"",""previousHash"":""c3504e4878563161adb0396c8c5a59e18a4ab0e454b8f44235348c2056c78c3a"",""counter"":43,""commitedMessage"":""9e1e3307f755c2da453c3008918b2f5b55d38b15c04f656c02b211953610f4e6""},""signature"":""SGvhQgHRGc1wcXq8SwBogNXLKdcxR3xeLhLzVs/x4psEvxvfMgFZ7LNh0OoCjUdSHCzyfn3RWa1E78wS5IhjNw==""},""messageId"":""false_5513991174080@c.us_3EB0373A2CA08E949AE468"",""timestamp"":1766263989}"
ad236e2b-c968-4f5b-b049-f4cc47f62ac2,2025-12-20T20:53:10.674Z,INFO,"IncomingMessage:"
eaacb6ae-1f81-4ba9-b8e9-effc637eb6a5,2025-12-20T20:53:10.675Z,INFO,"{""content"":""[Control Message]\nConfirmation ACK sent."",""chatId"":""5513991174080@c.us"",""author"":""5513991174080@c.us"",""metadata"":{""kind"":""ACK"",""block"":{""hash"":""ab1edfe6ba57a3d14a4b6b3ea2f0dbac5f5b2e4654a193c800bf0bbfa7018dfb"",""previousHash"":""c3504e4878563161adb0396c8c5a59e18a4ab0e454b8f44235348c2056c78c3a"",""counter"":43,""commitedMessage"":""9e1e3307f755c2da453c3008918b2f5b55d38b15c04f656c02b211953610f4e6""},""signature"":""SGvhQgHRGc1wcXq8SwBogNXLKdcxR3xeLhLzVs/x4psEvxvfMgFZ7LNh0OoCjUdSHCzyfn3RWa1E78wS5IhjNw==""},""messageId"":""false_5513991174080@c.us_3EB0373A2CA08E949AE468"",""timestamp"":1766263989}"
f5caa407-31f6-4e97-8329-31421adf1448,2025-12-20T20:53:10.677Z,INFO,"Checking signature in ack."
37c1ecc9-4300-4591-a95a-c0026b591c69,2025-12-20T20:53:10.678Z,INFO,"Verifying signature."
4e26a555-992c-4005-ba43-5d6d11f9be60,2025-12-20T20:53:10.679Z,INFO,"Finished verifying"
4fb21754-9507-45cb-96aa-80611b872550,2025-12-20T20:53:18.133Z,INFO,"Message generated. Started calculating metadata."
6b308577-b53d-4ab7-abc6-350cc53b6c68,2025-12-20T20:53:18.140Z,INFO,"Initiated hashing."
a36eb1f1-d31c-457a-886a-76775f890df0,2025-12-20T20:53:18.140Z,INFO,"Finished hashing."
1f920390-9f97-46dc-9dc2-11ad201f8033,2025-12-20T20:53:18.141Z,INFO,"Generating signature."
f41dc784-ab8b-430f-9d88-1084f5407d04,2025-12-20T20:53:18.142Z,INFO,"Signature made."
cc52c18e-fc5f-46b5-9732-3e3bcc9a1e9f,2025-12-20T20:53:18.143Z,INFO,"Signature converted to string."
c763b62a-de33-448d-8212-ecf4adc52b99,2025-12-20T20:53:18.150Z,INFO,"Sending message:"
78f8647f-d288-47ea-b7d4-02593673a4ad,2025-12-20T20:53:18.151Z,INFO,"60eL"
db431403-17fb-4ada-8e52-6489952a083d,2025-12-20T20:53:18.200Z,INFO,"New message arrived: "
1d7bf698-2bca-4b7e-b863-37aafebb259e,2025-12-20T20:53:18.201Z,INFO,"{""content"":""60eL"",""chatId"":""5513991174080@c.us"",""author"":""4915757901339@c.us"",""metadata"":{""kind"":""AUDITABLE"",""block"":{""hash"":""3026e0817a9624f63db03a4bcd8ab66fa1fe11fe3cdf04f9c207a40e32f4f9dc"",""previousHash"":""ab1edfe6ba57a3d14a4b6b3ea2f0dbac5f5b2e4654a193c800bf0bbfa7018dfb"",""counter"":44,""commitedMessage"":""ddc89216955d226bec3aa5c29c0bdef7bbe84faa813d0099db22592698044b5f""},""signature"":""4BkN2WIrxaQRN2rgoSlXc/ZTDJuQZGe5SD9k1D1ll2/ajv/z2QSDlwnWxlmxDHdbdyKTq2sTZb36FtbuFmL5rw==""},""messageId"":""true_5513991174080@c.us_3EB0C06384523F0C5D3314"",""timestamp"":1766263998}"
8701dc36-83ea-4b3d-b5fd-343fd4611124,2025-12-20T20:53:18.234Z,INFO,"IncomingMessage:"
c22d211b-433e-4e76-ab4c-ff3271e10a7f,2025-12-20T20:53:18.235Z,INFO,"{""content"":""60eL"",""chatId"":""5513991174080@c.us"",""author"":""4915757901339@c.us"",""metadata"":{""kind"":""AUDITABLE"",""block"":{""hash"":""3026e0817a9624f63db03a4bcd8ab66fa1fe11fe3cdf04f9c207a40e32f4f9dc"",""previousHash"":""ab1edfe6ba57a3d14a4b6b3ea2f0dbac5f5b2e4654a193c800bf0bbfa7018dfb"",""counter"":44,""commitedMessage"":""ddc89216955d226bec3aa5c29c0bdef7bbe84faa813d0099db22592698044b5f""},""signature"":""4BkN2WIrxaQRN2rgoSlXc/ZTDJuQZGe5SD9k1D1ll2/ajv/z2QSDlwnWxlmxDHdbdyKTq2sTZb36FtbuFmL5rw==""},""messageId"":""true_5513991174080@c.us_3EB0C06384523F0C5D3314"",""timestamp"":1766263998}"
7a8e79e4-a4bb-4380-ae38-5a1be6748ea5,2025-12-20T20:53:18.815Z,INFO,"Message sent."
ed01f90f-a291-4cef-bfb9-f4bf27281ba2,2025-12-20T20:53:18.816Z,INFO,"{""ack"":1,""from"":""4915757901339@c.us"",""id"":""true_5513991174080@c.us_3EB0C06384523F0C5D3314"",""sendMsgResult"":{""count"":null,""messageSendResult"":""OK"",""t"":1766263998},""to"":""5513991174080@c.us""}"
27ff4cab-70fb-4c07-985e-32dc7f871d45,2025-12-20T20:53:19.831Z,INFO,"New message arrived: "
46df66c2-d3c6-4d73-877c-9d6757ae5756,2025-12-20T20:53:19.832Z,INFO,"{""content"":""[Control Message]\nConfirmation ACK sent."",""chatId"":""5513991174080@c.us"",""author"":""5513991174080@c.us"",""metadata"":{""kind"":""ACK"",""block"":{""hash"":""3026e0817a9624f63db03a4bcd8ab66fa1fe11fe3cdf04f9c207a40e32f4f9dc"",""previousHash"":""ab1edfe6ba57a3d14a4b6b3ea2f0dbac5f5b2e4654a193c800bf0bbfa7018dfb"",""counter"":44,""commitedMessage"":""ddc89216955d226bec3aa5c29c0bdef7bbe84faa813d0099db22592698044b5f""},""signature"":""KSGBFKERMbol1XDwqwIVmawuOeuRRhhaKrJ1zLF6aH5d2LvvogwRI1L98Ub6fHlMJ3ZeFHx7o7W7U/lmAAPj8w==""},""messageId"":""false_5513991174080@c.us_3EB0B2F6D284499FF891F7"",""timestamp"":1766263999}"
70a87618-0389-421b-a7a9-8751b6c2fb64,2025-12-20T20:53:20.527Z,INFO,"IncomingMessage:"
51edfc85-7bca-4a14-9cb2-2c5d4f9467bb,2025-12-20T20:53:20.528Z,INFO,"{""content"":""[Control Message]\nConfirmation ACK sent."",""chatId"":""5513991174080@c.us"",""author"":""5513991174080@c.us"",""metadata"":{""kind"":""ACK"",""block"":{""hash"":""3026e0817a9624f63db03a4bcd8ab66fa1fe11fe3cdf04f9c207a40e32f4f9dc"",""previousHash"":""ab1edfe6ba57a3d14a4b6b3ea2f0dbac5f5b2e4654a193c800bf0bbfa7018dfb"",""counter"":44,""commitedMessage"":""ddc89216955d226bec3aa5c29c0bdef7bbe84faa813d0099db22592698044b5f""},""signature"":""KSGBFKERMbol1XDwqwIVmawuOeuRRhhaKrJ1zLF6aH5d2LvvogwRI1L98Ub6fHlMJ3ZeFHx7o7W7U/lmAAPj8w==""},""messageId"":""false_5513991174080@c.us_3EB0B2F6D284499FF891F7"",""timestamp"":1766263999}"
932afb05-222f-469f-9363-b39991e4e1b2,2025-12-20T20:53:20.532Z,INFO,"Checking signature in ack."
0eb4d316-ee69-4f50-a9a9-34a569c47d0d,2025-12-20T20:53:20.533Z,INFO,"Verifying signature."
750beff9-30a7-419f-8d78-03941cd90aab,2025-12-20T20:53:20.535Z,INFO,"Finished verifying"
cf619aa5-ee23-4941-b6d6-183717164b6f,2025-12-20T20:53:28.136Z,INFO,"Message generated. Started calculating metadata."
8c766798-dc87-4fdc-95bf-25f4c676dc78,2025-12-20T20:53:28.145Z,INFO,"Initiated hashing."
a0245220-53a7-4d4b-b6d6-2ba951e30f1e,2025-12-20T20:53:28.146Z,INFO,"Finished hashing."
bbb5cbbe-cbc4-499b-961e-c424aaf91fd5,2025-12-20T20:53:28.147Z,INFO,"Generating signature."
2f9b3dfb-195e-445c-8b32-3cca9a11e94f,2025-12-20T20:53:28.148Z,INFO,"Signature made."
d5475814-0093-4d26-a1e8-dd0ccfc4571d,2025-12-20T20:53:28.149Z,INFO,"Signature converted to string."
7adcdf5e-fa85-4116-8e98-2a0564d70a08,2025-12-20T20:53:28.156Z,INFO,"Sending message:"
c13853c0-84a9-4e5b-9747-b58ce57a7dc3,2025-12-20T20:53:28.156Z,INFO,"N13X"
4eecf1c6-2e52-408f-a0cc-82eda93e3910,2025-12-20T20:53:28.195Z,INFO,"New message arrived: "
29d5d4e4-2c44-4b6a-be53-fd3d772344c9,2025-12-20T20:53:28.196Z,INFO,"{""content"":""N13X"",""chatId"":""5513991174080@c.us"",""author"":""4915757901339@c.us"",""metadata"":{""kind"":""AUDITABLE"",""block"":{""hash"":""b9d3447f36a836992c0eeb1740756416546cb6a24d2a362e9cf42ac3a8754f01"",""previousHash"":""3026e0817a9624f63db03a4bcd8ab66fa1fe11fe3cdf04f9c207a40e32f4f9dc"",""counter"":45,""commitedMessage"":""83ef846128a9e82f272ef77673e68a43a522c3182fcc3d9eefc9501ed967aa0f""},""signature"":""KKywziW6pdoSdXNuvZpTiluR9n3aPhp2ED7Ea59jZaWK/tlOUwQNce49ZfOtEgxjuZJY3qQL0VS5DjAP01ZMtg==""},""messageId"":""true_5513991174080@c.us_3EB0411B56E825E457A082"",""timestamp"":1766264008}"
49377364-ca77-4980-b7d6-6aaea09be6ea,2025-12-20T20:53:28.213Z,INFO,"{""content"":""N13X"",""chatId"":""5513991174080@c.us"",""author"":""4915757901339@c.us"",""metadata"":{""kind"":""AUDITABLE"",""block"":{""hash"":""b9d3447f36a836992c0eeb1740756416546cb6a24d2a362e9cf42ac3a8754f01"",""previousHash"":""3026e0817a9624f63db03a4bcd8ab66fa1fe11fe3cdf04f9c207a40e32f4f9dc"",""counter"":45,""commitedMessage"":""83ef846128a9e82f272ef77673e68a43a522c3182fcc3d9eefc9501ed967aa0f""},""signature"":""KKywziW6pdoSdXNuvZpTiluR9n3aPhp2ED7Ea59jZaWK/tlOUwQNce49ZfOtEgxjuZJY3qQL0VS5DjAP01ZMtg==""},""messageId"":""true_5513991174080@c.us_3EB0411B56E825E457A082"",""timestamp"":1766264008}"
d3c7d49d-e0c6-40c6-95ad-9a91aa22540b,2025-12-20T20:53:28.213Z,INFO,"IncomingMessage:"
073c05f8-8690-4109-97a9-bca5663f1acb,2025-12-20T20:53:28.899Z,INFO,"Message sent."
a261329c-a5bb-41ed-9446-902223359051,2025-12-20T20:53:28.900Z,INFO,"{""ack"":1,""from"":""4915757901339@c.us"",""id"":""true_5513991174080@c.us_3EB0411B56E825E457A082"",""sendMsgResult"":{""count"":null,""messageSendResult"":""OK"",""t"":1766264008},""to"":""5513991174080@c.us""}"
8d4e7fb8-5f77-42d1-b823-60312d060e6e,2025-12-20T20:53:29.752Z,INFO,"New message arrived: "
b5c3dba5-8f47-4287-8cf9-7f7228392fc9,2025-12-20T20:53:29.752Z,INFO,"{""content"":""[Control Message]\nConfirmation ACK sent."",""chatId"":""5513991174080@c.us"",""author"":""5513991174080@c.us"",""metadata"":{""kind"":""ACK"",""block"":{""hash"":""b9d3447f36a836992c0eeb1740756416546cb6a24d2a362e9cf42ac3a8754f01"",""previousHash"":""3026e0817a9624f63db03a4bcd8ab66fa1fe11fe3cdf04f9c207a40e32f4f9dc"",""counter"":45,""commitedMessage"":""83ef846128a9e82f272ef77673e68a43a522c3182fcc3d9eefc9501ed967aa0f""},""signature"":""il0L+UI5hzlKm9xL7AXMTiKzwVJKeyBYD+eEj/Lt7fzT/JNLji6xHO2N0AaavgsvJDlUDf/KoHeDux+AnEYR8A==""},""messageId"":""false_5513991174080@c.us_3EB02DA2B92F941ED3EF63"",""timestamp"":1766264009}"
27961140-41e5-4b3c-bbff-1cb4e12554b4,2025-12-20T20:53:30.413Z,INFO,"IncomingMessage:"
29b07150-0ff5-44e4-8d20-1f25701fb005,2025-12-20T20:53:30.413Z,INFO,"{""content"":""[Control Message]\nConfirmation ACK sent."",""chatId"":""5513991174080@c.us"",""author"":""5513991174080@c.us"",""metadata"":{""kind"":""ACK"",""block"":{""hash"":""b9d3447f36a836992c0eeb1740756416546cb6a24d2a362e9cf42ac3a8754f01"",""previousHash"":""3026e0817a9624f63db03a4bcd8ab66fa1fe11fe3cdf04f9c207a40e32f4f9dc"",""counter"":45,""commitedMessage"":""83ef846128a9e82f272ef77673e68a43a522c3182fcc3d9eefc9501ed967aa0f""},""signature"":""il0L+UI5hzlKm9xL7AXMTiKzwVJKeyBYD+eEj/Lt7fzT/JNLji6xHO2N0AaavgsvJDlUDf/KoHeDux+AnEYR8A==""},""messageId"":""false_5513991174080@c.us_3EB02DA2B92F941ED3EF63"",""timestamp"":1766264009}"
e9b97685-3b5b-4b67-a127-5748547de85b,2025-12-20T20:53:30.422Z,INFO,"Checking signature in ack."
c67a59af-e91c-462f-9624-08deced15a6a,2025-12-20T20:53:30.424Z,INFO,"Verifying signature."
d5e7a322-36f6-4f4d-9794-76c258f5518d,2025-12-20T20:53:30.425Z,INFO,"Finished verifying"
398bffa1-30f1-4d07-b6ef-f96163946522,2025-12-20T20:53:38.137Z,INFO,"Message generated. Started calculating metadata."
d182c68a-f777-4c48-b047-a1f139e49135,2025-12-20T20:53:38.163Z,INFO,"Initiated hashing."
e10f3dbf-59a2-414c-9630-2fbd5a5460bc,2025-12-20T20:53:38.163Z,INFO,"Finished hashing."
21b8a0a3-84b1-4e19-a4cb-4cb6c5096530,2025-12-20T20:53:38.164Z,INFO,"Signature made."
466c18e9-b8c9-4c41-a19a-cb073b192cbb,2025-12-20T20:53:38.164Z,INFO,"Signature converted to string."
d53e8aa5-1a76-40cf-b4e8-f9b2f08c29aa,2025-12-20T20:53:38.164Z,INFO,"Generating signature."
7dfbb905-f63c-48b8-bbff-2bb8c50808b0,2025-12-20T20:53:38.176Z,INFO,"Sending message:"
e9270500-9f78-458e-80de-7ca49b38a1e4,2025-12-20T20:53:38.177Z,INFO,"u9wL"
b0bd43d7-dbd0-40c1-9067-bdb8960c8791,2025-12-20T20:53:38.212Z,INFO,"New message arrived: "
eb7f8cea-59e1-48d0-8999-efb81447ca93,2025-12-20T20:53:38.213Z,INFO,"{""content"":""u9wL"",""chatId"":""5513991174080@c.us"",""author"":""4915757901339@c.us"",""metadata"":{""kind"":""AUDITABLE"",""block"":{""hash"":""a58f5d47d1d23342a885e0e295dd88a9f2ca86970546f4f676eedc0350651906"",""previousHash"":""b9d3447f36a836992c0eeb1740756416546cb6a24d2a362e9cf42ac3a8754f01"",""counter"":46,""commitedMessage"":""86d83acf52335c3d5423d1a3d4b4eed927ca844dd67044090b83d3a56954e323""},""signature"":""55R3vTSwiDQfVjjDU+sfczlb6SQ77aziAt0Zi36CN0trjnCP4No2psnVH4ukwM87TgsXeyb+z1WeMwXbsOcWaQ==""},""messageId"":""true_5513991174080@c.us_3EB0CEA6DD1F4644DD5E96"",""timestamp"":1766264017}"
a80f8b22-5ad2-408c-8458-f0226b15995c,2025-12-20T20:53:38.231Z,INFO,"IncomingMessage:"
928ecdce-6dc6-45b1-b6c2-ffb04169a46a,2025-12-20T20:53:38.232Z,INFO,"{""content"":""u9wL"",""chatId"":""5513991174080@c.us"",""author"":""4915757901339@c.us"",""metadata"":{""kind"":""AUDITABLE"",""block"":{""hash"":""a58f5d47d1d23342a885e0e295dd88a9f2ca86970546f4f676eedc0350651906"",""previousHash"":""b9d3447f36a836992c0eeb1740756416546cb6a24d2a362e9cf42ac3a8754f01"",""counter"":46,""commitedMessage"":""86d83acf52335c3d5423d1a3d4b4eed927ca844dd67044090b83d3a56954e323""},""signature"":""55R3vTSwiDQfVjjDU+sfczlb6SQ77aziAt0Zi36CN0trjnCP4No2psnVH4ukwM87TgsXeyb+z1WeMwXbsOcWaQ==""},""messageId"":""true_5513991174080@c.us_3EB0CEA6DD1F4644DD5E96"",""timestamp"":1766264017}"
94bcb896-2795-4eb6-bf7b-9a28672b7103,2025-12-20T20:53:38.871Z,INFO,"Message sent."
057732a6-a335-4d4b-bafe-b221d0624a33,2025-12-20T20:53:38.872Z,INFO,"{""ack"":1,""from"":""4915757901339@c.us"",""id"":""true_5513991174080@c.us_3EB0CEA6DD1F4644DD5E96"",""sendMsgResult"":{""count"":null,""messageSendResult"":""OK"",""t"":1766264018},""to"":""5513991174080@c.us""}"
121db5c1-26e1-4c36-be71-c0886325c53b,2025-12-20T20:53:39.842Z,INFO,"New message arrived: "
ae2143f2-9d2e-4cc5-8af5-d3cbedcbd427,2025-12-20T20:53:39.842Z,INFO,"{""content"":""[Control Message]\nConfirmation ACK sent."",""chatId"":""5513991174080@c.us"",""author"":""5513991174080@c.us"",""metadata"":{""kind"":""ACK"",""block"":{""hash"":""a58f5d47d1d23342a885e0e295dd88a9f2ca86970546f4f676eedc0350651906"",""previousHash"":""b9d3447f36a836992c0eeb1740756416546cb6a24d2a362e9cf42ac3a8754f01"",""counter"":46,""commitedMessage"":""86d83acf52335c3d5423d1a3d4b4eed927ca844dd67044090b83d3a56954e323""},""signature"":""BYoCqWfWPQpf3pR+UDgDxAHD/AVPflIMiFAnl/c1bweIkpZ/JOUgzqmvmA6HTSLOx14SsIm8lRk6p1KzKH4IYg==""},""messageId"":""false_5513991174080@c.us_3EB0BE4DA4D24D80922AD5"",""timestamp"":1766264019}"
632200d8-db23-4897-8cbe-6e736bbed901,2025-12-20T20:53:40.520Z,INFO,"IncomingMessage:"
d570c1ec-062f-4e69-82fe-8d079f9ce6b2,2025-12-20T20:53:40.520Z,INFO,"{""content"":""[Control Message]\nConfirmation ACK sent."",""chatId"":""5513991174080@c.us"",""author"":""5513991174080@c.us"",""metadata"":{""kind"":""ACK"",""block"":{""hash"":""a58f5d47d1d23342a885e0e295dd88a9f2ca86970546f4f676eedc0350651906"",""previousHash"":""b9d3447f36a836992c0eeb1740756416546cb6a24d2a362e9cf42ac3a8754f01"",""counter"":46,""commitedMessage"":""86d83acf52335c3d5423d1a3d4b4eed927ca844dd67044090b83d3a56954e323""},""signature"":""BYoCqWfWPQpf3pR+UDgDxAHD/AVPflIMiFAnl/c1bweIkpZ/JOUgzqmvmA6HTSLOx14SsIm8lRk6p1KzKH4IYg==""},""messageId"":""false_5513991174080@c.us_3EB0BE4DA4D24D80922AD5"",""timestamp"":1766264019}"
5e3dba54-ac4f-4d83-bd39-12faba5ed1ac,2025-12-20T20:53:40.522Z,INFO,"Checking signature in ack."
9701c16a-f57c-4286-a2da-9de6c7f70c34,2025-12-20T20:53:40.523Z,INFO,"Verifying signature."
ca6f72c2-4226-4c08-aa0d-3d5521b48dcb,2025-12-20T20:53:40.524Z,INFO,"Finished verifying"
bb94e51e-71d3-4af2-8691-8d82c4eab1a5,2025-12-20T20:53:48.136Z,INFO,"Message generated. Started calculating metadata."
211a8426-c95f-41a7-bcda-5b4eb4dd500a,2025-12-20T20:53:48.146Z,INFO,"Finished hashing."
cc8a02d8-564b-4c43-b34d-db4562799cce,2025-12-20T20:53:48.146Z,INFO,"Initiated hashing."
b3d8006e-5a11-46d4-bc89-8cd508ab3227,2025-12-20T20:53:48.147Z,INFO,"Generating signature."
41509be8-29bd-4301-9329-a6fbbf32c307,2025-12-20T20:53:48.148Z,INFO,"Signature converted to string."
edd6d30b-c096-4f0a-932b-95e99044ce9c,2025-12-20T20:53:48.148Z,INFO,"Signature made."
19ecf9ab-ae24-4087-b810-ce2e40b507b6,2025-12-20T20:53:48.158Z,INFO,"2It4"
6e542343-6838-4743-bdb3-48bcf06415e1,2025-12-20T20:53:48.158Z,INFO,"Sending message:"
0a895716-202e-4c5a-8412-d92b46d9abe7,2025-12-20T20:53:48.208Z,INFO,"{""content"":""2It4"",""chatId"":""5513991174080@c.us"",""author"":""4915757901339@c.us"",""metadata"":{""kind"":""AUDITABLE"",""block"":{""hash"":""fb775af5dae17e8534cbd1eeec20bfaffd3e5405c1d72df17652e3a0fafdeefe"",""previousHash"":""a58f5d47d1d23342a885e0e295dd88a9f2ca86970546f4f676eedc0350651906"",""counter"":47,""commitedMessage"":""d959556c30a5397242c34a3620d2afb2301a655b3c57f5832ea7befdea18af5a""},""signature"":""9aN6ON+/d3U6pN16kOTg36Vke+SMFzrylKNbcEzaOW174tovgkbSH3ETCfDgMJmRM3/avAULZmt1+PWk/qMCBg==""},""messageId"":""true_5513991174080@c.us_3EB01C380D607C7FE795F5"",""timestamp"":1766264027}"
3b341712-e869-4a6f-9255-8d65dcefabd3,2025-12-20T20:53:48.208Z,INFO,"New message arrived: "
a23a0fec-e8fc-457e-8307-0907f437a9f9,2025-12-20T20:53:48.229Z,INFO,"IncomingMessage:"
b166afa8-62b9-4c40-a34b-af2b1b99d9ff,2025-12-20T20:53:48.229Z,INFO,"{""content"":""2It4"",""chatId"":""5513991174080@c.us"",""author"":""4915757901339@c.us"",""metadata"":{""kind"":""AUDITABLE"",""block"":{""hash"":""fb775af5dae17e8534cbd1eeec20bfaffd3e5405c1d72df17652e3a0fafdeefe"",""previousHash"":""a58f5d47d1d23342a885e0e295dd88a9f2ca86970546f4f676eedc0350651906"",""counter"":47,""commitedMessage"":""d959556c30a5397242c34a3620d2afb2301a655b3c57f5832ea7befdea18af5a""},""signature"":""9aN6ON+/d3U6pN16kOTg36Vke+SMFzrylKNbcEzaOW174tovgkbSH3ETCfDgMJmRM3/avAULZmt1+PWk/qMCBg==""},""messageId"":""true_5513991174080@c.us_3EB01C380D607C7FE795F5"",""timestamp"":1766264027}"
83bb7d4a-2671-4dbe-96ce-3f1f53e4900a,2025-12-20T20:53:48.914Z,INFO,"Message sent."
e7a53c71-68bb-4174-ad46-754f9e3e4a64,2025-12-20T20:53:48.914Z,INFO,"{""ack"":1,""from"":""4915757901339@c.us"",""id"":""true_5513991174080@c.us_3EB01C380D607C7FE795F5"",""sendMsgResult"":{""count"":null,""messageSendResult"":""OK"",""t"":1766264028},""to"":""5513991174080@c.us""}"
73e17a5d-5ff0-4c0f-94f7-876fc7119fbe,2025-12-20T20:53:49.902Z,INFO,"New message arrived: "
ef62901b-c5de-4dcc-a8af-8a6caf4b040b,2025-12-20T20:53:49.903Z,INFO,"{""content"":""[Control Message]\nConfirmation ACK sent."",""chatId"":""5513991174080@c.us"",""author"":""5513991174080@c.us"",""metadata"":{""kind"":""ACK"",""block"":{""hash"":""fb775af5dae17e8534cbd1eeec20bfaffd3e5405c1d72df17652e3a0fafdeefe"",""previousHash"":""a58f5d47d1d23342a885e0e295dd88a9f2ca86970546f4f676eedc0350651906"",""counter"":47,""commitedMessage"":""d959556c30a5397242c34a3620d2afb2301a655b3c57f5832ea7befdea18af5a""},""signature"":""3cK2XunFk18HPaM0PnYeql6XBVx1UcsDhnjJPFV72FECNo3ywzwoJhzhb3jCiaSe6jyYSSDoT+ug79zXS51Blw==""},""messageId"":""false_5513991174080@c.us_3EB0D0310A551D5DBE3264"",""timestamp"":1766264029}"
df54fde5-2437-466a-afc7-e64555e23ea6,2025-12-20T20:53:50.604Z,INFO,"IncomingMessage:"
cac8db09-438a-493e-adca-4efe4b92c466,2025-12-20T20:53:50.605Z,INFO,"{""content"":""[Control Message]\nConfirmation ACK sent."",""chatId"":""5513991174080@c.us"",""author"":""5513991174080@c.us"",""metadata"":{""kind"":""ACK"",""block"":{""hash"":""fb775af5dae17e8534cbd1eeec20bfaffd3e5405c1d72df17652e3a0fafdeefe"",""previousHash"":""a58f5d47d1d23342a885e0e295dd88a9f2ca86970546f4f676eedc0350651906"",""counter"":47,""commitedMessage"":""d959556c30a5397242c34a3620d2afb2301a655b3c57f5832ea7befdea18af5a""},""signature"":""3cK2XunFk18HPaM0PnYeql6XBVx1UcsDhnjJPFV72FECNo3ywzwoJhzhb3jCiaSe6jyYSSDoT+ug79zXS51Blw==""},""messageId"":""false_5513991174080@c.us_3EB0D0310A551D5DBE3264"",""timestamp"":1766264029}"
5e9eac2c-ec82-40df-869f-e99cd2d893d2,2025-12-20T20:53:50.607Z,INFO,"Checking signature in ack."
21025658-abff-49e4-92d6-8d023efa702a,2025-12-20T20:53:50.608Z,INFO,"Verifying signature."
8eb3f28e-c80c-43b0-8bab-4ee44cd3d469,2025-12-20T20:53:50.609Z,INFO,"Finished verifying"
bfcccf61-d3c4-4039-9ff3-34baafd90b81,2025-12-20T20:53:58.138Z,INFO,"Message generated. Started calculating metadata."
e776e26b-d052-43cc-af7c-c814fae44fa8,2025-12-20T20:53:58.146Z,INFO,"Initiated hashing."
e7a6fefe-6f39-444a-8c06-adea9986757a,2025-12-20T20:53:58.147Z,INFO,"Generating signature."
fabb3bbe-25a9-4af0-8ecb-e983fb3d1b2e,2025-12-20T20:53:58.147Z,INFO,"Finished hashing."
7d4cf48c-b667-4589-874b-9725737aa801,2025-12-20T20:53:58.148Z,INFO,"Signature made."
8fdd84ee-b6b4-4066-abd6-5c7e525fff5f,2025-12-20T20:53:58.149Z,INFO,"Signature converted to string."
03bd915b-fd22-4667-bd0f-e9c9539f841e,2025-12-20T20:53:58.160Z,INFO,"Sending message:"
9aa13f0f-c1b1-424b-b160-52edde9614b0,2025-12-20T20:53:58.161Z,INFO,"VrML"
72be1df2-c140-440c-b5b4-1513910dccd0,2025-12-20T20:53:58.203Z,INFO,"New message arrived: "
072e330d-7783-497d-a965-fbb185bf2ea0,2025-12-20T20:53:58.204Z,INFO,"{""content"":""VrML"",""chatId"":""5513991174080@c.us"",""author"":""4915757901339@c.us"",""metadata"":{""kind"":""AUDITABLE"",""block"":{""hash"":""ec1d1f4221a37f6f0f7ee9eaf0b2656382740313efe0e96d6b19d77d7bdae609"",""previousHash"":""fb775af5dae17e8534cbd1eeec20bfaffd3e5405c1d72df17652e3a0fafdeefe"",""counter"":48,""commitedMessage"":""c2112646d4d5313958f8ae09b4e5e2239f6331ca7267a06f2b4e38058f6d5a82""},""signature"":""FwZVAOpkZc2kwZ6d40NGBAI2fDFSZm7otp61m8S2T5s6vcE0Vxd7+WQIgDhmwSfKfB7uFYC5Tt6KRsXot1/8rw==""},""messageId"":""true_5513991174080@c.us_3EB0FB9855C2F52B807BE4"",""timestamp"":1766264037}"
3232a9ca-fa71-4487-b643-052fae84f8ad,2025-12-20T20:53:58.237Z,INFO,"{""content"":""VrML"",""chatId"":""5513991174080@c.us"",""author"":""4915757901339@c.us"",""metadata"":{""kind"":""AUDITABLE"",""block"":{""hash"":""ec1d1f4221a37f6f0f7ee9eaf0b2656382740313efe0e96d6b19d77d7bdae609"",""previousHash"":""fb775af5dae17e8534cbd1eeec20bfaffd3e5405c1d72df17652e3a0fafdeefe"",""counter"":48,""commitedMessage"":""c2112646d4d5313958f8ae09b4e5e2239f6331ca7267a06f2b4e38058f6d5a82""},""signature"":""FwZVAOpkZc2kwZ6d40NGBAI2fDFSZm7otp61m8S2T5s6vcE0Vxd7+WQIgDhmwSfKfB7uFYC5Tt6KRsXot1/8rw==""},""messageId"":""true_5513991174080@c.us_3EB0FB9855C2F52B807BE4"",""timestamp"":1766264037}"
d2ebc417-f7c0-4330-b0e9-089c24d563cd,2025-12-20T20:53:58.237Z,INFO,"IncomingMessage:"
637b4584-89c2-4a8a-be34-fe07d5756880,2025-12-20T20:53:58.887Z,INFO,"Message sent."
b9f4be2e-4232-4ed6-a65a-f1dd726d44e0,2025-12-20T20:53:58.888Z,INFO,"{""ack"":1,""from"":""4915757901339@c.us"",""id"":""true_5513991174080@c.us_3EB0FB9855C2F52B807BE4"",""sendMsgResult"":{""count"":null,""messageSendResult"":""OK"",""t"":1766264038},""to"":""5513991174080@c.us""}"
20dc81a2-493b-460c-a2a8-5d41d21f4334,2025-12-20T20:53:59.821Z,INFO,"New message arrived: "
11e8fe0b-c4f7-44bb-8e1b-f1a6aabdd0f2,2025-12-20T20:53:59.822Z,INFO,"{""content"":""[Control Message]\nConfirmation ACK sent."",""chatId"":""5513991174080@c.us"",""author"":""5513991174080@c.us"",""metadata"":{""kind"":""ACK"",""block"":{""hash"":""ec1d1f4221a37f6f0f7ee9eaf0b2656382740313efe0e96d6b19d77d7bdae609"",""previousHash"":""fb775af5dae17e8534cbd1eeec20bfaffd3e5405c1d72df17652e3a0fafdeefe"",""counter"":48,""commitedMessage"":""c2112646d4d5313958f8ae09b4e5e2239f6331ca7267a06f2b4e38058f6d5a82""},""signature"":""O5R4ezxe+9oopJo0Yn7nUp1vvpTlTKCTdtYBx73rOI0VQ4FvhTHtanWWUU+phACMn9wz+jiDgokCIgROW0zNKA==""},""messageId"":""false_5513991174080@c.us_3EB0A85CD078058A3466C4"",""timestamp"":1766264039}"
25574944-b89b-4e34-b113-dcf8df7f3fe9,2025-12-20T20:54:00.530Z,INFO,"IncomingMessage:"
e9d83af1-a63c-4584-9a2b-08492a17e655,2025-12-20T20:54:00.530Z,INFO,"{""content"":""[Control Message]\nConfirmation ACK sent."",""chatId"":""5513991174080@c.us"",""author"":""5513991174080@c.us"",""metadata"":{""kind"":""ACK"",""block"":{""hash"":""ec1d1f4221a37f6f0f7ee9eaf0b2656382740313efe0e96d6b19d77d7bdae609"",""previousHash"":""fb775af5dae17e8534cbd1eeec20bfaffd3e5405c1d72df17652e3a0fafdeefe"",""counter"":48,""commitedMessage"":""c2112646d4d5313958f8ae09b4e5e2239f6331ca7267a06f2b4e38058f6d5a82""},""signature"":""O5R4ezxe+9oopJo0Yn7nUp1vvpTlTKCTdtYBx73rOI0VQ4FvhTHtanWWUU+phACMn9wz+jiDgokCIgROW0zNKA==""},""messageId"":""false_5513991174080@c.us_3EB0A85CD078058A3466C4"",""timestamp"":1766264039}"
065472c1-b78c-4ac0-aed4-5a0187521a2f,2025-12-20T20:54:00.536Z,INFO,"Checking signature in ack."
69ef7bc5-2cad-410e-9ea6-43c3955139ae,2025-12-20T20:54:00.537Z,INFO,"Verifying signature."
a11c8540-4dbc-43c6-b415-91e80fb9adf6,2025-12-20T20:54:00.538Z,INFO,"Finished verifying"
33cd0725-a93b-4bbe-9383-b5a2ca9ede9d,2025-12-20T20:54:08.138Z,INFO,"Message generated. Started calculating metadata."
05f5f738-9411-41ea-9e7a-a8bf44b4387b,2025-12-20T20:54:08.145Z,INFO,"Initiated hashing."
290ec691-2128-4a07-a1ab-5be7d409500f,2025-12-20T20:54:08.146Z,INFO,"Finished hashing."
d5c814f6-d733-4173-9027-ae4891132352,2025-12-20T20:54:08.146Z,INFO,"Generating signature."
50aba83d-7b24-4ff3-961a-e43cae334110,2025-12-20T20:54:08.147Z,INFO,"Signature converted to string."
9d343991-48d9-4b22-8741-8f399c4b0a67,2025-12-20T20:54:08.147Z,INFO,"Signature made."
2f3a3529-6830-42aa-8d35-08d7e5bb01f6,2025-12-20T20:54:08.155Z,INFO,"s6TD"
a5aa6ae5-e73d-436f-b8dd-714802289bbe,2025-12-20T20:54:08.155Z,INFO,"Sending message:"
0dd7a43d-985a-461a-8cb6-85640decb68a,2025-12-20T20:54:08.227Z,INFO,"{""content"":""s6TD"",""chatId"":""5513991174080@c.us"",""author"":""4915757901339@c.us"",""metadata"":{""kind"":""AUDITABLE"",""block"":{""hash"":""e0f13ca8cb5581a29ccca82cb04e75e5825ef83063db23e71c7cad6453514c65"",""previousHash"":""ec1d1f4221a37f6f0f7ee9eaf0b2656382740313efe0e96d6b19d77d7bdae609"",""counter"":49,""commitedMessage"":""17165d144e9b929843e020e4274f4356faa110c159c8ae915b4e069a30074a91""},""signature"":""cNgTpJ9/NRxjUiHA9MkjVFhdewSHJr3SjByIWvwdQBb7A6yjUg8GYdnrPkE6wawvE2F0v7nsnCB9wcPyZhwPQQ==""},""messageId"":""true_5513991174080@c.us_3EB04B0ED9F142A32DB096"",""timestamp"":1766264047}"
7272183e-666e-49b8-bc00-596f9626d16d,2025-12-20T20:54:08.227Z,INFO,"New message arrived: "
4064db41-c9cf-4440-8a44-2423f4a5395b,2025-12-20T20:54:08.261Z,INFO,"IncomingMessage:"
e20e8b72-d8e7-476b-a33d-50e8ac6bf8eb,2025-12-20T20:54:08.265Z,INFO,"{""content"":""s6TD"",""chatId"":""5513991174080@c.us"",""author"":""4915757901339@c.us"",""metadata"":{""kind"":""AUDITABLE"",""block"":{""hash"":""e0f13ca8cb5581a29ccca82cb04e75e5825ef83063db23e71c7cad6453514c65"",""previousHash"":""ec1d1f4221a37f6f0f7ee9eaf0b2656382740313efe0e96d6b19d77d7bdae609"",""counter"":49,""commitedMessage"":""17165d144e9b929843e020e4274f4356faa110c159c8ae915b4e069a30074a91""},""signature"":""cNgTpJ9/NRxjUiHA9MkjVFhdewSHJr3SjByIWvwdQBb7A6yjUg8GYdnrPkE6wawvE2F0v7nsnCB9wcPyZhwPQQ==""},""messageId"":""true_5513991174080@c.us_3EB04B0ED9F142A32DB096"",""timestamp"":1766264047}"
34ed4c05-c432-4512-9a14-4adf22b0770e,2025-12-20T20:54:08.933Z,INFO,"Message sent."
5bbddb04-8bc8-46a8-a9e7-31dd712d0d43,2025-12-20T20:54:08.934Z,INFO,"{""ack"":1,""from"":""4915757901339@c.us"",""id"":""true_5513991174080@c.us_3EB04B0ED9F142A32DB096"",""sendMsgResult"":{""count"":null,""messageSendResult"":""OK"",""t"":1766264048},""to"":""5513991174080@c.us""}"
1da9bd37-e9d4-412c-a557-e38a1d2d363a,2025-12-20T20:54:10.076Z,INFO,"New message arrived: "
8aac3bf0-fd3d-4d5c-a339-773eed944d05,2025-12-20T20:54:10.076Z,INFO,"{""content"":""[Control Message]\nConfirmation ACK sent."",""chatId"":""5513991174080@c.us"",""author"":""5513991174080@c.us"",""metadata"":{""kind"":""ACK"",""block"":{""hash"":""e0f13ca8cb5581a29ccca82cb04e75e5825ef83063db23e71c7cad6453514c65"",""previousHash"":""ec1d1f4221a37f6f0f7ee9eaf0b2656382740313efe0e96d6b19d77d7bdae609"",""counter"":49,""commitedMessage"":""17165d144e9b929843e020e4274f4356faa110c159c8ae915b4e069a30074a91""},""signature"":""JvCpSZFwRiWcm6Jwic7HT3y1YxriLAT5GJLMdfhwCzyx4o2xBkr6r9kkc0VL9eFIfviPpE595rNDXEtBncUsCg==""},""messageId"":""false_5513991174080@c.us_3EB08D55EAEA30C462A69E"",""timestamp"":1766264049}"
8c5f46c9-a499-4c73-a22c-57621b8feba1,2025-12-20T20:54:10.736Z,INFO,"IncomingMessage:"
863f5d7a-f69a-4505-9e6e-5a7dfce96b01,2025-12-20T20:54:10.737Z,INFO,"{""content"":""[Control Message]\nConfirmation ACK sent."",""chatId"":""5513991174080@c.us"",""author"":""5513991174080@c.us"",""metadata"":{""kind"":""ACK"",""block"":{""hash"":""e0f13ca8cb5581a29ccca82cb04e75e5825ef83063db23e71c7cad6453514c65"",""previousHash"":""ec1d1f4221a37f6f0f7ee9eaf0b2656382740313efe0e96d6b19d77d7bdae609"",""counter"":49,""commitedMessage"":""17165d144e9b929843e020e4274f4356faa110c159c8ae915b4e069a30074a91""},""signature"":""JvCpSZFwRiWcm6Jwic7HT3y1YxriLAT5GJLMdfhwCzyx4o2xBkr6r9kkc0VL9eFIfviPpE595rNDXEtBncUsCg==""},""messageId"":""false_5513991174080@c.us_3EB08D55EAEA30C462A69E"",""timestamp"":1766264049}"
731b58ed-256c-4e38-b17c-8b331c0b1b9c,2025-12-20T20:54:10.740Z,INFO,"Checking signature in ack."
38130e1d-23d8-4b4a-9fad-9ca668e543f9,2025-12-20T20:54:10.741Z,INFO,"Verifying signature."
2ec669f1-26bb-4e53-902d-87d49ab423c3,2025-12-20T20:54:10.742Z,INFO,"Finished verifying"
9b533d05-0086-4cc0-af6b-efcb34dd9377,2025-12-20T20:54:18.133Z,INFO,"Message generated. Started calculating metadata."
3ae89eec-7916-46bd-bf62-807f81a565d6,2025-12-20T20:54:18.141Z,INFO,"Initiated hashing."
29b7dec2-1195-4b76-93f8-a6b2e8ffe1ee,2025-12-20T20:54:18.142Z,INFO,"Generating signature."
a5e620bf-703b-4a07-b1d7-b809351c58ce,2025-12-20T20:54:18.142Z,INFO,"Finished hashing."
7e0525d7-781f-41b6-872f-7fe89a260bdb,2025-12-20T20:54:18.143Z,INFO,"Signature converted to string."
c071fcde-08eb-44cb-9b7b-c1ef91ebcda9,2025-12-20T20:54:18.143Z,INFO,"Signature made."
ff0c4b86-c68c-4c26-8560-6279dc9be12d,2025-12-20T20:54:18.152Z,INFO,"Sending message:"
b2ac58ef-43ab-464c-a8e4-705298041985,2025-12-20T20:54:18.153Z,INFO,"eLDr"
fb7dc9b0-b4cd-4e59-b07c-d3c5ddf443a9,2025-12-20T20:54:18.193Z,INFO,"New message arrived: "
4de22339-ec18-40f7-9d0f-85ffefaf11d7,2025-12-20T20:54:18.194Z,INFO,"{""content"":""eLDr"",""chatId"":""5513991174080@c.us"",""author"":""4915757901339@c.us"",""metadata"":{""kind"":""AUDITABLE"",""block"":{""hash"":""019d4324db2b5884876276a77f4bf215c50a1c2771cd211dd9f080d4cfcb4f9f"",""previousHash"":""e0f13ca8cb5581a29ccca82cb04e75e5825ef83063db23e71c7cad6453514c65"",""counter"":50,""commitedMessage"":""ff3305e82cc9a0d694afcffae28cc22abeae04cb520b8d0adcffbd0e8850884d""},""signature"":""hn3LxyvVuWB4ByKIcdK1p6POVQziOz5TTLVosd8MeYb440a9FCC52w8biyX+FKqD7cPo6lbOnyNWUrZYAd5UGA==""},""messageId"":""true_5513991174080@c.us_3EB0ECB013515230D5ED91"",""timestamp"":1766264057}"
23fa2a10-5156-46a7-a7dc-673565939ec3,2025-12-20T20:54:18.211Z,INFO,"IncomingMessage:"
3ebb804c-2bfe-4a14-8d3b-92d76f91cd76,2025-12-20T20:54:18.211Z,INFO,"{""content"":""eLDr"",""chatId"":""5513991174080@c.us"",""author"":""4915757901339@c.us"",""metadata"":{""kind"":""AUDITABLE"",""block"":{""hash"":""019d4324db2b5884876276a77f4bf215c50a1c2771cd211dd9f080d4cfcb4f9f"",""previousHash"":""e0f13ca8cb5581a29ccca82cb04e75e5825ef83063db23e71c7cad6453514c65"",""counter"":50,""commitedMessage"":""ff3305e82cc9a0d694afcffae28cc22abeae04cb520b8d0adcffbd0e8850884d""},""signature"":""hn3LxyvVuWB4ByKIcdK1p6POVQziOz5TTLVosd8MeYb440a9FCC52w8biyX+FKqD7cPo6lbOnyNWUrZYAd5UGA==""},""messageId"":""true_5513991174080@c.us_3EB0ECB013515230D5ED91"",""timestamp"":1766264057}"
aefc547d-cdfb-47fe-9e60-cf7ec5adbcfb,2025-12-20T20:54:18.851Z,INFO,"Message sent."
3fa4b7b2-2524-46f1-8f1c-aa146c78a6e3,2025-12-20T20:54:18.852Z,INFO,"{""ack"":1,""from"":""4915757901339@c.us"",""id"":""true_5513991174080@c.us_3EB0ECB013515230D5ED91"",""sendMsgResult"":{""count"":null,""messageSendResult"":""OK"",""t"":1766264058},""to"":""5513991174080@c.us""}"
02ebec4e-17ec-44b5-804c-adceeb5e0117,2025-12-20T20:54:19.718Z,INFO,"{""content"":""[Control Message]\nConfirmation ACK sent."",""chatId"":""5513991174080@c.us"",""author"":""5513991174080@c.us"",""metadata"":{""kind"":""ACK"",""block"":{""hash"":""019d4324db2b5884876276a77f4bf215c50a1c2771cd211dd9f080d4cfcb4f9f"",""previousHash"":""e0f13ca8cb5581a29ccca82cb04e75e5825ef83063db23e71c7cad6453514c65"",""counter"":50,""commitedMessage"":""ff3305e82cc9a0d694afcffae28cc22abeae04cb520b8d0adcffbd0e8850884d""},""signature"":""D+RXwYTEhvoVlOlk7iPSHDJx76rG1sEfuBB6dCbyQcQNFydTTydNTY3V7/ttNXoGdDjGzKkjKAwVAeFezJJMqw==""},""messageId"":""false_5513991174080@c.us_3EB08A03F784FAA5B57D33"",""timestamp"":1766264059}"
45b0d762-b86d-4026-91a2-9dd91b2404d4,2025-12-20T20:54:19.718Z,INFO,"New message arrived: "
2de21e4a-b566-4188-94b1-d30f7c94ddff,2025-12-20T20:54:20.401Z,INFO,"IncomingMessage:"
ce72468e-692e-4013-9e2f-de125bb37ba7,2025-12-20T20:54:20.402Z,INFO,"{""content"":""[Control Message]\nConfirmation ACK sent."",""chatId"":""5513991174080@c.us"",""author"":""5513991174080@c.us"",""metadata"":{""kind"":""ACK"",""block"":{""hash"":""019d4324db2b5884876276a77f4bf215c50a1c2771cd211dd9f080d4cfcb4f9f"",""previousHash"":""e0f13ca8cb5581a29ccca82cb04e75e5825ef83063db23e71c7cad6453514c65"",""counter"":50,""commitedMessage"":""ff3305e82cc9a0d694afcffae28cc22abeae04cb520b8d0adcffbd0e8850884d""},""signature"":""D+RXwYTEhvoVlOlk7iPSHDJx76rG1sEfuBB6dCbyQcQNFydTTydNTY3V7/ttNXoGdDjGzKkjKAwVAeFezJJMqw==""},""messageId"":""false_5513991174080@c.us_3EB08A03F784FAA5B57D33"",""timestamp"":1766264059}"
5ea42191-8681-41eb-a831-9b0d80faf0ec,2025-12-20T20:54:20.406Z,INFO,"Checking signature in ack."
40833e34-e96f-4abf-9d7e-17c5f59c1192,2025-12-20T20:54:20.409Z,INFO,"Verifying signature."
28a8d188-271e-43f0-aa55-8c1eec757578,2025-12-20T20:54:20.410Z,INFO,"Finished verifying"
de0983b3-1b53-4d42-917f-5e73ac657979,2025-12-20T20:54:28.133Z,INFO,"Message generated. Started calculating metadata."
2625d476-6c06-45ec-8d7e-c2f6fa7df4a2,2025-12-20T20:54:28.142Z,INFO,"Initiated hashing."
db28237b-15ce-4ceb-970b-65f3eccb2395,2025-12-20T20:54:28.143Z,INFO,"Finished hashing."
6af667ac-034b-4629-9033-7752624c0c7f,2025-12-20T20:54:28.144Z,INFO,"Generating signature."
aca5a889-aa97-4ac8-8af8-589196c39411,2025-12-20T20:54:28.145Z,INFO,"Signature made."
b793b6ce-5e86-4f46-a5e6-9d8e4f7d1dcc,2025-12-20T20:54:28.145Z,INFO,"Signature converted to string."
858b782d-39ec-4495-bbca-ed86eacacbc7,2025-12-20T20:54:28.152Z,INFO,"Sending message:"
9253804d-908a-4a26-ad65-1c924008e5de,2025-12-20T20:54:28.153Z,INFO,"wxmh"
05e32b15-960c-4eeb-8c36-ef2eaef63e49,2025-12-20T20:54:28.202Z,INFO,"New message arrived: "
d36a830e-9e81-4cd0-a700-ccc62e8c2f9a,2025-12-20T20:54:28.202Z,INFO,"{""content"":""wxmh"",""chatId"":""5513991174080@c.us"",""author"":""4915757901339@c.us"",""metadata"":{""kind"":""AUDITABLE"",""block"":{""hash"":""dd759ffae1987f86528bc9408871d9603b6e6932b16d5a2e9180051d81af2e23"",""previousHash"":""019d4324db2b5884876276a77f4bf215c50a1c2771cd211dd9f080d4cfcb4f9f"",""counter"":51,""commitedMessage"":""3c7232df97ae16997ec0e653bc4cd5ae14725c0bfbf20355d8fea231fbc3ab51""},""signature"":""RMQ6t9/50IWZuk3isNGtsRolUuO4YlSb+VgB+2RtvdNFrw0/TiezgSBWCZtVlIgTM9CvYcEfZRIxC0nifad2jQ==""},""messageId"":""true_5513991174080@c.us_3EB02BA2723C4EEAC246EA"",""timestamp"":1766264067}"
09eeed2c-46e9-4afe-9fa7-0f5da39fd5a0,2025-12-20T20:54:28.266Z,INFO,"IncomingMessage:"
277d8211-d822-48bf-8ece-19365d088a65,2025-12-20T20:54:28.267Z,INFO,"{""content"":""wxmh"",""chatId"":""5513991174080@c.us"",""author"":""4915757901339@c.us"",""metadata"":{""kind"":""AUDITABLE"",""block"":{""hash"":""dd759ffae1987f86528bc9408871d9603b6e6932b16d5a2e9180051d81af2e23"",""previousHash"":""019d4324db2b5884876276a77f4bf215c50a1c2771cd211dd9f080d4cfcb4f9f"",""counter"":51,""commitedMessage"":""3c7232df97ae16997ec0e653bc4cd5ae14725c0bfbf20355d8fea231fbc3ab51""},""signature"":""RMQ6t9/50IWZuk3isNGtsRolUuO4YlSb+VgB+2RtvdNFrw0/TiezgSBWCZtVlIgTM9CvYcEfZRIxC0nifad2jQ==""},""messageId"":""true_5513991174080@c.us_3EB02BA2723C4EEAC246EA"",""timestamp"":1766264067}"
4037e526-f7c3-4249-845f-5c8309200611,2025-12-20T20:54:28.913Z,INFO,"Message sent."
b1c35d0d-759a-4268-b6c7-32d54eb60a3e,2025-12-20T20:54:28.913Z,INFO,"{""ack"":1,""from"":""4915757901339@c.us"",""id"":""true_5513991174080@c.us_3EB02BA2723C4EEAC246EA"",""sendMsgResult"":{""count"":null,""messageSendResult"":""OK"",""t"":1766264068},""to"":""5513991174080@c.us""}"
b74bdc1c-f06e-4601-8f29-983994a13fd1,2025-12-20T20:54:29.775Z,INFO,"New message arrived: "
f355fcb1-4dc6-4716-90ea-00d59385e2ba,2025-12-20T20:54:29.775Z,INFO,"{""content"":""[Control Message]\nConfirmation ACK sent."",""chatId"":""5513991174080@c.us"",""author"":""5513991174080@c.us"",""metadata"":{""kind"":""ACK"",""block"":{""hash"":""dd759ffae1987f86528bc9408871d9603b6e6932b16d5a2e9180051d81af2e23"",""previousHash"":""019d4324db2b5884876276a77f4bf215c50a1c2771cd211dd9f080d4cfcb4f9f"",""counter"":51,""commitedMessage"":""3c7232df97ae16997ec0e653bc4cd5ae14725c0bfbf20355d8fea231fbc3ab51""},""signature"":""a34m66GxqNAyGoA5XaSysYuONKsEXa/bTjpa0MRqoRlp+iugW803bougshfWfbbVitqGLujvDY2zsKOVk3UZUA==""},""messageId"":""false_5513991174080@c.us_3EB0A8D60F2D179505AB20"",""timestamp"":1766264069}"
495fc684-079b-45cc-88e9-b8af30444ce9,2025-12-20T20:54:30.442Z,INFO,"IncomingMessage:"
d7b2e3e8-8b05-4b44-aa48-ad799ca54a24,2025-12-20T20:54:30.442Z,INFO,"{""content"":""[Control Message]\nConfirmation ACK sent."",""chatId"":""5513991174080@c.us"",""author"":""5513991174080@c.us"",""metadata"":{""kind"":""ACK"",""block"":{""hash"":""dd759ffae1987f86528bc9408871d9603b6e6932b16d5a2e9180051d81af2e23"",""previousHash"":""019d4324db2b5884876276a77f4bf215c50a1c2771cd211dd9f080d4cfcb4f9f"",""counter"":51,""commitedMessage"":""3c7232df97ae16997ec0e653bc4cd5ae14725c0bfbf20355d8fea231fbc3ab51""},""signature"":""a34m66GxqNAyGoA5XaSysYuONKsEXa/bTjpa0MRqoRlp+iugW803bougshfWfbbVitqGLujvDY2zsKOVk3UZUA==""},""messageId"":""false_5513991174080@c.us_3EB0A8D60F2D179505AB20"",""timestamp"":1766264069}"
580ca3b3-a2d5-46ba-9947-12c8d3508d21,2025-12-20T20:54:30.446Z,INFO,"Checking signature in ack."
da9956a9-3fd6-4a47-a7f4-b6768a222777,2025-12-20T20:54:30.448Z,INFO,"Verifying signature."
52b67a21-3531-42da-a876-77e870085ff9,2025-12-20T20:54:30.449Z,INFO,"Finished verifying"
89844cb0-b919-4a66-801e-adffc0c506bb,2025-12-20T20:54:38.136Z,INFO,"Message generated. Started calculating metadata."
47b28622-f886-4f1e-afc9-5fc95109dce0,2025-12-20T20:54:38.147Z,INFO,"Initiated hashing."
7373d5b1-a545-4671-b9d3-e3b013ab1d58,2025-12-20T20:54:38.148Z,INFO,"Finished hashing."
5b1e6111-8f6e-42d8-b22f-2c84c06b1a97,2025-12-20T20:54:38.149Z,INFO,"Generating signature."
2a051ba2-fb0e-4197-bebd-b586dd263a80,2025-12-20T20:54:38.151Z,INFO,"Signature converted to string."
3bc2b709-2648-41ca-a22f-d8186134a8d1,2025-12-20T20:54:38.151Z,INFO,"Signature made."
794cfa2e-e11d-44ab-8854-a4556a086858,2025-12-20T20:54:38.158Z,INFO,"Sending message:"
224c877a-a68c-45c0-b9b5-cb904f94697a,2025-12-20T20:54:38.159Z,INFO,"769q"
2fbdc889-b4b2-4198-ac17-49032f058f78,2025-12-20T20:54:38.195Z,INFO,"New message arrived: "
7997556c-5ddb-4c2c-9b51-6451f73b94fe,2025-12-20T20:54:38.195Z,INFO,"{""content"":""769q"",""chatId"":""5513991174080@c.us"",""author"":""4915757901339@c.us"",""metadata"":{""kind"":""AUDITABLE"",""block"":{""hash"":""35b106a1d303306bdaa3ba4ee82dc3af78d0ab6bfebfb84d3edc690025d07885"",""previousHash"":""dd759ffae1987f86528bc9408871d9603b6e6932b16d5a2e9180051d81af2e23"",""counter"":52,""commitedMessage"":""4b2f3ae4297783f5b1f6822094fb00df74dea2240fdd305802af0bd2f775212d""},""signature"":""wbAsCdijtUJlMPJN7cqVq9CK/V3ybnDLMsjdHQ8wAbTEoVis/6GHhXpVPYapAjNoh3hE4Zt2BkFqU4yBwC9GWA==""},""messageId"":""true_5513991174080@c.us_3EB0B09C71BC8ABD9E8499"",""timestamp"":1766264077}"
1f354b32-afe5-4315-9dba-b08be05a0d79,2025-12-20T20:54:38.212Z,INFO,"IncomingMessage:"
3f29b73a-ce4a-4dee-8df4-8a7ba185aae2,2025-12-20T20:54:38.213Z,INFO,"{""content"":""769q"",""chatId"":""5513991174080@c.us"",""author"":""4915757901339@c.us"",""metadata"":{""kind"":""AUDITABLE"",""block"":{""hash"":""35b106a1d303306bdaa3ba4ee82dc3af78d0ab6bfebfb84d3edc690025d07885"",""previousHash"":""dd759ffae1987f86528bc9408871d9603b6e6932b16d5a2e9180051d81af2e23"",""counter"":52,""commitedMessage"":""4b2f3ae4297783f5b1f6822094fb00df74dea2240fdd305802af0bd2f775212d""},""signature"":""wbAsCdijtUJlMPJN7cqVq9CK/V3ybnDLMsjdHQ8wAbTEoVis/6GHhXpVPYapAjNoh3hE4Zt2BkFqU4yBwC9GWA==""},""messageId"":""true_5513991174080@c.us_3EB0B09C71BC8ABD9E8499"",""timestamp"":1766264077}"
d7c92597-6827-4e96-bdc0-9e5d670f592b,2025-12-20T20:54:38.888Z,INFO,"Message sent."
24d811c2-4675-48db-a368-ccdd556826d9,2025-12-20T20:54:38.889Z,INFO,"{""ack"":1,""from"":""4915757901339@c.us"",""id"":""true_5513991174080@c.us_3EB0B09C71BC8ABD9E8499"",""sendMsgResult"":{""count"":null,""messageSendResult"":""OK"",""t"":1766264078},""to"":""5513991174080@c.us""}"
a9547268-8abb-48a7-a546-f068d3087e7d,2025-12-20T20:54:39.902Z,INFO,"New message arrived: "
556c0a44-a5fd-49ce-b337-50921f915c78,2025-12-20T20:54:39.903Z,INFO,"{""content"":""[Control Message]\nConfirmation ACK sent."",""chatId"":""5513991174080@c.us"",""author"":""5513991174080@c.us"",""metadata"":{""kind"":""ACK"",""block"":{""hash"":""35b106a1d303306bdaa3ba4ee82dc3af78d0ab6bfebfb84d3edc690025d07885"",""previousHash"":""dd759ffae1987f86528bc9408871d9603b6e6932b16d5a2e9180051d81af2e23"",""counter"":52,""commitedMessage"":""4b2f3ae4297783f5b1f6822094fb00df74dea2240fdd305802af0bd2f775212d""},""signature"":""RdVCmZengHloxYJCZZWtmdskWV6G5tXhZzediT6zMtHons1+SRr0gompZy/13RQirfPqXu0Kqt/2BUfoRPkeSw==""},""messageId"":""false_5513991174080@c.us_3EB0B9B57267081AE8AC35"",""timestamp"":1766264079}"
3d883354-a30f-4465-9f95-ff346aa65a45,2025-12-20T20:54:40.640Z,INFO,"IncomingMessage:"
42c09498-e5d3-4fc4-b9f6-5c51e40b8f24,2025-12-20T20:54:40.641Z,INFO,"{""content"":""[Control Message]\nConfirmation ACK sent."",""chatId"":""5513991174080@c.us"",""author"":""5513991174080@c.us"",""metadata"":{""kind"":""ACK"",""block"":{""hash"":""35b106a1d303306bdaa3ba4ee82dc3af78d0ab6bfebfb84d3edc690025d07885"",""previousHash"":""dd759ffae1987f86528bc9408871d9603b6e6932b16d5a2e9180051d81af2e23"",""counter"":52,""commitedMessage"":""4b2f3ae4297783f5b1f6822094fb00df74dea2240fdd305802af0bd2f775212d""},""signature"":""RdVCmZengHloxYJCZZWtmdskWV6G5tXhZzediT6zMtHons1+SRr0gompZy/13RQirfPqXu0Kqt/2BUfoRPkeSw==""},""messageId"":""false_5513991174080@c.us_3EB0B9B57267081AE8AC35"",""timestamp"":1766264079}"
8e9db63f-7041-4f18-9a1a-8bd66d1c7b2a,2025-12-20T20:54:40.645Z,INFO,"Checking signature in ack."
8eaf2ac6-c5b9-41b5-acc9-614eb621b258,2025-12-20T20:54:40.647Z,INFO,"Verifying signature."
d84d513f-613b-40da-a8c4-11d7eaa353e7,2025-12-20T20:54:40.647Z,INFO,"Finished verifying"
094ad965-361f-480b-99e2-58e8e204d323,2025-12-20T20:54:48.137Z,INFO,"Message generated. Started calculating metadata."
84a612e4-45a1-4170-914b-5b3563c5ffd7,2025-12-20T20:54:48.144Z,INFO,"Initiated hashing."
86aef181-7b42-416b-964c-0b9ba8f949f5,2025-12-20T20:54:48.146Z,INFO,"Finished hashing."
8b871837-4103-42b6-972b-ac16f3b8c622,2025-12-20T20:54:48.147Z,INFO,"Generating signature."
237028f7-7b02-441e-b872-bed6e679f23e,2025-12-20T20:54:48.148Z,INFO,"Signature made."
0ea401c2-d67e-486c-808d-e167e7e7bedb,2025-12-20T20:54:48.149Z,INFO,"Signature converted to string."
fe28eeb4-1082-4066-b5ae-aac48ea07355,2025-12-20T20:54:48.156Z,INFO,"Sending message:"
cde46be2-dd6f-491c-ae1f-3e7c7dbca83e,2025-12-20T20:54:48.157Z,INFO,"bRWd"
10d5a75c-5583-4c07-949d-470f0cd87f30,2025-12-20T20:54:48.201Z,INFO,"{""content"":""bRWd"",""chatId"":""5513991174080@c.us"",""author"":""4915757901339@c.us"",""metadata"":{""kind"":""AUDITABLE"",""block"":{""hash"":""fb79746bd739c28f3bd22966915eb2cc9f0d345b65e46818387f395f0e336a86"",""previousHash"":""35b106a1d303306bdaa3ba4ee82dc3af78d0ab6bfebfb84d3edc690025d07885"",""counter"":53,""commitedMessage"":""5c5a3cc385140edc11e41cac29cf821c91e5dca77aaf5914bfcff1de776d1451""},""signature"":""g+Lz9+pNnqwVkeU5/IGPgeiR2S7x3No8NptcD8abglso6cho0IRE3suqLekArsggDA4/6nlSBHSxfTzfwpkx/g==""},""messageId"":""true_5513991174080@c.us_3EB0E1F90AE312007D18A1"",""timestamp"":1766264087}"
dbffd0ac-772b-4880-8d9c-6e2e687abc1f,2025-12-20T20:54:48.201Z,INFO,"New message arrived: "
f4389e8b-1d29-49dd-88f8-a2fa4066967e,2025-12-20T20:54:48.246Z,INFO,"IncomingMessage:"
8f1fbf5a-ea79-4653-a62f-61bb130ff88b,2025-12-20T20:54:48.247Z,INFO,"{""content"":""bRWd"",""chatId"":""5513991174080@c.us"",""author"":""4915757901339@c.us"",""metadata"":{""kind"":""AUDITABLE"",""block"":{""hash"":""fb79746bd739c28f3bd22966915eb2cc9f0d345b65e46818387f395f0e336a86"",""previousHash"":""35b106a1d303306bdaa3ba4ee82dc3af78d0ab6bfebfb84d3edc690025d07885"",""counter"":53,""commitedMessage"":""5c5a3cc385140edc11e41cac29cf821c91e5dca77aaf5914bfcff1de776d1451""},""signature"":""g+Lz9+pNnqwVkeU5/IGPgeiR2S7x3No8NptcD8abglso6cho0IRE3suqLekArsggDA4/6nlSBHSxfTzfwpkx/g==""},""messageId"":""true_5513991174080@c.us_3EB0E1F90AE312007D18A1"",""timestamp"":1766264087}"
9b0f41a9-4124-4a62-9918-ee77b299bdd8,2025-12-20T20:54:48.928Z,INFO,"Message sent."
7e799f68-be4f-4488-8b5f-ab6a0b7b8d07,2025-12-20T20:54:48.929Z,INFO,"{""ack"":1,""from"":""4915757901339@c.us"",""id"":""true_5513991174080@c.us_3EB0E1F90AE312007D18A1"",""sendMsgResult"":{""count"":null,""messageSendResult"":""OK"",""t"":1766264088},""to"":""5513991174080@c.us""}"
18c488be-8c77-4739-ab67-648e32cceb11,2025-12-20T20:54:49.769Z,INFO,"New message arrived: "
ef40425a-bc24-4171-a811-a1efd6cec7d4,2025-12-20T20:54:49.769Z,INFO,"{""content"":""[Control Message]\nConfirmation ACK sent."",""chatId"":""5513991174080@c.us"",""author"":""5513991174080@c.us"",""metadata"":{""kind"":""ACK"",""block"":{""hash"":""fb79746bd739c28f3bd22966915eb2cc9f0d345b65e46818387f395f0e336a86"",""previousHash"":""35b106a1d303306bdaa3ba4ee82dc3af78d0ab6bfebfb84d3edc690025d07885"",""counter"":53,""commitedMessage"":""5c5a3cc385140edc11e41cac29cf821c91e5dca77aaf5914bfcff1de776d1451""},""signature"":""z2znj6yhb1Qbv5z76akSxWtU4OHcImVNHjYBeEDvzcy1ZCgedt9pEotCaZgRUxz15kKNBZdyBhEweqRYtxBMnw==""},""messageId"":""false_5513991174080@c.us_3EB0898BD0CB7C5305FE38"",""timestamp"":1766264089}"
9b10d483-1ff6-44e4-b8e3-c56a2e8405f6,2025-12-20T20:54:50.447Z,INFO,"IncomingMessage:"
6b36d144-f494-4cb8-8319-4fc878528a95,2025-12-20T20:54:50.448Z,INFO,"{""content"":""[Control Message]\nConfirmation ACK sent."",""chatId"":""5513991174080@c.us"",""author"":""5513991174080@c.us"",""metadata"":{""kind"":""ACK"",""block"":{""hash"":""fb79746bd739c28f3bd22966915eb2cc9f0d345b65e46818387f395f0e336a86"",""previousHash"":""35b106a1d303306bdaa3ba4ee82dc3af78d0ab6bfebfb84d3edc690025d07885"",""counter"":53,""commitedMessage"":""5c5a3cc385140edc11e41cac29cf821c91e5dca77aaf5914bfcff1de776d1451""},""signature"":""z2znj6yhb1Qbv5z76akSxWtU4OHcImVNHjYBeEDvzcy1ZCgedt9pEotCaZgRUxz15kKNBZdyBhEweqRYtxBMnw==""},""messageId"":""false_5513991174080@c.us_3EB0898BD0CB7C5305FE38"",""timestamp"":1766264089}"
41822a17-6df9-467f-9a3d-1c00c5ac4ad3,2025-12-20T20:54:50.450Z,INFO,"Checking signature in ack."
b3bfe7e8-8df7-4625-86c0-5a995f6711db,2025-12-20T20:54:50.451Z,INFO,"Verifying signature."
c597c16b-accd-4556-8c01-e3a3ab9ef6d8,2025-12-20T20:54:50.452Z,INFO,"Finished verifying"
033219d8-08a5-4132-aca9-acff4918626f,2025-12-20T20:54:58.136Z,INFO,"Message generated. Started calculating metadata."
81a01874-3f62-4d88-89cc-8f95dc45f05e,2025-12-20T20:54:58.145Z,INFO,"Initiated hashing."
9ec8f36d-242c-4ba4-9717-cf86eb4b76a3,2025-12-20T20:54:58.146Z,INFO,"Generating signature."
a4c7bfe8-5881-47e7-b2c6-a1e064b24e5d,2025-12-20T20:54:58.146Z,INFO,"Finished hashing."
22e7f9fc-ca14-43b7-8156-d6fd92a1a4ad,2025-12-20T20:54:58.147Z,INFO,"Signature converted to string."
91411682-9dc3-4f91-a707-e3336a247efe,2025-12-20T20:54:58.147Z,INFO,"Signature made."
19f59483-2394-49c6-9aa1-c193e5fa8148,2025-12-20T20:54:58.155Z,INFO,"Sending message:"
a1e95ac3-34d6-4d2c-8955-d2f03e0edfad,2025-12-20T20:54:58.156Z,INFO,"0Axf"
82e6aeb3-fe84-4995-bb2d-0f9ba8b88e66,2025-12-20T20:54:58.194Z,INFO,"{""content"":""0Axf"",""chatId"":""5513991174080@c.us"",""author"":""4915757901339@c.us"",""metadata"":{""kind"":""AUDITABLE"",""block"":{""hash"":""1410074b5ff039e7bca19e79b9064654ef92e4924f0473a1cb5ec9bf6ca97a09"",""previousHash"":""fb79746bd739c28f3bd22966915eb2cc9f0d345b65e46818387f395f0e336a86"",""counter"":54,""commitedMessage"":""e49cf200caede505b59c8dfd3a5614cbc0a51614046b0df5dc66e0529e9334b4""},""signature"":""uCDOVSSStwPCGiJecVQLxPF6PtiP8Y2SNcQDeJbfZclf3xS79ZOqeh/OBAiUixr34l+f7VEh5NLnTCgEHrXrMw==""},""messageId"":""true_5513991174080@c.us_3EB011BE3C35EC60DE0F72"",""timestamp"":1766264097}"
c9981de2-c36c-4c0d-8b6b-1b7cf49e3daf,2025-12-20T20:54:58.194Z,INFO,"New message arrived: "
094db9f8-0c98-4797-9b39-ab6c92eee6fb,2025-12-20T20:54:58.212Z,INFO,"{""content"":""0Axf"",""chatId"":""5513991174080@c.us"",""author"":""4915757901339@c.us"",""metadata"":{""kind"":""AUDITABLE"",""block"":{""hash"":""1410074b5ff039e7bca19e79b9064654ef92e4924f0473a1cb5ec9bf6ca97a09"",""previousHash"":""fb79746bd739c28f3bd22966915eb2cc9f0d345b65e46818387f395f0e336a86"",""counter"":54,""commitedMessage"":""e49cf200caede505b59c8dfd3a5614cbc0a51614046b0df5dc66e0529e9334b4""},""signature"":""uCDOVSSStwPCGiJecVQLxPF6PtiP8Y2SNcQDeJbfZclf3xS79ZOqeh/OBAiUixr34l+f7VEh5NLnTCgEHrXrMw==""},""messageId"":""true_5513991174080@c.us_3EB011BE3C35EC60DE0F72"",""timestamp"":1766264097}"
49e914c3-09ba-44ef-926d-bff20d346d95,2025-12-20T20:54:58.212Z,INFO,"IncomingMessage:"
2747f59d-0468-45c4-9a7d-f0dde5bc117f,2025-12-20T20:54:58.886Z,INFO,"Message sent."
6cacc67f-2de5-45a0-a304-7ddf5f1e4efa,2025-12-20T20:54:58.887Z,INFO,"{""ack"":1,""from"":""4915757901339@c.us"",""id"":""true_5513991174080@c.us_3EB011BE3C35EC60DE0F72"",""sendMsgResult"":{""count"":null,""messageSendResult"":""OK"",""t"":1766264098},""to"":""5513991174080@c.us""}"
0a9e01ec-a0b0-4975-ac4c-9bd0f5b5c7f1,2025-12-20T20:54:59.944Z,INFO,"{""content"":""[Control Message]\nConfirmation ACK sent."",""chatId"":""5513991174080@c.us"",""author"":""5513991174080@c.us"",""metadata"":{""kind"":""ACK"",""block"":{""hash"":""1410074b5ff039e7bca19e79b9064654ef92e4924f0473a1cb5ec9bf6ca97a09"",""previousHash"":""fb79746bd739c28f3bd22966915eb2cc9f0d345b65e46818387f395f0e336a86"",""counter"":54,""commitedMessage"":""e49cf200caede505b59c8dfd3a5614cbc0a51614046b0df5dc66e0529e9334b4""},""signature"":""/eJaGV9kUq+nvw6lm0VlQcUeI5TOMfR9d/H4Wy9iJSK/EXzFj7H0fq65+QgjV6GJd7lPqcmvIP023Yqp9lV3RQ==""},""messageId"":""false_5513991174080@c.us_3EB08E83A058AAA438759C"",""timestamp"":1766264099}"
5cfc712e-5bc0-4ff0-844e-a5115c976f09,2025-12-20T20:54:59.944Z,INFO,"New message arrived: "
8585c2f6-e3c8-45a5-b4f7-97c7d3232818,2025-12-20T20:55:00.712Z,INFO,"IncomingMessage:"
87669d40-319a-4f88-8100-8f107c136c0c,2025-12-20T20:55:00.713Z,INFO,"{""content"":""[Control Message]\nConfirmation ACK sent."",""chatId"":""5513991174080@c.us"",""author"":""5513991174080@c.us"",""metadata"":{""kind"":""ACK"",""block"":{""hash"":""1410074b5ff039e7bca19e79b9064654ef92e4924f0473a1cb5ec9bf6ca97a09"",""previousHash"":""fb79746bd739c28f3bd22966915eb2cc9f0d345b65e46818387f395f0e336a86"",""counter"":54,""commitedMessage"":""e49cf200caede505b59c8dfd3a5614cbc0a51614046b0df5dc66e0529e9334b4""},""signature"":""/eJaGV9kUq+nvw6lm0VlQcUeI5TOMfR9d/H4Wy9iJSK/EXzFj7H0fq65+QgjV6GJd7lPqcmvIP023Yqp9lV3RQ==""},""messageId"":""false_5513991174080@c.us_3EB08E83A058AAA438759C"",""timestamp"":1766264099}"
9b4ffdd4-02dd-431f-a80d-d2bc286b6839,2025-12-20T20:55:00.718Z,INFO,"Checking signature in ack."
3875b96c-3e0b-4f1a-8a42-c40037ce10c0,2025-12-20T20:55:00.719Z,INFO,"Verifying signature."
ea6035c7-db3a-43f0-a606-452b73a11cf7,2025-12-20T20:55:00.721Z,INFO,"Finished verifying"
008ed9b5-85c6-4875-b0a9-fff872b31e76,2025-12-20T20:55:08.137Z,INFO,"Message generated. Started calculating metadata."
46c79fbe-f8d8-402d-9d4a-e1a34ab2733e,2025-12-20T20:55:08.147Z,INFO,"Initiated hashing."
0ee920b4-e9fe-45d6-9d0e-6a175c373117,2025-12-20T20:55:08.148Z,INFO,"Finished hashing."
6c86b353-e9a4-4566-b481-e31fe8b9ee2b,2025-12-20T20:55:08.149Z,INFO,"Generating signature."
964bdb37-b7ba-400f-9f73-aa570b28fbc8,2025-12-20T20:55:08.150Z,INFO,"Signature made."
e5bba20c-bd93-4d94-ae81-90b9f9e01ead,2025-12-20T20:55:08.151Z,INFO,"Signature converted to string."
778d46ee-26a2-4751-8360-e214f05f743e,2025-12-20T20:55:08.158Z,INFO,"Sending message:"
b6a7e752-df16-4fa8-97f6-10639eb5adc1,2025-12-20T20:55:08.159Z,INFO,"f6TA"
ec308fe9-b633-4779-b606-209c5c6c3095,2025-12-20T20:55:08.199Z,INFO,"New message arrived: "
f101773f-d00c-44a6-bd45-c934529b4465,2025-12-20T20:55:08.199Z,INFO,"{""content"":""f6TA"",""chatId"":""5513991174080@c.us"",""author"":""4915757901339@c.us"",""metadata"":{""kind"":""AUDITABLE"",""block"":{""hash"":""6c1b844556fa7d3136875af182468cecf249558c033e07cb39e50e11f451c4be"",""previousHash"":""1410074b5ff039e7bca19e79b9064654ef92e4924f0473a1cb5ec9bf6ca97a09"",""counter"":55,""commitedMessage"":""486aae17c33088dde6ca88c4887473c653643fcaa412d1db31b6cee240c3ed12""},""signature"":""876sIz4d4dvnFfNys4BaPZAby+JUC4XUvVwrXccv9f1Qn3nOBGKGrAFQ1rEm7dmrQsaah42n5i/Rwwlh/FKgVw==""},""messageId"":""true_5513991174080@c.us_3EB0BD814A88B6FA3C9165"",""timestamp"":1766264107}"
21c60a00-2eab-4fa4-b26c-18306adff650,2025-12-20T20:55:08.221Z,INFO,"IncomingMessage:"
6444c2b2-f3f4-4653-b9c5-fddb689081cd,2025-12-20T20:55:08.222Z,INFO,"{""content"":""f6TA"",""chatId"":""5513991174080@c.us"",""author"":""4915757901339@c.us"",""metadata"":{""kind"":""AUDITABLE"",""block"":{""hash"":""6c1b844556fa7d3136875af182468cecf249558c033e07cb39e50e11f451c4be"",""previousHash"":""1410074b5ff039e7bca19e79b9064654ef92e4924f0473a1cb5ec9bf6ca97a09"",""counter"":55,""commitedMessage"":""486aae17c33088dde6ca88c4887473c653643fcaa412d1db31b6cee240c3ed12""},""signature"":""876sIz4d4dvnFfNys4BaPZAby+JUC4XUvVwrXccv9f1Qn3nOBGKGrAFQ1rEm7dmrQsaah42n5i/Rwwlh/FKgVw==""},""messageId"":""true_5513991174080@c.us_3EB0BD814A88B6FA3C9165"",""timestamp"":1766264107}"
f7866edb-06de-404c-8457-63a364aa2637,2025-12-20T20:55:09.863Z,INFO,"Message sent."
bc509a6e-f2f0-4cf6-a17b-1d1ecd753053,2025-12-20T20:55:09.864Z,INFO,"{""ack"":1,""from"":""4915757901339@c.us"",""id"":""true_5513991174080@c.us_3EB0BD814A88B6FA3C9165"",""sendMsgResult"":{""count"":null,""messageSendResult"":""OK"",""t"":1766264108},""to"":""5513991174080@c.us""}"
a6a0efeb-eecc-4348-b15d-2dffae8ef5b0,2025-12-20T20:55:10.166Z,INFO,"New message arrived: "
5aa26247-bcfe-4272-8980-a0694e94d54d,2025-12-20T20:55:10.167Z,INFO,"{""content"":""[Control Message]\nConfirmation ACK sent."",""chatId"":""5513991174080@c.us"",""author"":""5513991174080@c.us"",""metadata"":{""kind"":""ACK"",""block"":{""hash"":""6c1b844556fa7d3136875af182468cecf249558c033e07cb39e50e11f451c4be"",""previousHash"":""1410074b5ff039e7bca19e79b9064654ef92e4924f0473a1cb5ec9bf6ca97a09"",""counter"":55,""commitedMessage"":""486aae17c33088dde6ca88c4887473c653643fcaa412d1db31b6cee240c3ed12""},""signature"":""Ihbba4AzplBY+M6dwqkjjSIrGLELJUdh7UoCd5I+N2dHT3YjWpN4c7f0jzO5y6H7XMAtgMOUjZ8YVRQ8Cf47JA==""},""messageId"":""false_5513991174080@c.us_3EB057B4F89E61484D73AD"",""timestamp"":1766264109}"
45996baa-80a1-4e2b-992c-31a14787bf34,2025-12-20T20:55:10.890Z,INFO,"IncomingMessage:"
52b81df5-6c4a-44ac-9422-bc59e49bf851,2025-12-20T20:55:10.891Z,INFO,"{""content"":""[Control Message]\nConfirmation ACK sent."",""chatId"":""5513991174080@c.us"",""author"":""5513991174080@c.us"",""metadata"":{""kind"":""ACK"",""block"":{""hash"":""6c1b844556fa7d3136875af182468cecf249558c033e07cb39e50e11f451c4be"",""previousHash"":""1410074b5ff039e7bca19e79b9064654ef92e4924f0473a1cb5ec9bf6ca97a09"",""counter"":55,""commitedMessage"":""486aae17c33088dde6ca88c4887473c653643fcaa412d1db31b6cee240c3ed12""},""signature"":""Ihbba4AzplBY+M6dwqkjjSIrGLELJUdh7UoCd5I+N2dHT3YjWpN4c7f0jzO5y6H7XMAtgMOUjZ8YVRQ8Cf47JA==""},""messageId"":""false_5513991174080@c.us_3EB057B4F89E61484D73AD"",""timestamp"":1766264109}"
9a88024d-5426-4dc3-b4b5-191244068b2e,2025-12-20T20:55:10.895Z,INFO,"Checking signature in ack."
e5aecc3d-7c09-40ed-ad84-50933c91c751,2025-12-20T20:55:10.896Z,INFO,"Verifying signature."
a32b61b0-d12c-4eb2-99a7-2537cd69020b,2025-12-20T20:55:10.897Z,INFO,"Finished verifying"
969b742c-7003-4f7a-adda-330c85531683,2025-12-20T20:55:18.137Z,INFO,"Message generated. Started calculating metadata."
2df4dd9b-3de1-4368-ac98-025c31795d76,2025-12-20T20:55:18.148Z,INFO,"Initiated hashing."
73aeee25-2674-47dd-83d9-56cb0d869fa3,2025-12-20T20:55:18.149Z,INFO,"Generating signature."
d8c8b9ed-2d57-41d8-b7d5-98bf14fb922d,2025-12-20T20:55:18.149Z,INFO,"Finished hashing."
0eca9538-6d78-47e2-b448-36b4c6b0f7a5,2025-12-20T20:55:18.150Z,INFO,"Signature made."
08d090ca-003e-4df7-b9ac-d81034d16953,2025-12-20T20:55:18.151Z,INFO,"Signature converted to string."
69f5ae01-ca23-41bf-881e-cae08240fedf,2025-12-20T20:55:18.163Z,INFO,"IOkH"
bb422c2b-f663-41f2-a8c2-c74bf3e67ccf,2025-12-20T20:55:18.163Z,INFO,"Sending message:"
22193d2f-a841-420c-9edd-03ba9f89949f,2025-12-20T20:55:18.233Z,INFO,"New message arrived: "
21135c11-3c06-4069-a931-4de932711536,2025-12-20T20:55:18.234Z,INFO,"{""content"":""IOkH"",""chatId"":""5513991174080@c.us"",""author"":""4915757901339@c.us"",""metadata"":{""kind"":""AUDITABLE"",""block"":{""hash"":""0b03124a4abf21833cc1877935de47bac47f28e8669451beb3fb3be58db93c45"",""previousHash"":""6c1b844556fa7d3136875af182468cecf249558c033e07cb39e50e11f451c4be"",""counter"":56,""commitedMessage"":""5de2ed09540d510888b5b61edda6031f288ea6f101d7a0ec063f1226842d2cc1""},""signature"":""GWfCw6f8rqRG4XbBOMqs4kJoid+T3n4EGJYikM4v6sceeDawB3V3ODnIicfcg3A3mPrNtQUJ0gNxSgJMS3EOFQ==""},""messageId"":""true_5513991174080@c.us_3EB0F5DCE5E39320B14CDA"",""timestamp"":1766264117}"
e0474063-1afc-4999-aef8-3174ed093c9b,2025-12-20T20:55:18.275Z,INFO,"IncomingMessage:"
42af3815-a312-4457-a33f-958a128a4350,2025-12-20T20:55:18.276Z,INFO,"{""content"":""IOkH"",""chatId"":""5513991174080@c.us"",""author"":""4915757901339@c.us"",""metadata"":{""kind"":""AUDITABLE"",""block"":{""hash"":""0b03124a4abf21833cc1877935de47bac47f28e8669451beb3fb3be58db93c45"",""previousHash"":""6c1b844556fa7d3136875af182468cecf249558c033e07cb39e50e11f451c4be"",""counter"":56,""commitedMessage"":""5de2ed09540d510888b5b61edda6031f288ea6f101d7a0ec063f1226842d2cc1""},""signature"":""GWfCw6f8rqRG4XbBOMqs4kJoid+T3n4EGJYikM4v6sceeDawB3V3ODnIicfcg3A3mPrNtQUJ0gNxSgJMS3EOFQ==""},""messageId"":""true_5513991174080@c.us_3EB0F5DCE5E39320B14CDA"",""timestamp"":1766264117}"
1d9ef843-bb9e-4617-bdae-3f0552ccd3a5,2025-12-20T20:55:18.992Z,INFO,"Message sent."
9a46bfd3-372c-4f46-9cf3-a82daac4b8b5,2025-12-20T20:55:18.992Z,INFO,"{""ack"":1,""from"":""4915757901339@c.us"",""id"":""true_5513991174080@c.us_3EB0F5DCE5E39320B14CDA"",""sendMsgResult"":{""count"":null,""messageSendResult"":""OK"",""t"":1766264118},""to"":""5513991174080@c.us""}"
216b188c-474b-449c-912f-50b282b6cffa,2025-12-20T20:55:20.243Z,INFO,"New message arrived: "
5d1b6488-8963-4cfb-a7bd-2a835c429e2d,2025-12-20T20:55:20.244Z,INFO,"{""content"":""[Control Message]\nConfirmation ACK sent."",""chatId"":""5513991174080@c.us"",""author"":""5513991174080@c.us"",""metadata"":{""kind"":""ACK"",""block"":{""hash"":""0b03124a4abf21833cc1877935de47bac47f28e8669451beb3fb3be58db93c45"",""previousHash"":""6c1b844556fa7d3136875af182468cecf249558c033e07cb39e50e11f451c4be"",""counter"":56,""commitedMessage"":""5de2ed09540d510888b5b61edda6031f288ea6f101d7a0ec063f1226842d2cc1""},""signature"":""cS0OXaIyv2vj1EJvUU568uL9P3y51yez+TfEnv3Ftaaxqk8P3MEfG/OxZkDGMfWuqhLzlBuWVRFcyEueSpClIQ==""},""messageId"":""false_5513991174080@c.us_3EB02C1B6F6838F4BCE442"",""timestamp"":1766264119}"
398e6b7b-8e7d-4042-93ce-0c8467c4e693,2025-12-20T20:55:20.954Z,INFO,"IncomingMessage:"
bb7df421-ef19-44f9-a4be-c1e841ef9755,2025-12-20T20:55:20.955Z,INFO,"{""content"":""[Control Message]\nConfirmation ACK sent."",""chatId"":""5513991174080@c.us"",""author"":""5513991174080@c.us"",""metadata"":{""kind"":""ACK"",""block"":{""hash"":""0b03124a4abf21833cc1877935de47bac47f28e8669451beb3fb3be58db93c45"",""previousHash"":""6c1b844556fa7d3136875af182468cecf249558c033e07cb39e50e11f451c4be"",""counter"":56,""commitedMessage"":""5de2ed09540d510888b5b61edda6031f288ea6f101d7a0ec063f1226842d2cc1""},""signature"":""cS0OXaIyv2vj1EJvUU568uL9P3y51yez+TfEnv3Ftaaxqk8P3MEfG/OxZkDGMfWuqhLzlBuWVRFcyEueSpClIQ==""},""messageId"":""false_5513991174080@c.us_3EB02C1B6F6838F4BCE442"",""timestamp"":1766264119}"
54111f54-4201-411b-a85c-1fdf6391da60,2025-12-20T20:55:20.959Z,INFO,"Checking signature in ack."
f22c920f-b649-44d0-992c-180630d1d38a,2025-12-20T20:55:20.960Z,INFO,"Verifying signature."
25f67283-b86a-461d-8775-096de7907efd,2025-12-20T20:55:20.962Z,INFO,"Finished verifying"
abe82528-5ddd-44f9-abcc-af75f823664c,2025-12-20T20:55:28.139Z,INFO,"Message generated. Started calculating metadata."
60d7afa0-be13-4f02-b9d2-8f62705e78aa,2025-12-20T20:55:28.158Z,INFO,"Initiated hashing."
6546081c-abeb-4f78-994e-5e4cf2e232fc,2025-12-20T20:55:28.159Z,INFO,"Finished hashing."
f1ddf58e-ed91-4841-8515-98272e50416f,2025-12-20T20:55:28.159Z,INFO,"Generating signature."
284405de-79d2-413d-a565-a373f61f8956,2025-12-20T20:55:28.160Z,INFO,"Signature made."
1043b618-ab8e-4a85-a428-5cd3a92e4306,2025-12-20T20:55:28.161Z,INFO,"Signature converted to string."
a65e322a-3e6c-404f-8c1c-25b806de1bba,2025-12-20T20:55:28.173Z,INFO,"Sending message:"
9720bf9e-2dad-43fa-b052-b6c31df9397a,2025-12-20T20:55:28.175Z,INFO,"terq"
7d2e05a4-d22c-44f4-930a-d12d39aaeac4,2025-12-20T20:55:28.438Z,INFO,"New message arrived: "
88062b8e-eab8-474c-844f-8c27aa9d559c,2025-12-20T20:55:28.438Z,INFO,"{""content"":""terq"",""chatId"":""5513991174080@c.us"",""author"":""4915757901339@c.us"",""metadata"":{""kind"":""AUDITABLE"",""block"":{""hash"":""a786be2c4ab35af0a278879b7e896fd03d95cac0cc7f8ee9c1060451d3a33ce8"",""previousHash"":""0b03124a4abf21833cc1877935de47bac47f28e8669451beb3fb3be58db93c45"",""counter"":57,""commitedMessage"":""3f91f5a13c5b70d9c883cdc4a4a656a6ed7078cc3fca2ac9af3351305d926ebe""},""signature"":""bYFjZ+z7ekNwK6hmn4dtF4s0GOjLRvICnXADz+6DLrxbYC8BqstoxqttNJRpFKWCLbPnyjBDFrGUcrvQxz2BQA==""},""messageId"":""true_5513991174080@c.us_3EB0C651B8B06BB22FA61A"",""timestamp"":1766264127}"
128e6ae6-a4d3-4cee-8dde-c0773c577871,2025-12-20T20:55:28.479Z,INFO,"IncomingMessage:"
8e5811da-dee9-4eb9-baf6-f5143c7ef27b,2025-12-20T20:55:28.480Z,INFO,"{""content"":""terq"",""chatId"":""5513991174080@c.us"",""author"":""4915757901339@c.us"",""metadata"":{""kind"":""AUDITABLE"",""block"":{""hash"":""a786be2c4ab35af0a278879b7e896fd03d95cac0cc7f8ee9c1060451d3a33ce8"",""previousHash"":""0b03124a4abf21833cc1877935de47bac47f28e8669451beb3fb3be58db93c45"",""counter"":57,""commitedMessage"":""3f91f5a13c5b70d9c883cdc4a4a656a6ed7078cc3fca2ac9af3351305d926ebe""},""signature"":""bYFjZ+z7ekNwK6hmn4dtF4s0GOjLRvICnXADz+6DLrxbYC8BqstoxqttNJRpFKWCLbPnyjBDFrGUcrvQxz2BQA==""},""messageId"":""true_5513991174080@c.us_3EB0C651B8B06BB22FA61A"",""timestamp"":1766264127}"
0695aa19-2d40-49e4-b1d0-ac5dbd550ee7,2025-12-20T20:55:29.248Z,INFO,"Message sent."
a2a26817-3d28-42ad-9181-d23fbfd20258,2025-12-20T20:55:29.248Z,INFO,"{""ack"":1,""from"":""4915757901339@c.us"",""id"":""true_5513991174080@c.us_3EB0C651B8B06BB22FA61A"",""sendMsgResult"":{""count"":null,""messageSendResult"":""OK"",""t"":1766264129},""to"":""5513991174080@c.us""}"
b95fe95a-8bca-4124-9020-ca02750ec671,2025-12-20T20:55:30.460Z,INFO,"{""content"":""[Control Message]\nConfirmation ACK sent."",""chatId"":""5513991174080@c.us"",""author"":""5513991174080@c.us"",""metadata"":{""kind"":""ACK"",""block"":{""hash"":""a786be2c4ab35af0a278879b7e896fd03d95cac0cc7f8ee9c1060451d3a33ce8"",""previousHash"":""0b03124a4abf21833cc1877935de47bac47f28e8669451beb3fb3be58db93c45"",""counter"":57,""commitedMessage"":""3f91f5a13c5b70d9c883cdc4a4a656a6ed7078cc3fca2ac9af3351305d926ebe""},""signature"":""/sqkz1rkqM3Lhyx6HDluHXcLTyoWEBtC3Pldd8qbre7242AfS8zbnTo9AOXf5b4k1EyggcqHoVFb6pi5Bb1EBg==""},""messageId"":""false_5513991174080@c.us_3EB037B5FECC71F502687E"",""timestamp"":1766264130}"
fa9ec061-3c9f-4819-8457-467887eb3b19,2025-12-20T20:55:30.460Z,INFO,"New message arrived: "
a0a25055-532d-4297-9e81-3102cad7bf9c,2025-12-20T20:55:31.267Z,INFO,"IncomingMessage:"
1cf86c04-9214-4cb1-8d65-118e5c3b4161,2025-12-20T20:55:31.268Z,INFO,"{""content"":""[Control Message]\nConfirmation ACK sent."",""chatId"":""5513991174080@c.us"",""author"":""5513991174080@c.us"",""metadata"":{""kind"":""ACK"",""block"":{""hash"":""a786be2c4ab35af0a278879b7e896fd03d95cac0cc7f8ee9c1060451d3a33ce8"",""previousHash"":""0b03124a4abf21833cc1877935de47bac47f28e8669451beb3fb3be58db93c45"",""counter"":57,""commitedMessage"":""3f91f5a13c5b70d9c883cdc4a4a656a6ed7078cc3fca2ac9af3351305d926ebe""},""signature"":""/sqkz1rkqM3Lhyx6HDluHXcLTyoWEBtC3Pldd8qbre7242AfS8zbnTo9AOXf5b4k1EyggcqHoVFb6pi5Bb1EBg==""},""messageId"":""false_5513991174080@c.us_3EB037B5FECC71F502687E"",""timestamp"":1766264130}"
b915b777-c2ae-43ce-b73f-0dcd54150f8a,2025-12-20T20:55:31.271Z,INFO,"Checking signature in ack."
051c5c0b-4b2b-4e5f-8991-f41aa8060ea4,2025-12-20T20:55:31.272Z,INFO,"Verifying signature."
a4ea6f6a-ea0a-4e00-a152-7c88c73d890d,2025-12-20T20:55:31.273Z,INFO,"Finished verifying"